,log2FC,symbol
1735,6.7139233324999985,DIO3
285,5.59820045625,ANGPT2
3062,5.4457955585,HCRTR2
57452,5.3644956415,GALNT16
5426,5.1278189777500005,POLE
89958,5.1113602684999995,SAPCD2
54478,4.972751013750001,PIMREG
90632,4.921574925,LINC00473
5122,4.6513093990000005,PCSK1
8809,4.496869985999999,IL18R1
794,4.357663736249999,CALB2
641,4.18831401175,BLM
991,4.154557485250001,CDC20
2118,4.153797362,ETV4
6241,4.144899687249998,RRM2
6696,4.089663739500002,SPP1
51514,4.0877051710000005,DTL
5557,4.044822012,PRIM1
1392,4.036863365999999,CRH
10112,4.008851416500001,KIF20A
3161,3.9839163942500004,HMMR
24137,3.94099396,KIF4A
10721,3.92143365925,POLQ
990,3.9093329182499996,CDC6
23397,3.90606943075,NCAPH
1062,3.8857195834999985,CENPE
55388,3.8636295739999995,MCM10
2353,3.82368084675,FOS
10615,3.811835738250001,SPAG5
9134,3.805493833,CCNE2
2305,3.7895980282499995,FOXM1
56992,3.7800337105,KIF15
9787,3.7600568369999996,DLGAP5
51203,3.7501666764999992,NUSAP1
23462,3.7367319527500005,HEY1
118788,3.73192698175,PIK3AP1
113130,3.7206510232499994,CDCA5
983,3.6981393587499998,CDK1
57405,3.6941252962499997,SPC25
7049,3.689438182249999,TGFBR3
55355,3.6885849307499994,HJURP
55247,3.6865522920000005,NEIL3
4001,3.6843768582500003,LMNB1
3290,3.661388177750001,HSD11B1
6783,3.6500147074999996,SULT1E1
51659,3.608679427,GINS2
55789,3.537915970750001,DEPDC1B
4606,3.5376736782500005,MYBPC2
78989,3.51355253825,COLEC11
81610,3.4958391819999983,SACK1D
11004,3.4838733922499996,KIF2C
83540,3.4669391065,NUF2
64151,3.4652052200000005,NCAPG
9582,3.4650340679999996,APOBEC3B
79682,3.4401128924999997,CENPU
11065,3.4379826117500007,UBE2C
9768,3.4364497379999985,PCLAF
54443,3.4324147469999984,ANLN
7153,3.4072092437499997,TOP2A
9156,3.3718337465,EXO1
55635,3.352628824,DEPDC1
150468,3.3518396785,CKAP2L
9133,3.3397763499999993,CCNB2
3833,3.338076089500001,KIFC1
11130,3.331813541999999,ZWINT
332,3.32019261575,BIRC5
64946,3.31975689075,CENPH
55638,3.315909813,SYBU
245806,3.2893474625,VGLL2
55872,3.283160618250001,PBK
22974,3.2815936617499997,TPX2
9928,3.2792739497500003,KIF14
3398,3.2773544984999994,ID2
55086,3.2652530475000003,RADX
4885,3.2651718085,NPTX2
22795,3.2643546640000007,NID2
220042,3.2583716982500004,DDIAS
6790,3.256627987,AURKA
146909,3.2464259270000007,KIF18B
9212,3.2412094747499998,AURKB
7272,3.2290307045000004,TTK
11339,3.2147418114999997,OIP5
55143,3.2118323097500006,CDCA8
701,3.1968887735000013,BUB1B
11113,3.1850355164999997,CIT
671,3.1798617770000006,BPI
4085,3.178597205749999,MAD2L1
4171,3.1745954012500004,MCM2
8317,3.1720115445,CDC7
9055,3.165050296749998,PRC1
6941,3.1599960404999994,TCF19
79019,3.1544829240000007,CENPM
91752,3.1461573230000006,ZNF804A
7043,3.1331099064999997,TGFB3
51512,3.1308566517500003,GTSE1
116028,3.1258424505000004,RMI2
10535,3.1239461990000006,RNASEH2A
84057,3.11458532025,MND1
5427,3.106116322,POLE2
79801,3.0975855787500013,SHCBP1
3977,3.0889478710000002,LIFR
53358,3.08602423375,SHC3
7804,3.077183410749999,LRP8
387103,3.0564529365000004,CENPW
81620,3.0546060607500003,CDT1
57161,3.0491161044999995,PELI2
890,3.0485611255,CCNA2
3759,3.0461125972499996,KCNJ2
3832,3.046085753750001,KIF11
286133,3.0363144127500004,SCARA5
151246,3.0098717187499986,SGO2
5985,3.00432152725,RFC5
8438,2.9958965804999997,RAD54L
55215,2.9909708295,FANCI
9319,2.9883363772500005,TRIP13
79733,2.9788244175000003,E2F8
55117,2.9762147575000006,SLC6A15
94,2.974881122500001,ACVRL1
5359,2.9741111972499983,PLSCR1
81606,2.96489146375,LBH
1033,2.948054645,CDKN3
1058,2.9474332079999996,CENPA
63876,2.9375990869999997,PKNOX2
3070,2.937030136749999,HELLS
83461,2.928592182000001,CDCA3
100506731,2.9249243805,FLRT2-AS1
23594,2.923743914250002,ORC6
29028,2.8958462580000006,ATAD2
1462,2.8899940179999994,VCAN
8318,2.8726782784999987,CDC45
1543,2.869916055499999,CYP1A1
7083,2.8689251667499995,TK1
10635,2.8544692670000016,RAD51AP1
10036,2.84020901275,CHAF1A
23421,2.833669359499999,ITGB3BP
8991,2.8327495687499997,SELENBP1
55165,2.821268462,CEP55
9229,2.816709527,DLGAP1
1063,2.7992510499999996,CENPF
441478,2.79754555475,NRARP
22979,2.795783084,EFR3B
2189,2.7946576032499997,FANCG
2115,2.794021689250001,ETV1
84879,2.7922800050000007,MFSD2A
64105,2.7913097674999996,CENPK
80312,2.7863353504999995,TET1
9754,2.7541049020000004,STARD8
399694,2.75090952775,SHC4
23531,2.737180766,MMD
157313,2.7128378817499996,CDCA2
80731,2.7093998080000006,THSD7B
4176,2.7018051365,MCM7
4174,2.7016785199999998,MCM5
5577,2.698803510000001,PRKAR2B
221150,2.675836275,SKA3
54821,2.6738698017499996,ERCC6L
81848,2.6684396257500005,SPRY4
79888,2.6678484742500013,LPCAT1
93323,2.660727977,HAUS8
79071,2.655946832499999,ELOVL6
5168,2.6508121227499997,ENPP2
54997,2.64254416525,TESC
26271,2.641111327750001,FBXO5
441631,2.6374128412499998,TSPAN11
5422,2.6281587997499996,POLA1
898,2.62789965,CCNE1
2146,2.623182697,EZH2
100996280,2.6217625329999996,LINC00911
121268,2.619334627,RHEBL1
891,2.6166236725000003,CCNB1
121551,2.6132040442500006,ABTB3
56999,2.6115242007499995,ADAMTS9
2119,2.6104518889999984,ETV5
26577,2.6072444975,PCOLCE2
4288,2.60382543325,MKI67
2237,2.586196757749999,FEN1
5780,2.5672647494999996,PTPN9
1002,2.5607598204999995,CDH4
3975,2.5482841160000005,LHX1
9935,2.5427910324999994,MAFB
140462,2.52484445075,ASB9
8544,2.5211738035,PIR
10276,2.5209613499999985,NET1
165055,2.5091332865,CCDC138
220134,2.47962818425,SKA1
4751,2.47926098225,NEK2
113115,2.4766034467499995,MTFR2
143282,2.47648951725,FGFBP3
652,2.473030121,BMP4
1763,2.4720495927499995,DNA2
7443,2.4696053604999992,VRK1
65267,2.462426249000001,WNK3
8735,2.450390456249999,MYH13
3397,2.4493178862500002,ID1
4172,2.4381916647500024,MCM3
79192,2.43111399775,IRX1
79866,2.4197332522500004,BORA
4121,2.417284541250001,MAN1A1
340719,2.3981105007499997,NANOS1
79870,2.392999363,BAALC
4626,2.38666626175,MYH8
10551,2.386384225249999,AGR2
55274,2.3791480624999997,PHF10
29106,2.3779810127500003,SCG3
158376,2.36721229875,SPAAR
63979,2.364664842,FIGNL1
83643,2.362235080999999,CCDC3
25928,2.3481403495000004,SOSTDC1
10403,2.3379529275,NDC80
7306,2.3374954694999994,TYRP1
83879,2.330281180249999,CDCA7
1846,2.329197649500003,DUSP4
259266,2.32840370125,ASPM
55055,2.321974073,ZWILCH
100506649,2.3198457415,PXN-AS1
22995,2.2980212702500005,CEP152
23037,2.296209534499999,PDZD2
5608,2.28835765075,MAP2K6
230,2.2850964462500007,ALDOC
10998,2.2848413897500004,SLC27A5
6515,2.283333871249999,SLC2A3
29893,2.282170691750001,PSMC3IP
79980,2.234714918750001,DSN1
9180,2.232685611250001,OSMR
11151,2.23222995,CORO1A
10460,2.2301911932500005,TACC3
55722,2.2241110349999995,CEP72
84986,2.2135980364999996,ARHGAP19
9837,2.207605128000001,GINS1
2296,2.2055894927500006,FOXC1
144165,2.1991654665,PRICKLE1
7089,2.1975403169999996,TLE2
8613,2.1950520019999997,PLPP3
8309,2.1919280917500004,ACOX2
54892,2.1873195917499997,NCAPG2
7545,2.18606293925,ZIC1
2177,2.1826038824999996,FANCD2
9700,2.181574392,ESPL1
7112,2.177979122,TMPO
8519,2.1777501917500004,IFITM1
256691,2.177221531,MAMDC2
1031,2.1766106927499997,CDKN2C
113263,2.1681834367500006,GLCCI1
63922,2.1657335587499995,CHTF18
10491,2.162930879000001,CRTAP
57291,2.15234659225,DANCR
3148,2.151954482499999,HMGB2
11169,2.1464317005,WDHD1
79075,2.14372503375,DSCC1
55771,2.14185024975,PRR11
672,2.139757868250001,BRCA1
4774,2.1385939405,NFIA
995,2.1383227815000003,CDC25C
401548,2.1329872492499993,SNX30
23767,2.129053117499998,FLRT3
9865,2.1250900990000003,TRIL
4756,2.1229438514999996,NEO1
7425,2.115028124,VGF
388507,2.1113938557500003,ZNF788P
4038,2.1105050922500004,LRP4
10212,2.099338732249999,DDX39A
55732,2.09807971475,FIRRM
55010,2.0960402905000004,PARPBP
79968,2.0899330270000003,WDR76
9824,2.0837220707500004,ARHGAP11A
5723,2.0829756125000003,PSPH
7088,2.0791716620000003,TLE1
84293,2.07470383225,PRXL2A
1909,2.0739696285000004,EDNRA
147381,2.0730340629999997,CBLN2
129293,2.0721001400000003,TRABD2A
6240,2.0710674847499995,RRM1
100506311,2.06765566475,HOTAIRM1
55227,2.0671032160000005,LRRC1
201725,2.0668578387500007,C4orf46
5983,2.059297870499999,RFC3
25891,2.0589212762499995,PAMR1
9882,2.055546863249999,TBC1D4
29941,2.0546412685,PKN3
4605,2.05402177475,MYBL2
6117,2.0471850637500006,RPA1
29127,2.04390543425,RACGAP1
79180,2.0430805647499994,EFHD2
8364,2.041613272500001,H4C3
6405,2.0318708349999994,SEMA3F
55038,2.0283094230000005,CDCA4
699,2.0281942,BUB1
29785,2.02511753625,CYP2S1
161742,2.017442498250002,SPRED1
55353,2.0160040175000002,LAPTM4B
26040,2.0114765870000006,SETBP1
23171,2.010853567499999,GPD1L
139065,2.0104445865000002,SLITRK4
9232,2.006150599749999,PTTG1
27346,2.0020491812499985,TMEM97
9735,1.9988774935000002,KNTC1
147015,1.9952515592499998,DHRS13
5984,1.9922510327499996,RFC4
3326,1.98373971,HSP90AB1
5050,1.9832239077499993,PAFAH1B3
760,1.98028727175,CA2
132720,1.9801598604999988,FAM241A
348801,1.9776929832499999,LNP1
91057,1.9747947257499998,CCDC34
4005,1.9714420597500002,LMO2
55706,1.9708201504999998,NDC1
23025,1.9701037227500002,UNC13A
114805,1.9696282054999994,GALNT13
1164,1.9601696152500008,CKS2
79963,1.9571141892500004,ABCA11P
64943,1.9570342687500002,NT5DC2
4998,1.9544970335,ORC1
9833,1.9494354795,MELK
3087,1.9484950950000002,HHEX
10062,1.9466912662499998,NR1H3
55201,1.9460316192500002,MAP1S
30845,1.9434236950000017,EHD3
994,1.9414360570000007,CDC25B
6491,1.94058167675,STIL
84930,1.9380294504999993,MASTL
80319,1.9371392067500004,CXXC4
9353,1.9338771282499998,SLIT2
79589,1.9266130072499994,RNF128
8208,1.9249089072499999,CHAF1B
22893,1.9218442210000006,BAHD1
481,1.9148403280000004,ATP1B1
1407,1.9122052094999997,CRY1
407975,1.9111459127499995,MIR17HG
1032,1.9086039364999996,CDKN2D
163786,1.9034179797500004,SASS6
51690,1.8908097032499995,LSM7
23090,1.890680337,ZNF423
399473,1.8899267114999994,SPRED3
56339,1.888993245750001,METTL3
123688,1.8879141702500002,HYKK
255758,1.8849991382500004,DYNLT2B
6482,1.8842338605000002,ST3GAL1
29901,1.880030247249998,SAC3D1
79622,1.8795472130000004,SNRNP25
751071,1.8764630152500001,CSKMT
64785,1.8754154130000007,GINS3
64641,1.8703178485,EBF2
10714,1.8692048364999998,POLD3
84913,1.8686996909999998,ATOH8
4173,1.8684733589999993,MCM4
114044,1.8658933265000002,MCM3AP-AS1
83596,1.8617653872499993,BCL2L12
375061,1.8600338812500006,FAM89A
7546,1.8507472702500003,ZIC2
580,1.8499012484999993,BARD1
10082,1.8488146720000005,GPC6
4714,1.8473254982499991,NDUFB8
9585,1.8423870442499997,KIF20B
8864,1.83632891425,PER2
4188,1.8348335377500007,MDFI
151195,1.8345666529999995,CCNYL1
55329,1.8336748427499998,MNS1
7764,1.8323515854999997,ZNF217
79447,1.8319379922500003,PAGR1
23310,1.8288613424999998,NCAPD3
57544,1.8271684154999992,TXNDC16
1841,1.8231371925,DTYMK
7398,1.8189871317499993,USP1
100507303,1.8187444789999994,SNHG19
7490,1.8157249094999997,WT1
79683,1.8094877270000014,ZDHHC14
2719,1.8090864432499996,GPC3
1759,1.8063748187499997,DNM1
11138,1.8037932474999998,TBC1D8
4900,1.8025336539999994,NRGN
9355,1.8008052042499996,LHX2
1786,1.8000003804999984,DNMT1
54510,1.7977412249999993,PCDH18
25937,1.7969767015000002,WWTR1
54557,1.7886682712500006,SGTB
51329,1.7850457674999998,ARL6IP4
5827,1.7839937142499993,PXMP2
60468,1.7835070589999997,BACH2
343099,1.7803969647499995,CCDC18
50628,1.7802138175,GEMIN4
55572,1.7767213672500004,FOXRED1
10733,1.77079721475,PLK4
5156,1.7707148537500004,PDGFRA
1152,1.7645973275000006,CKB
7569,1.7636350629999997,ZNF182
3183,1.7619076104999998,HNRNPC
23642,1.753005751249999,SNHG1
283120,1.75259527575,H19
25886,1.7524847465,POC1A
388552,1.751956591,BLOC1S3
54069,1.7471799455,MIS18A
3554,1.74574336475,IL1R1
80746,1.7454513072499998,TSEN2
25804,1.7450696577500002,LSM4
26147,1.7447934897499993,PHF19
51765,1.7433629754999984,STK26
912,1.7416151195000005,CD1D
4897,1.7392619785,NRCAM
55509,1.7391255177499998,BATF3
51053,1.7330209659999998,GMNN
122769,1.7330136502500002,LRR1
387640,1.7291444677500003,SKIDA1
55266,1.7282897797499999,TMEM19
283871,1.7273656679999991,PGP
23302,1.7267066832500002,WSCD1
24147,1.7236225769999969,FJX1
116039,1.7233715367500002,OSR2
10606,1.7212480044999996,PAICS
85028,1.7206813647499999,SNHG12
80010,1.7187328842499978,RMI1
83641,1.7177333994999984,FAM107B
57621,1.7149983190000002,ZBTB2
55839,1.7149181010000003,CENPN
4678,1.7141180370000013,NASP
5888,1.70257773375,RAD51
10051,1.69152547825,SMC4
126375,1.6895329935000003,ZNF792
90417,1.6888363360000005,KNSTRN
9060,1.6866337725000022,PAPSS2
145508,1.6811454144999995,CEP128
23199,1.6782970765000007,GSE1
51204,1.6729276302499994,TACO1
60481,1.6706502812500013,ELOVL5
8836,1.667491097750002,GGH
29089,1.6651221662500006,UBE2T
4609,1.6595272982499996,MYC
286527,1.655581519,TMSB15B
29108,1.65244265875,PYCARD
9324,1.6493787647500007,HMGN3
57017,1.6474257637499994,COQ9
83990,1.6459343312499994,BRIP1
10788,1.6453970077500006,IQGAP2
91368,1.6452479439999994,XTBD1
84899,1.6438662127499999,TMTC4
2113,1.6414757277499996,ETS1
26052,1.6387164112500003,DNM3
677838,1.6360177355000003,SNORA61
10732,1.6346280229999994,TCFL5
84722,1.6343736795000003,PSRC1
283991,1.6305612997499992,UBALD2
3385,1.6299407752499988,ICAM3
2625,1.6283645619999998,GATA3
51728,1.615833833,POLR3K
57089,1.6151641397499992,ENTPD7
166647,1.614857015250001,ADGRA3
55159,1.6127413412499996,RFWD3
22876,1.6078752932499993,INPP5F
10046,1.6069377222500005,MAMLD1
26255,1.604072392,PTTG3P
5478,1.57943947375,PPIA
8989,1.5786446155,TRPA1
55151,1.5777887617500017,TMEM38B
55137,1.574916266999999,FIGN
282809,1.5741881080000013,POC1B
84959,1.5719095792500006,UBASH3B
4781,1.5711259857499993,NFIB
9510,1.5652950002500017,ADAMTS1
54898,1.563063671000001,ELOVL2
4175,1.5615568837499998,MCM6
5789,1.5604389672499996,PTPRD
642,1.5593091357499995,BLMH
8406,1.5584557227499989,SRPX
7074,1.5571288332499993,TIAM1
23649,1.5569477455000005,POLA2
163227,1.5553782307500006,ZNF100
142,1.5533252892499991,PARP1
1602,1.5480704397499996,DACH1
2239,1.544536055,GPC4
57685,1.5440298054999992,CACHD1
9221,1.5432328317500001,NOLC1
57556,1.5406624059999996,SEMA6A
10947,1.5393924602499993,AP3M2
2956,1.5393856569999986,MSH6
114880,1.5363509764999996,OSBPL6
26301,1.5352986367499994,GBGT1
5175,1.5322324304999997,PECAM1
5424,1.5285065805000002,POLD1
7283,1.5257807137500006,TUBG1
90768,1.5239079954999992,TENM3-AS1
6470,1.5237588549999992,SHMT1
182,1.5232344629999996,JAG1
57820,1.5231878415000022,CCNB1IP1
9493,1.5211440085000003,KIF23
6894,1.5204126985000013,TARBP1
93058,1.5190223637500004,COQ10A
23404,1.5156461937499994,EXOSC2
2990,1.5132714039999993,GUSB
7090,1.5119299607499999,TLE3
5118,1.5109376374999997,PCOLCE
55723,1.5090006727499996,ASF1B
10131,1.5085019907500001,TRAP1
56906,1.5079456955000001,THAP10
10461,1.5065257802500005,MERTK
114908,1.5043865352499974,TMEM123
51444,1.5030520867500012,RNF138
1104,1.5007057160000006,RCC1
55225,1.49930901975,RAVER2
84798,1.4990140902500002,C19orf48P
55632,1.4985680112499997,G2E3
55636,1.4979987495000007,CHD7
399726,1.49639295775,MIR1915HG
55166,1.496336661249999,CENPQ
8092,1.4953745180000002,ALX1
10293,1.4947782397500005,TRAIP
8140,1.4928005662500006,SLC7A5
3149,1.4905123332499999,HMGB3
155066,1.490490995500001,ATP6V0E2
120,1.490429862500001,ADD3
286826,1.4904206994999996,LIN9
153572,1.4807874774999998,IRX2
118460,1.48046729,EXOSC6
118980,1.4773970499999987,SFXN2
148534,1.47681880775,TLCD4
11019,1.4736605075,LIAS
10024,1.4729146780000004,TROAP
10008,1.47101532125,KCNE3
157506,1.4708584344999993,RDH10
90624,1.4695387109999993,LYRM7
4869,1.4682112774999982,NPM1
3621,1.467013057,ING1
79081,1.4654329392500003,LBHD1
10926,1.4649825730000003,DBF4
220965,1.4638576137500001,FAM13C
84250,1.4598549044999993,SLF1
25903,1.4597549679999986,OLFML2B
5198,1.4565376564999992,PFAS
57082,1.4557314482499994,KNL1
22874,1.4529469394999994,PLEKHA6
195828,1.447460810749999,ZNF367
94121,1.447221374999999,SYTL4
54985,1.4465963122500005,HCFC1R1
5111,1.446379235000002,PCNA
494143,1.4422488069999995,CHAC2
157285,1.4421726015000012,PRAG1
84823,1.4421296632500002,LMNB2
6626,1.439333702499999,SNRPA
993,1.43675382275,CDC25A
4957,1.4328914417499998,ODF2
85465,1.4322701102500002,SELENOI
55013,1.4294283462499973,MCUB
11073,1.4294166214999997,TOPBP1
1789,1.4270208725,DNMT3B
653,1.4260015650000009,BMP5
29968,1.4253826479999994,PSAT1
11100,1.4248658600000006,HNRNPUL1
51116,1.4247502822500007,MRPS2
3454,1.4224575855000001,IFNAR1
5961,1.4204858824999995,PRPH2
64858,1.4173438897499993,DCLRE1B
1848,1.4172612094999977,DUSP6
129401,1.4170644699999997,NUP35
4691,1.4168708875,NUCLEOLIN
9945,1.4168679419999997,GFPT2
2737,1.4161632945000004,GLI3
7001,1.4153690754999992,PRDX2
84245,1.4142383585000005,MRI1
9401,1.4125418132499998,RECQL4
6542,1.4108818757500003,SLC7A2
93081,1.4073090595000002,TEX30
26207,1.4029237795,PITPNC1
22976,1.4010398472500007,PAXIP1
1122,1.3998542522499982,CHML
80119,1.3965998745000001,PIF1
154796,1.3954401692499996,AMOT
3835,1.3913680477500003,KIF22
3014,1.3911279317500007,H2AX
23347,1.3873020010000001,SMCHD1
54962,1.3856723872499987,TIPIN
57224,1.3848242495000003,NHSL1
10250,1.3811019827499988,SRRM1
201161,1.3810116157500003,CENPV
1948,1.380722154999999,EFNB2
23266,1.3790678342500016,ADGRL2
3978,1.3788761167499999,LIG1
6310,1.3755967752499991,ATXN1
641977,1.3737533645000006,SEPTIN7P2
9329,1.37187492375,GTF3C4
100128191,1.3710012107499998,TMPO-AS1
51545,1.3686573647499998,ZNF581
55972,1.3685334557500006,SLC25A40
254863,1.3667396607500013,TMEM256
25878,1.3667196687499992,MXRA5
10592,1.366562105499999,SMC2
25840,1.3650784802500011,TMT1A
11277,1.36211641525,TREX1
257236,1.3618527315,CFAP184
79694,1.3610611712500003,MANEA
29058,1.3603677404999992,TMEM230
1949,1.3566240337499993,EFNB3
5125,1.3560598857500006,PCSK5
29980,1.3558334064999986,DONSON
80055,1.35292553725,PGAP1
10383,1.3508530924999995,TUBB4B
28951,1.3501333654999996,TRIB2
400550,1.3500635375000005,FENDRR
375444,1.34904475075,C5orf34
5982,1.3489050245000023,RFC2
60489,1.34790083725,APOBEC3G
54930,1.3475047867499992,HAUS4
8204,1.3466923732500007,NRIP1
8880,1.3460166360000017,FUBP1
57477,1.3437978140000006,SHROOM4
57464,1.3436547545000002,STRIP2
154141,1.34213970375,MBOAT1
23753,1.3414664524999989,SDF2L1
81575,1.3389849065000003,APOLD1
57026,1.3388599894999995,PDXP
9088,1.3376526395,PKMYT1
4927,1.336913624500001,NUP88
100288637,1.336605863,LOC100288637
84296,1.3327908205,GINS4
3292,1.3300302117499996,HSD17B1
3930,1.3280034129999994,LBR
23545,1.3279380625000003,ATP6V0A2
2878,1.3270543507500019,GPX3
100289019,1.3252802347500001,SLC25A25-AS1
10318,1.3244985607500004,TNIP1
1469,1.3228240207499997,CST1
8091,1.3215297167500006,HMGA2
3199,1.3213458029999998,HOXA2
55840,1.3209296562499997,EAF2
57184,1.3199507764999998,FAM219B
5822,1.3181669817499992,PWP2
25845,1.3176797925,SLC9A3-OT1
8555,1.317042239,CDC14B
899,1.3165605382500005,CCNF
7378,1.3162242277500011,UPP1
8420,1.3161089160000006,SNHG3
2308,1.3152648772500006,FOXO1
23157,1.3140531549999999,SEPTIN6
51231,1.3134948955000008,VRK3
2091,1.3133927070000002,FBL
57122,1.3120437579999997,NUP107
84678,1.3108346172500003,KDM2B
3187,1.3101664732499998,HNRNPH1
442075,1.3099591354999998,EMC3-AS1
100128893,1.3080196599999998,GATA6-AS1
196383,1.3068877280000004,RILPL2
56652,1.30658945425,TWNK
10220,1.30618046825,GDF11
2651,1.3058759139999996,GCNT2
6158,1.3044717460000008,RPL28
23306,1.3030180542500007,NEMP1
5532,1.2975564022500006,PPP3CB
149420,1.2970934472500009,PDIK1L
10105,1.2957732942500009,PPIF
5604,1.29379070425,MAP2K1
2294,1.293198540749998,FOXF1
27316,1.2930795862500002,RBMX
57650,1.2922540329999999,CIP2A
29090,1.2885234385000004,TIMM21
9889,1.28718367925,ZBED4
54842,1.2870955609999997,MFSD6
192286,1.28683335725,HIGD2A
5287,1.2814182324999983,PIK3C2B
1400,1.2806238810000004,CRMP1
55345,1.2805204832500006,ZGRF1
100505933,1.2801099169999999,ADD3-AS1
4940,1.2781954750000004,OAS3
23322,1.2770602247499996,RPGRIP1L
4908,1.273379292,NTF3
293,1.273106555,SLC25A6
85464,1.2723491982499997,SSH2
79697,1.2721149010000006,RIOX1
3992,1.2711597702499997,FADS1
1028,1.2709590569999998,CDKN1C
4811,1.2700526395000011,NID1
23118,1.269920642499999,TAB2
7298,1.269774270000001,TYMS
100288152,1.2672847582499998,SLC9A3-AS1
84919,1.2669154782500005,PPP1R15B
55783,1.2659413797499983,CMTR2
9252,1.2651029677499999,RPS6KA5
2919,1.2623875072499997,CXCL1
90332,1.2598406285000006,EXOC3L2
54865,1.2575578522499997,GPATCH4
57465,1.2571366289999997,TBC1D24
9415,1.256581624249999,FADS2
3609,1.2557070190000008,ILF3
100289274,1.2544917294999998,DNAJC3-DT
143686,1.2536930142499996,SESN3
4919,1.2534377580000005,ROR1
7840,1.2531348429999998,ALMS1
57333,1.2525135330000006,RCN3
25959,1.2522474270000004,KANK2
84319,1.250031333999999,CMSS1
9188,1.2498836949999976,DDX21
100506457,1.2495252540000004,MIR3681HG
93594,1.2479459897500007,TBC1D31
7025,1.2474082259999992,NR2F1
51352,1.247295759,WT1-AS
93974,1.2471525010000013,ATP5IF1
92935,1.2456093360000007,MARS2
9759,1.24496259,HDAC4
79750,1.2440275982499998,ZNF385D
81558,1.243931495,FAM117A
133396,1.242200509,IL31RA
79635,1.2394232035000003,CCDC121
23204,1.2381053150000003,ARL6IP1
91775,1.2349798379999992,NXPE3
10797,1.2345461800000006,MTHFD2
84058,1.2341645885000005,WDR54
692227,1.2339822112499998,SNORD104
595,1.2325959452500008,CCND1
124222,1.2324685659999997,PAQR4
2,1.231706842,A2M
29969,1.230835194750001,MDFIC
5447,1.2307399662499998,POR
204,1.2306159957499991,AK2
54801,1.2300054459999998,HAUS6
51537,1.2297285102500002,MTFP1
116832,1.2287946489999997,RPL39L
54820,1.2268019769999992,NDE1
25816,1.2251570215000012,TNFAIP8
55646,1.2244425014999996,LYAR
27229,1.2241364580000003,TUBGCP4
389432,1.2238361252499992,SAMD5
54780,1.2237885362500016,NSMCE4A
147991,1.222891314,DPY19L3
55326,1.2227833427499988,AGPAT5
2176,1.2187869025000007,FANCC
2731,1.21307994925,GLDC
3015,1.2126262874999973,H2AZ1
359948,1.2117364792499998,IRF2BP2
2717,1.2110014942500005,GLA
79053,1.2109279617500004,ALG8
3182,1.2106179674999993,HNRNPAB
908,1.2082502599999998,CCT6A
10194,1.2080864480000004,TSHZ1
1155,1.2073967260000007,TBCB
1894,1.2070935504999998,ECT2
26112,1.2061520630000002,CCDC69
2491,1.2049994799999997,CENPI
159090,1.2046771087499994,PABIR2
200916,1.2025453350000017,RPL22L1
4670,1.2022652649999994,HNRNPM
29925,1.19563928125,GMPPB
80032,1.1954548739999993,ZNF556
79611,1.19524924025,ACSS3
79957,1.1948717212500002,PAQR6
23024,1.1939560610000006,PDZRN3
5912,1.1917851165000002,RAP2B
10243,1.1915898275000005,GPHN
153339,1.1901064077499992,TMEM167A
57689,1.1897924382499996,LRRC4C
79077,1.1896156310000006,DCTPP1
64175,1.1890420860000006,P3H1
3720,1.1871966814999997,JARID2
54965,1.1868178580000004,PIGX
9918,1.18652131075,NCAPD2
6119,1.1841232362500005,RPA3
25792,1.1838744995,CIZ1
3615,1.18349234175,IMPDH2
6526,1.1827343374999995,SLC5A3
91687,1.1817897437500005,CENPL
57673,1.1810446139999997,BEND3
84881,1.1807127912500013,RPUSD4
9306,1.1792399765,SOCS6
80346,1.1788344012500005,REEP4
2521,1.1785820174999992,FUS
112616,1.176146825,CMTM7
100507246,1.1753983350000006,SNHG16
23463,1.1751998724999986,ICMT
7027,1.17500989875,TFDP1
84153,1.1747625902499994,RNASEH2C
100293516,1.1733724895000002,ZNF587B
23354,1.1726750844999998,HAUS5
26586,1.1721072264999997,CKAP2
126382,1.1696570254999998,NR2C2AP
117246,1.1685720452500004,FTSJ3
9791,1.1665920727499994,PTDSS1
8402,1.1660905567500004,SLC25A11
55084,1.1651588489999996,SOBP
10202,1.1641024702499996,DHRS2
5601,1.161843149,MAPK9
138639,1.1614413802499994,PTPDC1
79228,1.1609792995000001,THOC6
401647,1.1594878637500003,GOLGA7B
2583,1.1591132859999993,B4GALNT1
4775,1.1565861887500004,NFATC3
80345,1.15339501475,ZSCAN16
6624,1.15306467075,FSCN1
7163,1.15236998425,TPD52
516,1.1483607262500009,ATP5MC1
3418,1.1472499822500009,IDH2
730051,1.1469958235000002,ZNF814
80264,1.1455159262499999,ZNF430
90141,1.1450783719999995,EFCAB11
5725,1.144264077999999,PTBP1
10465,1.144060564000002,PPIH
7515,1.1438181939999996,XRCC1
1075,1.143051903,CTSC
8458,1.1427427024999997,TTF2
1017,1.1419650290000005,CDK2
1434,1.1402448120000024,CSE1L
5501,1.1401237850000001,PPP1CC
220988,1.1398152177499998,HNRNPA3
1491,1.1375682327499996,CTH
81579,1.1365293730000001,PLA2G12A
152002,1.1355171239999997,XXYLT1
83858,1.1353520972499997,ATAD3B
290,1.1328363595000006,ANPEP
10528,1.1286217202500008,NOP56
3516,1.1248909300000012,RBPJ
7837,1.1246989125000013,PXDN
55177,1.1230110704999996,RMDN3
10613,1.121465217749999,ERLIN1
292,1.1210959149999997,SLC25A5
57678,1.1210663307499997,GPAM
64854,1.12037878675,USP46
79723,1.1187128742500008,SUV39H2
284992,1.1177520037499997,CCDC150
57620,1.1168871787499999,STIM2
11014,1.1151709947499988,KDELR2
5902,1.1147008542499997,RANBP1
387082,1.1145457282500004,SUMO4
55833,1.1127971712500013,UBAP2
10090,1.1127462217500002,UST
55374,1.1127096302499995,TMCO6
3146,1.1120463445000013,HMGB1
1633,1.1097439292500004,DCK
65108,1.105864888250001,MARCKSL1
2260,1.104886339,FGFR1
5932,1.1040073012500002,RBBP8
116071,1.10178835475,BATF2
5606,1.1000928077500003,MAP2K3
25927,1.1000351855000012,CNRIP1
54535,1.0994469804999998,CCHCR1
3669,1.0991451217500003,ISG20
79892,1.098556531499998,MCMBP
148213,1.0975221577499994,ZNF681
79017,1.0972125174999974,GGCT
23493,1.09713686525,HEY2
10054,1.095590360000001,UBA2
440145,1.0949949652500006,MZT1
9456,1.0947261619999988,HOMER1
83690,1.0923382779999997,CRISPLD1
119392,1.0923295772500001,SFR1
10793,1.092206718,ZNF273
2669,1.0911903845,GEM
8503,1.0893851007500004,PIK3R3
118429,1.0874510817500003,ANTXR2
5176,1.0871322332500002,SERPINF1
21,1.0868516439999993,ABCA3
51773,1.0865108777500012,RSF1
2331,1.0849258219999998,FMOD
54495,1.08477199875,TMX3
256435,1.0829080685,ST6GALNAC3
84187,1.0819165452499995,TMEM164
6749,1.0814304765000013,SSRP1
92659,1.0807390545000004,MILIP
378708,1.080607369,CENPS
10198,1.0802975090000002,MPHOSPH9
5496,1.0800743504999994,PPM1G
57706,1.0800095187499998,DENND1A
83903,1.07907564875,HASPIN
1003,1.0785969784999985,CDH5
54819,1.0784506975,ZCCHC10
5190,1.0769387737499998,PEX6
27074,1.0744427905,LAMP3
2022,1.0723272120000003,ENG
1466,1.070696497500002,CSRP2
399818,1.0706799607499988,EEF1AKMT2
81931,1.069940485250001,ZNF93
65095,1.0697561164999998,KRI1
23239,1.06973137575,PHLPP1
400569,1.06969731475,MED11
83483,1.06927461075,PLVAP
1183,1.0689133569999996,CLCN4
2627,1.0687402759999998,GATA6
7555,1.0685742769999989,CNBP
8622,1.0684940327499999,PDE8B
10436,1.0684744099999985,EMG1
139886,1.0672650752500008,SPIN4
11168,1.0671524344999987,PSIP1
55422,1.0666466492500009,ZNF331
8975,1.0645842400000012,USP13
26354,1.0609375505000003,GNL3
57826,1.0596041217499987,RAP2C
65057,1.0584261767500003,ACD
4061,1.0583556915000005,LY6E
171546,1.05804840275,SPTSSA
7351,1.0576243142500004,UCP2
79844,1.0571388559999995,ZDHHC11
10155,1.0569404870000003,TRIM28
10265,1.0566428747499996,IRX5
144348,1.056204397250001,ZNF664
3661,1.0540287502499996,IRF3
57655,1.0534487074999994,GRAMD1A
118987,1.0532679707500003,PDZD8
55270,1.051387845499999,NUDT15
10172,1.0503335285000004,ZNF256
27068,1.0487121742500012,PPA2
79902,1.0460625664999998,NUP85
54762,1.0458393685000003,GRAMD1C
148203,1.0456047725,ZNF738
3189,1.0452721382500005,HNRNPH3
136,1.045052889499999,ADORA2B
90362,1.044279189,FAM110B
9702,1.0422324214999987,CEP57
8660,1.0419547700000003,IRS2
51011,1.0392514197500002,FAHD2A
1736,1.0383605374999991,DKC1
64744,1.0382399685,SMAP2
9270,1.0377644177499992,ITGB1BP1
51154,1.0365488639999993,MRTO4
4863,1.0362225702500005,NPAT
151188,1.0362102682500005,ARL6IP6
10946,1.0360702545000002,SF3A3
84188,1.0353303839999999,FAR1
79172,1.0350590960000003,CENPO
85457,1.034888925499999,CIPC
6118,1.0325529297499996,RPA2
29899,1.0323478644999993,GPSM2
8550,1.0318479527499997,MAPKAPK5
65094,1.0314007805000003,JMJD4
865,1.0310192085,CBFB
55207,1.0306549459999985,ARL8B
10642,1.03037127325,IGF2BP1
8727,1.0295143717500004,CTNNAL1
55351,1.0294082230000008,STK32B
5859,1.0283452805,QARS1
60509,1.0263124244999995,AGBL5
56548,1.0250407687500003,CHST7
23435,1.0247492240000007,TARDBP
124491,1.0240761872500004,TMEM170A
23052,1.0236641567499998,ENDOD1
79805,1.0226315757500002,VASH2
6934,1.022487893500001,TCF7L2
79191,1.0218838870000013,IRX3
84126,1.0215243382500003,ATRIP
896,1.0199666870000001,CCND3
79154,1.0191283257500001,DHRS11
5638,1.0185745665000017,PRRG1
10585,1.0164367492499995,POMT1
285759,1.0163205667500002,LINC02880
11270,1.0155368552499997,NRM
23028,1.0146131067499997,KDM1A
23048,1.0136080162500019,FNBP1
2752,1.01325136025,GLUL
4722,1.0117827017500005,NDUFS3
53371,1.0111368914999996,NUP54
23648,1.0108064555,SSBP3
57523,1.0099949930000003,NYNRIN
10189,1.009920997750001,ALYREF
6137,1.0087282302499991,RPL13
8089,1.0080106815,YEATS4
5036,1.0068609900000007,PA2G4
140885,1.0065485237500003,SIRPA
200894,1.006409391500001,ARL13B
54939,1.0062639522500003,COMMD4
56889,1.004900737499998,TM9SF3
55210,1.0041791965000009,ATAD3A
6427,1.0014548775000005,SRSF2
6426,1.0005591442499995,SRSF1
1965,0.9994929512499997,EIF2S1
80150,0.99905056875,ASRGL1
8460,0.9989936249999998,TPST1
435,0.9989434407500006,ASL
4436,0.9985751310000017,MSH2
2820,0.9981129302499996,GPD2
254427,0.9979395492499998,PROSER2
11331,0.99774341,PHB2
79596,0.9973156652500004,OBI1
51141,0.9970341119999997,INSIG2
10785,0.9959125760000003,WDR4
23336,0.9952124269999993,SYNM
22856,0.9947053200000013,CHSY1
84803,0.9935650362500006,GPAT3
55157,0.9933886117499995,DARS2
28976,0.9930232730000004,ACAD9
441263,0.9926541704999998,DTX2P1-UPK3BP1-PMS2P11
10807,0.9910133290000003,ENTR1
5218,0.9905727097500003,CDK14
7167,0.990288790000001,TPI1
84890,0.9899552372500011,ADO
115106,0.9895332595000017,HAUS1
10801,0.9889284945000014,SEPTIN9
80742,0.9872473142500002,PRR3
29890,0.9859652412499997,RBM15B
367,0.9857889474999997,AR
10391,0.98538708275,CORO2B
26505,0.9827449945,CNNM3
80221,0.9822600575000004,ACSF2
100628315,0.9818411659999997,DNM3OS
7138,0.9803526870000008,TNNT1
23165,0.9785405037499988,NUP205
148327,0.9760400035000005,CREB3L4
388796,0.9751780277500011,SNHG17
10723,0.9751021450000001,SLC12A7
5928,0.9748369045,RBBP4
81611,0.9745942612499991,ANP32E
55755,0.9729041762500001,CDK5RAP2
6421,0.9716202050000007,SFPQ
4716,0.9710745845000002,NDUFB10
55728,0.9696277352500005,N4BP2
3092,0.9674413712500005,HIP1
2997,0.96717815425,GYS1
64207,0.9658837175000006,IRF2BPL
3837,0.9658097575000006,KPNB1
84950,0.9656461304999997,PRPF38A
6647,0.9644385799999995,SOD1
124454,0.9636799199999988,EARS2
23623,0.9634867815000003,RUSC1
5471,0.9630630475000004,PPAT
23151,0.9617372492499996,GRAMD4
55148,0.9610641012499999,UBR7
80324,0.9591503780000004,PUS1
28987,0.9587094107499992,NOB1
3098,0.9575878992500009,HK1
154810,0.95664628825,AMOTL1
55502,0.9565537040000001,HES6
3184,0.9561649149999987,HNRNPD
644353,0.9560760365000003,ZCCHC18
7913,0.955543227499998,DEK
5621,0.950072938249999,PRNP
145482,0.9498706735000013,PTGR2
79065,0.9495277370000004,ATG9A
10388,0.9494426970000003,SYCP2
29098,0.9493801987500001,RANGRF
39,0.9486595569999992,ACAT2
285830,0.9472739059999977,HLA-F-AS1
10014,0.945753227,HDAC5
1350,0.9444830517499998,COX7C
91975,0.9442012430000002,ZNF300
201255,0.9431022049999997,LRRC45
55640,0.9430808022500003,FLVCR2
5277,0.9427605407499993,PIGA
7468,0.9424491227500003,NSD2
10023,0.9422679735000004,FRAT1
10253,0.9418193885000008,SPRY2
4013,0.9410969165000012,VWA5A
6472,0.9403080354999993,SHMT2
6732,0.9395377977500008,SRPK1
388969,0.9389519719999999,C2orf68
11117,0.9386664287499995,EMILIN1
84915,0.9386595637500004,FAM222A
79973,0.9384061057500004,ZNF442
5911,0.9376829932499984,RAP2A
55256,0.9373114410000003,ADI1
11266,0.9354269342499997,DUSP12
4247,0.9352943865000007,MGAT2
16,0.9348586910000005,AARS1
126133,0.9341622809999999,ALDH16A1
55920,0.9337651395000002,RCC2
55715,0.9335043715000007,DOK4
6926,0.9323927169999999,TBX3
675,0.9322621337499997,BRCA2
64411,0.9320837542500007,ARAP3
4953,0.931511234000002,ODC1
8502,0.9306277200000004,PKP4
55135,0.9305132767500002,WRAP53
11340,0.9304685009999982,EXOSC8
10301,0.9284663384999989,DLEU1
56919,0.9282962460000004,DHX33
9475,0.9280238194999995,ROCK2
2201,0.9277750799999982,FBN2
10838,0.9276087082499993,ZNF275
10536,0.9259245822499995,P3H3
93474,0.9258431304999997,ZNF670
83932,0.9240274622500007,SPRTN
79794,0.9227200199999999,SPRING1
54386,0.9226426004999997,TERF2IP
8226,0.9221712807499998,PUDP
3213,0.9206351412499991,HOXB3
10682,0.9205850657500001,EBP
10137,0.9202075182500007,RBM12
23139,0.9197232737500007,MAST2
11177,0.91813214075,BAZ1A
10236,0.9171588255000014,HNRNPR
6597,0.9152429267500013,SMARCA4
29923,0.9150106147499999,HILPDA
138162,0.9145911537500004,PIERCE1
54107,0.9145715927499989,POLE3
27075,0.9141886862500002,TSPAN13
51199,0.912665940250001,NIN
6907,0.9121908092500002,TBL1X
55596,0.9118137485000002,ZCCHC8
100093630,0.9099076752500004,SNHG8
2861,0.9097419957500001,GPR37
389362,0.9085094905000002,PSMG4
8759,0.9081540380000002,ADAM1A
400451,0.9081440872499997,FAM174B
10376,0.9080956650000012,TUBA1B
79101,0.907033446749999,TAF1D
64949,0.9066975412499998,MRPS26
55366,0.9066167027500001,LGR4
51611,0.9064528422499993,DPH5
9987,0.9058942759999997,HNRNPDL
3178,0.901948127499999,HNRNPA1
7086,0.9017630384999986,TKT
4913,0.9014444265000012,NTHL1
6632,0.9007655754999995,SNRPD1
9031,0.8995413537500001,BAZ1B
9679,0.8995291607499993,FAM53B
60491,0.899395237500002,NIF3L1
1745,0.8987466939999997,DLX1
54958,0.8987286224999993,TMEM160
79064,0.8986598995000001,TMEM223
92399,0.8984141047500005,MRRF
27101,0.8974162999999997,CACYBP
11322,0.8971823365000002,TMC6
55526,0.8970728292500008,DHTKD1
506,0.8966873700000004,ATP5F1B
1915,0.89574368175,EEF1A1
57172,0.8953578694999997,CAMK1G
6835,0.8952958627500012,SURF2
55802,0.8946382862499993,DCP1A
64225,0.8942675940000004,ATL2
10989,0.8934056130000005,IMMT
57695,0.8924329985000004,USP37
90293,0.8907060045000001,KLHL13
705,0.8894214230000017,BYSL
84289,0.8888129595000005,ING5
100505687,0.8886167365000004,SNHG33
1978,0.8883292759999994,EIF4EBP1
26528,0.8872129314999988,DAZAP1
51602,0.8867226300000013,NOP58
7374,0.8847448937499998,UNG
3797,0.8843948852499999,KIF3C
8761,0.884094965000001,PABPC4
729970,0.8836254102500001,CNN3-DT
57619,0.8836139252499997,SHROOM3
7813,0.8835943190000002,EVI5
79042,0.8835571805000022,TSEN34
79183,0.8834544940000004,TTPAL
6281,0.8833081724999996,S100A10
1396,0.8818148229999991,CRIP1
9631,0.8817103530000008,NUP155
10572,0.8806737672500002,SIVA1
60681,0.8803396904999996,FKBP10
23328,0.8802582172499998,SASH1
10772,0.8798431139999998,SRSF10
10420,0.8783599547499996,TESK2
5717,0.8781974027499997,PSMD11
6122,0.8781872150000005,RPL3
3185,0.8781801269999985,HNRNPF
23658,0.8779813229999984,LSM5
10994,0.8777490112499997,HACL2
10625,0.8754552207500002,IVNS1ABP
84063,0.8752866087500002,KIRREL2
8125,0.8748033577499985,ANP32A
79664,0.8744601922499999,ICE2
2821,0.8744224972499985,GPI
90381,0.8739637067500006,TICRR
3910,0.8732386342499998,LAMA4
100506233,0.8730111119999995,RAB30-DT
51021,0.8727942980000005,MRPS16
6628,0.87251312175,SNRPB
55248,0.8716509509999995,PACC1
6182,0.8711321837499995,MRPL12
727936,0.8709553762499995,GXYLT2
10248,0.8700413042499981,POP7
114034,0.8685418027500003,TOE1
84230,0.8679056699999999,LRRC8C
6877,0.8673490032499993,TAF5
8336,0.8671024984999995,H2AC17
6091,0.8663452674999998,ROBO1
79642,0.8651458517500021,ARSJ
10982,0.8640899444999999,MAPRE2
140685,0.8632951842500001,ZBTB46
3845,0.8632826022499991,KRAS
220388,0.8627492972499997,CCDC89
152559,0.8619585052499996,PAQR3
3145,0.8613985629999998,HMBS
648987,0.8610212035,ANXA2R-OT1
51184,0.860800182000002,GPN3
1945,0.8607723360000001,EFNA4
2309,0.8597611365000004,FOXO3
375757,0.8591974772499995,SWI5
57418,0.8590000484999996,WDR18
4133,0.8582056175000004,MAP2
51104,0.8580070572500009,ABHD17B
55775,0.8579713825000006,TDP1
79590,0.8564513072499995,MRPL24
84172,0.8556160102500003,POLR1B
5292,0.8549604115000005,PIM1
23590,0.8544501564999996,PDSS1
8607,0.8543917437499999,RUVBL1
47,0.8539971802500013,ACLY
119391,0.8539676902500002,GSTO2
23077,0.8539487775000012,MYCBP2
285958,0.8535016187500002,SNHG15
84318,0.8533997455,CCDC77
133584,0.8523181182500004,EGFLAM
131544,0.8517882397499994,CRYBG3
57505,0.8512772804999997,AARS2
8148,0.8506601927499995,TAF15
2013,0.8504882270000005,EMP2
9793,0.8503746122500004,CKAP5
5144,0.8495603424999998,PDE4D
84918,0.8484335254999991,LRP11
1537,0.847483841999999,CYC1
1854,0.8472568149999997,DUT
4776,0.8469473797499996,NFATC4
7064,0.8467465712499997,THOP1
4217,0.8464306737499996,MAP3K5
55144,0.8464070290000016,LRRC8D
117178,0.8460712567500002,SSX2IP
59307,0.8454955784999996,SIGIRR
5411,0.8450370692500009,PNN
29116,0.8428270437499998,MYLIP
4973,0.8421220257500002,OLR1
219654,0.8420912119999997,ZCCHC24
2281,0.8419431125000001,FKBP1B
3643,0.8412222547500008,INSR
59345,0.8397814812500002,GNB4
79807,0.8382414680000005,GSTCD
55023,0.8362004560000003,PHIP
8289,0.8350676189999997,ARID1A
3110,0.8345665324999998,MNX1
5987,0.8326543514999996,TRIM27
116843,0.8307920572500009,SLC18B1
23076,0.8307377645000003,RRP1B
65125,0.8296649414999999,WNK1
6428,0.8296393789999996,SRSF3
4839,0.8294043620000009,NOP2
284998,0.8287082960000001,LINC01114
7422,0.8282411322499996,VEGFA
4113,0.8273260932499991,MAGEB2
958,0.8270889625000004,CD40
91404,0.8268734174999999,SESTD1
6500,0.8267747972499997,SKP1
4668,0.8267581762500003,NAGA
374659,0.8265338334999992,HDDC3
252983,0.8258418007500001,STXBP4
51377,0.8249686084999999,UCHL5
7884,0.8246678625000001,SLBP
4300,0.8244231432499998,MLLT3
64756,0.8243284302500005,ATPAF1
7994,0.8241897289999995,KAT6A
7048,0.8236743649999996,TGFBR2
3601,0.8235015297500001,IL15RA
25906,0.8234767187499994,ANAPC15
85014,0.8222320847500013,TMEM141
55193,0.8219490017500002,PBRM1
27097,0.8208273169999991,TAF5L
7706,0.8207038672500007,TRIM25
90390,0.8199301612500003,MED30
26121,0.8197336705000007,PRPF31
91860,0.8196050895,CALML4
58478,0.8193167722500014,ENOPH1
79718,0.8183362237499985,TBL1XR1
79595,0.8177764302499995,SAP130
79644,0.816338257,SRD5A3
79149,0.8158917327499999,ZSCAN5A
10193,0.8158074312499997,RNF41
2271,0.8156477922499992,FH
10643,0.814648247500001,IGF2BP3
51249,0.8142494864999996,TMEM69
23194,0.8137907080000009,FBXL7
100500850,0.8136130619999999,MIR3682
56969,0.8130964967500001,RPL23AP32
1665,0.8118258999999988,DHX15
55687,0.8112422564999999,TRMU
23644,0.8111013832499996,EDC4
9973,0.81003271325,CCS
262,0.8093359879999991,AMD1
79915,0.8090290895000001,ATAD5
26012,0.8088030544999993,NSMF
708,0.808165915,C1QBP
51367,0.8076356985000022,POP5
22809,0.8074450282499992,ATF5
1952,0.8072147384999999,CELSR2
7514,0.807090227499998,XPO1
4664,0.8070659634999995,NAB1
84973,0.8068234542499999,SNHG7
114915,0.8046577134999993,EPB41L4A-AS1
10101,0.8042203277499995,NUBP2
374393,0.8034824177500002,FAM111B
51144,0.8034131749999993,HSD17B12
284611,0.8025353979999998,EEIG2
23764,0.8025149089999992,MAFF
4208,0.8023549887499986,MEF2C
81831,0.80189214475,NETO2
5094,0.80186239875,PCBP2
53354,0.8016931542500005,PANK1
79713,0.8010585612500005,IGFLR1
23380,0.8007086502499998,SRGAP2
10160,0.8001504219999998,FARP1
51692,0.798094708499999,CPSF3
4521,0.7980274857499996,NUDT1
10905,0.7976622537499996,MAN1A2
23129,0.7964201772500008,PLXND1
100506421,0.7962203144999993,PANTR1
57646,0.7961258802500009,USP28
348995,0.79595944225,NUP43
51603,0.7958254327500001,METTL13
51477,0.7946804585000002,ISYNA1
3998,0.7940553677499995,LMAN1
2175,0.79393537275,FANCA
8805,0.7928735640000006,TRIM24
65993,0.7922587820000011,MRPS34
23621,0.7910787647500008,BACE1
79029,0.7904018725000004,AFG2B
8850,0.7897999345000013,KAT2B
10295,0.78902952375,BCKDK
9601,0.7882191625000008,PDIA4
22870,0.7877347092499996,PPP6R1
54807,0.7875480599999998,ZNF586
11342,0.7856028972499995,RNF13
132320,0.7855693632500005,SCLT1
26135,0.7847113402500003,SERBP1
2202,0.7844830025000018,EFEMP1
8623,0.7834428777500015,ASMTL
29896,0.7831305032499998,TRA2A
7748,0.7830735120000014,ZNF195
79959,0.7825632359999997,CEP76
9804,0.7808102325000004,TOMM20
23082,0.7772221982500014,PPRC1
10609,0.7765108502500002,P3H4
7057,0.7755481982500001,THBS1
653319,0.7744888532500003,MATCAP1
3417,0.7739631724999985,IDH1
51454,0.7734659675,GULP1
4651,0.7725081912499991,MYO10
54973,0.7721065950000003,INTS11
55647,0.7707286617499998,RAB20
6432,0.7702357282500021,SRSF7
8379,0.7700881430000002,MAD1L1
284098,0.7700243099999993,PIGW
9920,0.7697209922499999,KBTBD11
5999,0.7688811517500014,RGS4
2872,0.7680404222500012,MKNK2
196294,0.76780737125,IMMP1L
26227,0.767143267749999,PHGDH
10915,0.7669452045000007,TCERG1
4522,0.7664810267500002,MTHFD1
9448,0.7660270492500008,MAP4K4
392617,0.7656631707499999,ELFN1
199221,0.7644718022500001,DZIP1L
23232,0.7624380667500006,TBC1D12
199953,0.7624282997500003,TMEM201
7703,0.7616556340000002,PCGF2
23132,0.76119003225,RAD54L2
27301,0.7605301935000002,APEX2
2321,0.7591280302500012,FLT1
55361,0.7589845730000011,PI4K2A
6311,0.7581266227499999,ATXN2
140688,0.7573683549999997,NOL4L
9879,0.7572725400000007,DDX46
3216,0.7567770017499997,HOXB6
80204,0.7566759125000004,FBXO11
4200,0.7566383489999993,ME2
80031,0.7556713404999997,SEMA6D
25914,0.7556198214999998,RTTN
163,0.7544086365000009,AP2B1
3399,0.7539892279999982,ID3
25806,0.7536286725000001,VAX2
79850,0.7534739692500008,TLCD3A
22852,0.7530509822499996,ANKRD26
26775,0.7529076009999995,SNORA72
54205,0.7528324677500002,CYCS
4163,0.7524923357500004,MCC
146059,0.7521332867500004,CDAN1
28971,0.7521199175000017,AAMDC
84131,0.75150001,CEP78
2648,0.75021709525,KAT2A
10607,0.7501258087500009,TBL3
57584,0.7492956132500002,ARHGAP21
51559,0.7491886072499998,NT5DC3
84189,0.7490571707499996,SLITRK6
5536,0.7483158547500004,PPP5C
55589,0.7482707582500012,BMP2K
30968,0.748136989999999,STOML2
1938,0.7478385049999989,EEF2
56993,0.7477183195000006,TOMM22
1196,0.747380527999999,CLK2
790,0.7472429997500001,CAD
55835,0.7458508180000005,CPAP
85315,0.7457928744999998,PAQR8
63895,0.7456109165000004,PIEZO2
116225,0.7449552257500001,ZMYND19
8574,0.7443524322500004,AKR7A2
57492,0.7442288584999996,ARID1B
51293,0.7438491480000007,CD320
64425,0.7436544137500007,POLR1E
5994,0.743177196,RFXAP
79269,0.7427562632499995,DCAF10
60386,0.742329207500001,SLC25A19
343450,0.74213171275,KCNT2
4045,0.7420055892499997,LSAMP
5433,0.7419770194999993,POLR2D
219699,0.7416559275000005,UNC5B
6566,0.7414803374999996,SLC16A1
253260,0.7414571217500008,RICTOR
94239,0.7405847957499994,H2AZ2
6320,0.7391941839999996,CLEC11A
51805,0.7380662334999997,COQ3
100144603,0.7373143860000004,CHKB-DT
283431,0.73672619275,GAS2L3
54877,0.73653762025,ZCCHC2
9110,0.7359078760000006,MTMR4
1678,0.7353974745,TIMM8A
65265,0.734132057250001,C8orf33
9521,0.7338637517499986,EEF1E1
6879,0.7336823129999992,TAF7
23013,0.73365016225,SPEN
81550,0.7325841340000006,TDRD3
24140,0.7322986187499998,FTSJ1
2023,0.7322825682499996,ENO1
9960,0.7318025085000004,USP3
79725,0.7317999149999999,THAP9
593,0.731773325749999,BCKDHA
18,0.7298508522500002,ABAT
11243,0.7297786042500007,PMF1
134147,0.7291345812499999,CMBL
85415,0.7290674647500008,RHPN2
54919,0.7290448704999992,DNAAF5
10867,0.7283874847500007,TSPAN9
85015,0.7282392530000008,USP45
55125,0.7281962012500003,CEP192
2730,0.7279424300000006,GCLM
9653,0.7272553264999999,HS2ST1
51523,0.7269123350000015,CXXC5
3717,0.7264054607500015,JAK2
4999,0.7260852732499998,ORC2
26523,0.7245720332499994,AGO1
23300,0.7237164172499995,ATMIN
64397,0.7229783935,ZNF106
1479,0.7226968592500009,CSTF3
56681,0.7222575737500012,SAR1A
55559,0.7219990225000004,HAUS7
10084,0.721985482,PQBP1
51016,0.7211750532499996,EMC9
51061,0.7211590832500008,TXNDC11
1737,0.7210553060000002,DLAT
9994,0.7205666287500012,CASP8AP2
590,0.7199694789999995,BCHE
8539,0.7198092075,API5
5333,0.7195445009999997,PLCD1
64318,0.7191608132499994,NOC3L
10055,0.7189570120000006,SAE1
1579,0.7173611907499997,CYP4A11
26574,0.7171906752500004,AATF
84316,0.7158967189999998,NAA38
151651,0.7147274220000002,EFHB
147699,0.7140326705,PPM1N
25875,0.7137693837499999,LETMD1
57819,0.7132987069999999,LSM2
5591,0.7129094054999996,PRKDC
6494,0.7127103482499999,SIPA1
55810,0.7123006109999999,FOXJ2
9712,0.7116457124999993,USP6NL
3069,0.7113236919999997,HDLBP
6621,0.7104819674999998,SNAPC4
10492,0.7101887794999993,SYNCRIP
80146,0.709871978499999,UXS1
10856,0.7091458607500005,RUVBL2
659,0.7089853050000006,BMPR2
84954,0.7086171024999999,MPND
8875,0.7077128032499997,VNN2
7150,0.7071299174999979,TOP1
2624,0.7070256434999997,GATA2
147727,0.7063331607500007,ILF3-DT
4841,0.7056928920000018,NONO
10426,0.705609560500001,TUBGCP3
157570,0.7055477352500001,ESCO2
5228,0.7053620540000001,PGF
55347,0.7051903944999998,ABHD10
84837,0.7050753812500004,ARHGAP5-AS1
84522,0.704967195,JAGN1
55226,0.7047041337499991,NAT10
387066,0.7040276900000002,SNHG5
25915,0.7028898200000011,NDUFAF3
11232,0.702400012,POLG2
84275,0.7023733382500001,SLC25A33
348235,0.7017419525000008,SKA2
25788,0.7017278065000001,RAD54B
144455,0.7013092307500006,E2F7
6603,0.7006103575000004,SMARCD2
221937,0.7002527887500003,FOXK1
6431,0.6995817042500008,SRSF6
132241,0.6993669432500003,RPL32P3
23456,0.6990771712499981,ABCB10
81603,0.698937999,TRIM8
55280,0.6973750757499992,CWF19L1
3276,0.6967954125000002,PRMT1
27352,0.6956959220000005,SGSM3
7291,0.69566191975,TWIST1
2766,0.69456057825,GMPR
64710,0.6944305092500009,NUCKS1
9213,0.6939805142499997,XPR1
84542,0.6938457179999995,SANBR
79629,0.6937169104999992,OCEL1
3646,0.6936202574999992,EIF3E
116064,0.6934005607499998,LRRC58
284325,0.6928140875000013,ACTMAP
7518,0.691626565,XRCC4
23379,0.6915508877499992,ICE1
10763,0.6910365079999998,NES
201254,0.6905285357499995,CENPX
133686,0.6900288804999999,NADK2
51205,0.6898880252499997,ACP6
91272,0.6889996390000022,BOD1
2049,0.6886137002500003,EPHB3
23035,0.6881741272499999,PHLPP2
10147,0.6880876154999997,SUGP2
79792,0.6876674037500008,GSDMD
5683,0.6865768244999995,PSMA2
4628,0.6864344617500002,MYH10
7307,0.6855923824999994,U2AF1
3312,0.685325129999999,HSPA8
65251,0.6852935679999987,ZNF649
493861,0.6851734624999999,EID3
7756,0.684276249749999,ZNF207
9403,0.6824464900000002,SELENOF
10113,0.6821808324999994,PREB
23107,0.6808935147500002,MRPS27
55164,0.680495561499999,SHQ1
8324,0.6804197392500004,FZD7
80071,0.6794386297499999,CCDC15
168451,0.6788120912500002,THAP5
7678,0.6786880965000002,ZNF124
1856,0.6786736895000001,DVL2
7407,0.678671803249999,VARS1
79728,0.6784644932500017,PALB2
8862,0.6784050320000001,APLN
57171,0.6776402977500009,DOLPP1
51010,0.6775696839999998,EXOSC3
5597,0.6766620494999991,MAPK6
6160,0.6766219880000008,RPL31
3248,0.6765774875000004,HPGD
376412,0.6764009830000002,RNF126P1
55071,0.6757864069999995,C9orf40
1725,0.6751289537499998,DHPS
5931,0.6742085024999991,RBBP7
254887,0.6729805462499998,ZDHHC23
63933,0.6717735022499998,MCUR1
2021,0.6712560375000001,ENDOG
154791,0.6712111464999984,FMC1
23768,0.6709678965000005,FLRT2
6319,0.6699055819999993,SCD
5335,0.6696871590000004,PLCG1
90231,0.6696610434999997,KIAA2013
7290,0.669331133750001,HIRA
10146,0.6684191184999992,G3BP1
22994,0.6677304510000002,CEP131
57563,0.6670326900000001,KLHL8
27258,0.6667403134999983,LSM3
415116,0.6651118480000004,PIM3
283316,0.6648469012500007,CD163L1
25807,0.66473049825,RHBDD3
140459,0.6630255705000003,ASB6
92312,0.66284667575,MEX3A
55003,0.6618139949999993,PAK1IP1
55178,0.6615811324999994,MRM3
11103,0.6611514642500005,KRR1
1123,0.6610286259999993,CHN1
54855,0.660776947,TENT5C
23567,0.6606668215000004,ZNF346
217,0.6601531704999992,ALDH2
64332,0.6599473307499988,NFKBIZ
9526,0.6594023937499998,MPDU1
56606,0.6593944717499998,SLC2A9
9790,0.6593647407500001,BMS1
1293,0.6587620187500001,COL6A3
83439,0.6584149874999996,TCF7L1
1847,0.6581279845000001,DUSP5
9775,0.6581263540000002,EIF4A3
9748,0.6579274855000019,SLK
100505881,0.6577625527500004,MAGI2-AS3
2665,0.6574434175000015,GDI2
9727,0.6572364922500009,RAB11FIP3
51296,0.6571329777499999,SLC15A3
257218,0.6568302505000005,SHPRH
7375,0.6566584404999993,USP4
375484,0.6565802930000002,SIMC1
4040,0.6565229865000006,LRP6
7697,0.6548030525000001,ZNF138
65985,0.6544991010000007,AACS
100505616,0.652029572,SNHG21
56106,0.65201655125,PCDHGA10
5203,0.6508892137499993,PFDN4
5709,0.6507902497500009,PSMD3
10525,0.6504706525000001,HYOU1
97,0.6502912952499997,ACYP1
5993,0.6502544472499983,RFX5
4212,0.6501662515,MEIS2
26173,0.6499136247499999,INTS1
54496,0.6497040429999998,PRMT7
51170,0.6495023772499984,HSD17B11
64968,0.6491937537499997,MRPS6
81037,0.6485543155000002,CLPTM1L
6634,0.6477378975000008,SNRPD3
28969,0.6476993499999999,BZW2
7368,0.6476972715000002,UGT8
57634,0.6476814434999998,EP400
51388,0.6476083472500012,NIP7
84668,0.6470487490000001,HYCC1
93,0.6470248972499997,ACVR2B
8531,0.6469805424999997,YBX3
59269,0.6467910109999995,HIVEP3
408,0.6465729707500003,ARRB1
84513,0.6463326314999991,PLPP5
26520,0.6461372067499997,TIMM9
399664,0.6453341085000002,MEX3D
4851,0.645164555,NOTCH1
153642,0.6447416552499998,ARSK
57192,0.6436584352499999,MCOLN1
140609,0.6435897374999975,NEK7
58492,0.6435566075000003,ZNF77
55291,0.6432572425000007,PPP6R3
27163,0.6430639182499993,NAAA
441666,0.6430587932500003,LOC441666
57545,0.6429426447499997,CC2D2A
3676,0.6427897582500002,ITGA4
55684,0.6427614967500013,RABL6
284307,0.6414246802499997,ZIK1
57520,0.6412537432500001,HECW2
5860,0.6409275597500006,QDPR
55825,0.6406769930000005,PECR
401588,0.64027543025,ZNF674-AS1
200734,0.6400217772500003,SPRED2
7562,0.6398305860000004,ZNF708
55012,0.6397271085000007,PPP2R3C
25841,0.6396998085000001,ABTB2
31,0.639690581,ACACA
7850,0.6388958712499999,IL1R2
10280,0.6386522335000002,SIGMAR1
10435,0.63844154375,CDC42EP2
5376,0.63829950475,PMP22
84461,0.6380396325,NEURL4
26153,0.6378724657499997,KIF26A
51155,0.6371593789999999,JPT1
79583,0.6369521412499992,TMEM231
55334,0.6367147070000003,SLC39A9
23189,0.6365691670000002,KANK1
10892,0.6364099857499994,MALT1
790955,0.6363325690000003,UQCC3
875,0.6356690287500006,CBS
5885,0.6355231057499999,RAD21
55718,0.6354332312500013,POLR3E
813,0.6353345049999994,CALU
134492,0.6350906582499984,NUDCD2
57468,0.6347039119999995,SLC12A5
9194,0.6345397144999998,SLC16A7
3038,0.6340170822500002,HAS3
79691,0.6339203402499995,QTRT2
10527,0.6336561207500004,IPO7
51294,0.6331566842499998,PCDH12
3735,0.6327149199999997,KARS1
55011,0.6326100592500001,PIH1D1
6949,0.6323182907500007,TCOF1
23513,0.6310573255000005,SCRIB
3251,0.6284562320000013,HPRT1
387893,0.6280869114999996,KMT5A
23174,0.6278010729999997,ZCCHC14
5150,0.6277344395000002,PDE7A
54206,0.6272528650000009,ERRFI1
4713,0.627123462250001,NDUFB7
8241,0.6268085014999993,RBM10
11179,0.6265320340000002,ZNF277
160897,0.6251674197500003,GPR180
25929,0.6249832917500004,GEMIN5
342892,0.6248605297499998,ZNF850
28982,0.6246150792499998,FLVCR1
55049,0.6237109362500002,REX1BD
100996481,0.6233557005000003,PRIM2BP
3608,0.6226569539999982,ILF2
1615,0.6216097200000004,DARS1
90416,0.62050324375,CCDC32
100507331,0.6205010987500006,ZSWIM8-AS1
83716,0.6200180257500003,CRISPLD2
162681,0.6197199967499998,C18orf54
100303755,0.6196973535000012,PET117
79187,0.6196348837500008,FSD1
399909,0.61909639875,PCNX3
6636,0.6187361400000011,SNRPF
129642,0.6183973245000001,MBOAT2
25925,0.6183385487499997,ZNF521
200081,0.618122821750001,TXLNA
5876,0.617480819999999,RABGGTB
85461,0.6173036732499995,TANC1
79003,0.6171532424999988,MIS12
246330,0.6170240932500004,PELI3
8793,0.6166377924999988,TNFRSF10D
150737,0.6164789022499999,IFT70B
283989,0.6161293212499999,TSEN54
11129,0.6155518055,CLASRP
51373,0.6154297162500004,MRPS17
5600,0.6151451225,MAPK11
6183,0.6148372602500007,MRPS12
79684,0.614626275,MSANTD2
152225,0.6146045777499998,RDUR
651746,0.6145217694999996,ANKRD33B
9056,0.6144476294999999,SLC7A7
64147,0.6141795707499997,KIF9
219790,0.6137352097499997,RTKN2
2869,0.6132229925000017,GRK5
84681,0.6130646387500001,HINT2
883,0.6128610527499996,KYAT1
81928,0.6124597854999987,CABLES2
80014,0.6115675424999996,WWC2
11335,0.6115588350000003,CBX3
25904,0.6114290522500001,CNOT10
5813,0.6100034055000005,PURA
78994,0.6098327614999999,PRR14
25998,0.6087518202500011,IBTK
165679,0.6087290710000008,SPTSSB
115817,0.608674014,DHRS1
285282,0.6061624840000004,RABL3
2187,0.6049188077499998,FANCB
284406,0.6045387574999994,ZFP82
637,0.6043937882500003,BID
2542,0.6042008220000001,SLC37A4
10657,0.6040185375,KHDRBS1
4357,0.60306830675,MPST
7762,0.6023956052499999,ZNF215
1107,0.6023638012500001,CHD3
23438,0.6021612340000004,HARS2
23371,0.6019789007499998,TNS2
56647,0.6017564859999993,BCCIP
1468,0.6016982957499994,SLC25A10
57630,0.6013324172500001,SH3RF1
8971,0.601201284000001,H1-10
10884,0.6009088472500004,MRPS30
2181,0.6007353725000009,ACSL3
83549,0.60069991625,UCK1
5116,0.6003770147499994,PCNT
4232,0.6003493774999988,MEST
115509,0.6002826572500002,ZNF689
10632,0.6001996174999995,ATP5MG
81689,0.5996488084999996,ISCA1
91408,0.5977826320000004,BTF3L4
1855,0.5977794144999997,DVL1
7862,0.597411332750001,BRPF1
85363,0.5973232422500003,TRIM5
9801,0.5971133335000003,MRPL19
6233,0.5967499387500004,RPS27A
29940,0.5965503754999997,DSE
57697,0.5963377902500002,FANCM
150864,0.5955902885,FAM117B
4223,0.5955640015000001,MEOX2
641638,0.5952043499999995,SNHG6
55714,0.5951375414999998,TENM3
22929,0.5950050969999996,SEPHS1
79161,0.5946261410000009,TMEM243
166336,0.5943671569999998,PRICKLE2
5157,0.593762184,PDGFRL
4686,0.5936296857499999,NCBP1
286336,0.5933644302500003,FAM78A
27300,0.5933067717499991,ZNF544
4351,0.5931535325000006,MPI
23464,0.5924228509999994,GCAT
152217,0.5923005759999995,NCBP2AS2
11000,0.5921513544999994,SLC27A3
3566,0.5917170162499996,IL4R
57215,0.590268921749999,THAP11
10157,0.5902400674999999,AASS
22846,0.5902114235000004,VASH1
84515,0.5894761967500002,MCM8
55000,0.5891811899999979,TUG1
54733,0.5889636614999993,SLC35F2
203068,0.5886273825000004,TUBB
1112,0.588286265749999,FOXN3
51386,0.5882385800000023,EIF3L
84632,0.5877933342500001,AFAP1L2
121457,0.5873159222499993,IKBIP
1982,0.5868978249999994,EIF4G2
51194,0.5866559307499992,IPO11
79711,0.58583003625,IPO4
83737,0.5856365287500003,ITCH
2950,0.5850928074999988,GSTP1
54876,0.5847440769999999,DCAF16
58490,0.5846061435000003,RPRD1B
1535,0.5845163324999998,CYBA
7702,0.5832121655,ZNF143
134359,0.5828666077500007,POC5
11261,0.582432290749999,CHP1
10664,0.5823590640000003,CTCF
23429,0.5823106050000018,RYBP
6434,0.5821950740000013,TRA2B
10531,0.5818345339999986,PITRM1
900,0.5811656050000007,CCNG1
2592,0.580974820999999,GALT
56998,0.5809158275000001,CTNNBIP1
64223,0.5807195092500006,MLST8
23215,0.5805489545000011,PRRC2C
441951,0.5804532049999995,ZFAS1
2193,0.5802107215000003,FARSA
2178,0.5799621175,FANCE
6595,0.5796285182500007,SMARCA2
9219,0.5791327162499993,MTA2
10961,0.5791161775000013,ERP29
171586,0.5788019657499994,ABHD3
28960,0.5787358820000001,DCPS
1051,0.5782383524999979,CEBPB
56952,0.5774007687500013,PRTFDC1
26240,0.5773950435000001,FAM50B
120114,0.5773774237499998,FAT3
9371,0.5772833360000025,KIF3B
23596,0.5762727137500008,OPN3
7690,0.5762126762499999,ZBTB35
9557,0.5761889512499998,CHD1L
23518,0.5761604187499998,R3HDM1
53615,0.5761230592500004,MBD3
80381,0.576100652750001,CD276
89941,0.5760001134999992,RHOT2
617,0.5759497124999999,BCS1L
51181,0.5750641845000004,DCXR
2936,0.5747885612500001,GSR
80215,0.5746971894999993,RUNX1-IT1
191,0.5739114162500005,AHCY
25953,0.5734476045000001,PNKD
28974,0.5732864539999998,C19orf53
28793,0.57327757425,IGLV3-25
79633,0.5730016549999979,FAT4
26284,0.5728766559999996,ERAL1
6499,0.5723478139999996,SKIC2
23595,0.5716934082499989,ORC3
3214,0.5714722317499987,HOXB4
6294,0.5714507752499998,SAFB
22835,0.5708612200000003,ZFP30
5264,0.5707399849999977,PHYH
7419,0.5705076399999989,VDAC3
10270,0.5702825287499991,AKAP8
10608,0.5699994425000003,MXD4
55720,0.569820041749999,TSR1
6196,0.5695816612500018,RPS6KA2
10140,0.5693125400000003,TOB1
89891,0.5692754929999992,DYNC2I2
283229,0.5692661977499998,CRACR2B
131474,0.5688578524999999,CHCHD4
3796,0.5686701060000008,KIF2A
9473,0.5682984585000002,THEMIS2
55319,0.5681462575000005,TMA16
117143,0.5681086454999997,TADA1
285943,0.5676719012500002,HOXA-AS2
56180,0.567157357000001,MOSPD1
10330,0.5668445407499991,CNPY2
22864,0.5664290205000011,R3HDM2
154043,0.5662519969999984,CNKSR3
55425,0.5654849887500006,GPALPP1
78999,0.5654050597499989,LRFN4
8662,0.5653775617499992,EIF3B
64333,0.5652917815000005,ARHGAP9
347862,0.5644088395000004,GATD1
84811,0.5641476874999993,BUD13
51496,0.5640568642500003,CTDSPL2
2639,0.5640152852500009,GCDH
9641,0.5639704442499998,IKBKE
2275,0.5636690907500004,FHL3
3097,0.563083185,HIVEP2
64795,0.5625501599999998,RMND5A
26039,0.5625184499999989,SS18L1
84311,0.5625062020000016,MRPL45
85365,0.5624829190000007,ALG2
30827,0.5622816837500002,CXXC1
4026,0.5616977529999998,LPP
5230,0.5613940467500012,PGK1
81839,0.561314039,VANGL1
10768,0.5604960547499989,AHCYL1
84844,0.5597868252499989,PHF5A
51538,0.5597381585000001,ZCCHC17
7805,0.5596519527499999,LAPTM5
57530,0.5587485144999995,CGN
5042,0.5577679300000007,PABPC3
254528,0.5577581167500005,MEIOB
10640,0.5568741130000001,EXOC5
51642,0.5567578707499994,MRPL48
7324,0.5563687950000009,UBE2E1
27341,0.5562875002499998,RRP7A
90799,0.5557964439999994,CEP95
5019,0.5557436142499981,OXCT1
3776,0.5551985509999997,KCNK2
25885,0.5548696597499996,POLR1A
3949,0.5544710175000009,LDLR
493869,0.5543746019999993,GPX8
155400,0.5541211507500003,NSUN5P1
57410,0.55392170925,SCYL1
84948,0.5532977837499997,TIGD5
84790,0.5529331400000004,TUBA1C
23361,0.552488866750001,ZNF629
57696,0.5521909227499986,DDX55
11007,0.5520753362500002,CCDC85B
10899,0.5518320699999997,JTB
25936,0.5516242370000004,NSL1
9141,0.5516191950000007,PDCD5
8325,0.55152351025,FZD8
170384,0.5512752127500002,POFUT4
253832,0.5512535512500012,ZDHHC20
5528,0.5508838494999999,PPP2R5D
2261,0.5507840872499998,FGFR3
84255,0.5507487792499983,SLC37A3
4361,0.5502673912499993,MRE11
78996,0.5486260237500007,CYREN
84934,0.5486216085000004,RITA1
81563,0.5478243112500003,C1orf21
10419,0.547214512,PRMT5
54663,0.5462154624999993,WDR74
55320,0.5461820410000007,MIS18BP1
91694,0.5456570450000013,LONRF1
81892,0.5452608575000006,SLIRP
23170,0.545253945499999,TTLL12
55299,0.5451042542500026,BRIX1
26035,0.5450384844999991,GLCE
64789,0.5447075322500003,EXO5
64131,0.54402331475,XYLT1
9410,0.5438128197500003,SNRNP40
64897,0.5437142587499997,C12orf43
50813,0.54363510675,COPS7A
79143,0.5430582142500002,MBOAT7
286151,0.5427079590000004,FBXO43
25926,0.5423895112499988,NOL11
79159,0.5421984052500006,NOL12
2803,0.5419714080000002,GOLGA4
113174,0.5418137929999993,SAAL1
54867,0.5411429695000001,TMEM214
4313,0.5411029799999998,MMP2
79840,0.5408349377500006,NHEJ1
11222,0.540270885,MRPL3
54606,0.5402221112500003,DDX56
114789,0.5401883302500003,SLC25A25
10175,0.5401080824999998,CNIH1
286827,0.5400892370000001,TRIM59
136051,0.5400344500000003,ZNF786
28512,0.5390507914999976,NKIRAS1
51073,0.5390059957500002,MRPL4
3065,0.5389647387499998,HDAC1
5819,0.5387431742499995,NECTIN2
153768,0.5385700514999998,PRELID2
85459,0.5385258842500003,CEP295
4091,0.5385135174999993,SMAD6
1019,0.5380172207499996,CDK4
165918,0.5378181077499988,RNF168
8601,0.5372606162499984,RGS20
7639,0.5369468270000004,ZNF85
10541,0.5368590925000021,ANP32B
84100,0.5367620557499997,ARL6
5937,0.5365898604999977,RBMS1
10171,0.5365697660000004,RCL1
23262,0.5359023737499999,PPIP5K2
7415,0.5358015625000014,VCP
10056,0.5353711392499996,FARSB
1548,0.5350250207499991,CYP2A6
10736,0.5345906137499998,SIX2
78987,0.5345527250000002,CRELD1
84955,0.53435724725,NUDCD1
7536,0.5341722917499983,SF1
4282,0.5337596924999986,MIF
8891,0.5336165170000005,EIF2B3
94104,0.5335710439999986,PAXBP1
1305,0.5333793574999994,COL13A1
5746,0.5327700069999999,PTH2R
10574,0.5325833949999996,CCT7
100507602,0.5321364377500002,TRIM52-AS1
29902,0.5318028285,FAM216A
4893,0.530510067999999,NRAS
221092,0.5304671652500019,HNRNPUL2
6304,0.5300057367500002,SATB1
114134,0.52958383025,SLC2A13
9124,0.529539294500001,PDLIM1
23475,0.5295256109999995,QPRT
5425,0.5289398797499985,POLD2
2289,0.5288271772500002,FKBP5
79754,0.5283970877500002,ASB13
11064,0.5283859179999997,CNTRL
9512,0.5283851362499998,PMPCB
6882,0.5280043540000001,TAF11
79140,0.5278435602500009,CCDC28B
220001,0.5274504155000002,VWCE
55973,0.52743356575,BCAP29
1604,0.5271967059999998,CD55
200933,0.5269960504999993,FBXO45
9818,0.5268812197499999,NUP58
163033,0.5261616979999992,ZNF579
10422,0.5261074465000002,UBAC1
8904,0.52589507225,CPNE1
51616,0.5257545437499997,TAF9B
27161,0.5256275949999987,AGO2
7040,0.5256127785000002,TGFB1
10921,0.5253608585000009,RNPS1
9,0.5251233630000005,NAT1
10992,0.5248892897499999,SF3B2
6047,0.5245036904999996,RNF4
100289092,0.52352111675,ATP2A1-AS1
150223,0.5233350614999992,YDJC
9647,0.5230500195000003,PPM1F
51300,0.5230393674999991,TIMMDC1
55711,0.5227056792500004,FAR2
29761,0.5224194199999994,USP25
6599,0.522174188250002,SMARCC1
139231,0.5221584120000005,FAM199X
64327,0.5217760977500001,LMBR1
3838,0.5215233149999996,KPNA2
6157,0.5214995160000004,RPL27A
55573,0.5214711949999984,CDV3
79035,0.5214620557499998,NABP2
5764,0.5213957132499996,PTN
90459,0.5210989567499995,ERI1
3572,0.5208651030000002,IL6ST
10274,0.5206787017499996,STAG1
130502,0.5205857504999996,TTC32
284252,0.5202700499999997,KCTD1
9334,0.5200916894999992,B4GALT5
282969,0.5200334872500001,FUOM
84056,0.5199919957499999,KATNAL1
83473,0.5192859395,KATNAL2
10973,0.5188421410000021,ASCC3
868,0.5181147807500004,CBLB
23287,0.5180743060000008,AGTPBP1
10081,0.5179794172500003,PDCD7
5393,0.517966028750001,EXOSC9
6510,0.5175603042500008,SLC1A5
51295,0.5174456574999997,ECSIT
400236,0.5170873522500004,FOXN3-AS1
22899,0.5169998625000005,ARHGEF15
11062,0.5166092792499999,DUS4L
26517,0.51514687325,TIMM13
57178,0.5144335027499984,ZMIZ1
100507564,0.5140118555000002,MAGOH-DT
22834,0.5138258762499994,ZNF652
84925,0.5132427432499993,SLC49A4
64783,0.5130413004999994,RBM15
27079,0.512814982000001,RPUSD2
23039,0.5123329332500006,XPO7
1939,0.5117752487500002,EIF2D
8028,0.5115364895000001,MLLT10
55621,0.5114927739999988,TRMT1
146712,0.5114306867500003,QTGAL
27439,0.511164146,TMEM121B
6945,0.5104679557500003,MLX
79090,0.5103076107500009,TRAPPC6A
643911,0.5098495189999994,CRNDE
283596,0.5096050497500002,SNHG10
119032,0.5095625862500004,BORCS7
2873,0.5092772239999999,GPS1
56910,0.5088029449999993,STARD7
51303,0.5083948932499993,FKBP11
9733,0.5081880847499995,SART3
79155,0.5080758829999992,TNIP2
399474,0.5078960300000004,TMEM200B
80817,0.5077604987500006,CEP44
4144,0.5074380417500004,MAT2A
5900,0.5068968200000006,RALGDS
25941,0.5065044257499984,TPGS2
2553,0.5064643147499996,GABPB1
9723,0.5064171767500003,SEMA3E
401505,0.5057679249999989,TOMM5
5771,0.5053906245000004,PTPN2
23164,0.5052684987499996,MPRIP
5734,0.5051281607500009,PTGER4
84541,0.5044866939999997,KBTBD8
8886,0.5043664232499996,DDX18
5898,0.5039692682499997,RALA
84142,0.5037137012499997,ABRAXAS1
949,0.5031969027500001,SCARB1
1797,0.5031019900000002,DXO
113189,0.5030786025000005,CHST14
121642,0.5024463040000002,ALKBH2
5710,0.5018291250000004,PSMD4
55172,0.5016449247500017,DNAAF2
10728,0.5014710200000003,PTGES3
57335,0.5014464697499998,ZNF286A
115992,0.5012533702500006,RNF166
91461,0.5010051102499999,PKDCC
23468,0.5007114640000001,CBX5
1459,0.5006168617500002,CSNK2A2
4832,0.5003723427500004,NME3
23587,0.5001975915000001,ELP5
23589,0.4994436297500009,CARHSP1
153830,0.4994081279999989,RNF145
11157,0.4992875582499998,LSM6
7965,0.4991385152499994,AIMP2
5825,0.4990753747500012,ABCD3
51278,0.4986818150000012,IER5
23042,0.49847367299999945,PDXDC1
5831,0.49842286675000036,PYCR1
51668,0.49828127449999826,IFT25
5214,0.4981137037500023,PFKP
339201,0.49811352100000006,ASB16-AS1
79023,0.4980264277499984,NUP37
6195,0.49797381600000046,RPS6KA1
3191,0.49791731600000055,HNRNPL
9678,0.4974250809999994,PHF14
64236,0.49734559124999933,PDLIM2
149175,0.49726532200000007,MANEAL
5714,0.4972254575000008,PSMD8
56342,0.4969548235000003,PPAN
28992,0.49687859425,MACROD1
27339,0.49638968500000047,PRPF19
7342,0.496133351000001,UBP1
124923,0.4958364162499995,RSKR
64864,0.4951801704999994,RFX7
55705,0.49507667374999986,IPO9
5165,0.49505355650000027,PDK3
10106,0.49467270974999966,CTDSP2
64782,0.4942116722499996,AEN
79722,0.4941582825000004,ANKRD55
25956,0.4935826484999999,SEC31B
7284,0.4935120665000001,TUFM
219844,0.4934899052500006,HYLS1
4076,0.49332138574999895,CAPRIN1
112817,0.4927641892499999,HOGA1
10381,0.4926217507500006,TUBB3
55240,0.49259423425000026,STEAP3
9703,0.49187732874999934,BLTP2
374654,0.4918257382500002,KIF7
51430,0.4914914924999998,SUCO
137695,0.4911774150000001,TMEM68
51582,0.4911595192499991,AZIN1
84900,0.4911002532500004,RNFT2
140901,0.49074574800000015,STK35
150274,0.4904227907499994,HSCB
219293,0.4901722147499994,ATAD3C
54517,0.4899235029999982,PUS7
4835,0.48897918524999895,NQO2
57001,0.48840873400000007,SDHAF3
4122,0.48837919975000066,MAN2A2
78988,0.4880531235000003,MRPL57
9610,0.48680321075000066,RIN1
1036,0.4866394132499998,CDO1
7866,0.48594490174999905,IFRD2
10228,0.48591131374999996,STX6
158,0.48584442250000137,ADSL
54756,0.4855351749999999,IL17RD
54840,0.48543067999999945,APTX
79178,0.48526533375000014,THTPA
83606,0.48505976274999973,GUCD1
4234,0.4849341420000002,METTL1
23326,0.4848244534999999,USP22
84991,0.4848205940000003,RBM17
53637,0.48466190900000017,S1PR5
54908,0.4845178977499991,SPDL1
81873,0.48422938299999885,ARPC5L
10217,0.48405272650000075,CTDSPL
54971,0.4838163144999994,BANP
22948,0.48269396725000036,CCT5
5033,0.4826621340000017,P4HA1
23054,0.48214508500000086,NCOA6
1968,0.4821302050000007,EIF2S3
58505,0.4820169700000001,OSTC
64434,0.48134759424999984,NOM1
9939,0.48126796324999965,RBM8A
79752,0.4806505569999988,ZFAND1
51593,0.4801987720000005,SRRT
1967,0.4801895285000004,EIF2B1
2033,0.4800646850000003,EP300
84276,0.47973345949999846,NICN1
9774,0.4794642025,BCLAF1
3638,0.47844059875000156,INSIG1
79803,0.47829031850000003,HPS6
23179,0.47796790650000176,RGL1
7873,0.4779154262499983,MANF
64326,0.4778181887499997,COP1
87178,0.4777792582500009,PNPT1
55133,0.47771379475000053,SRBD1
2232,0.4775820067499996,FDXR
100170841,0.47743322999999993,EPOP
11142,0.4767862272500025,PKIG
6726,0.4767481199999999,SRP9
7334,0.4767391197500004,UBE2N
11164,0.4761392932500019,NUDT5
65005,0.4759515742499989,MRPL9
10128,0.4758497755000022,LRPPRC
339230,0.4754891167499995,CCDC137
1389,0.475371406999999,CREBL2
53981,0.4745861567500018,CPSF2
25979,0.47431737399999996,DHRS7B
328,0.47429717250000003,APEX1
340252,0.47420116325000095,ZNF680
55922,0.47362481000000045,NKRF
2222,0.4732194500000002,FDFT1
55343,0.4723551107499997,SLC35C1
50854,0.4720735574999999,SNHG32
90861,0.47155261750000044,JPT2
81706,0.47098842500000027,PPP1R14C
90673,0.4708453667500003,PPP1R3E
283349,0.47033621025000016,RASSF3
28977,0.4701538024999987,MRPL42
221079,0.4701115964999998,ARL5B
2194,0.4689473257500003,FASN
92345,0.46871809149999866,NAF1
10621,0.46851673324999954,POLR3F
22890,0.4685086237500009,ZBTB1
122416,0.4684904034999997,ANKRD9
4221,0.4680858764999991,MEN1
79659,0.46779985225000065,DYNC2H1
23333,0.46765964849999975,DPY19L1
10846,0.4673493907499995,PDE10A
2475,0.46729449250000066,MTOR
7594,0.4666645660000004,ZNF43
5684,0.4655860899999986,PSMA3
7259,0.4651849645000006,TSPYL1
145282,0.4649893902500004,MIPOL1
57478,0.4649541137500002,USP31
1946,0.4644093970000007,EFNA5
9968,0.4641503820000006,MED12
56890,0.4640030854999999,SAXO6
84910,0.46393986100000006,TMEM87B
10263,0.4635344149999998,CDK2AP2
23517,0.4632928227500006,MTREX
4157,0.46310993624999996,MC1R
56915,0.4630416139999989,EXOSC5
4302,0.4629161317500001,MLLT6
94081,0.4628995692500002,SFXN1
3033,0.46254777349999987,HADH
23313,0.4623089532500009,KIAA0930
29109,0.4621797910000005,FHOD1
594,0.4620866472500005,BCKDHB
23384,0.4617107245000005,SPECC1L
80273,0.4611340144999989,GRPEL1
10019,0.4607055627500003,SH2B3
91768,0.4607046900000009,CABLES1
2962,0.460508688,GTF2F1
11245,0.4604489325000003,GPR176
6419,0.4602511402499996,SETMAR
4802,0.460216235499999,NFYC
283643,0.46000432599999996,TEDC1
90580,0.4599763917499988,TIMM29
10735,0.45993574800000125,STAG2
222068,0.45988754474999993,TMED4
1994,0.4596998454999994,ELAVL1
400684,0.45932631074999986,DPY19L3-DT
9545,0.4592050744999998,RAB3D
4783,0.4584682845000003,NFIL3
2644,0.45764639724999956,GCHFR
3181,0.45698406500000033,HNRNPA2B1
4899,0.45633646075000023,NRF1
25909,0.4562337077499983,AHCTF1
7278,0.4561229827500002,TUBA3C
10673,0.4558901445000001,TNFSF13B
8894,0.4556043929999998,EIF2S2
6598,0.45538681775,SMARCB1
5110,0.4552251975000008,PCMT1
9894,0.4550665365000004,TELO2
116842,0.45485738575,LEAP2
4666,0.4547704474999996,NACA
6396,0.4547236674999997,SEC13
2941,0.45433315174999933,GSTA4
7385,0.4538978025000002,UQCRC2
3280,0.45373919075000035,HES1
5428,0.45367318974999993,POLG
7775,0.45324176449999953,ZNF232
84279,0.4528939682499997,PRADC1
79441,0.4526311332500006,HAUS3
395,0.4520992092500009,ARHGAP6
55367,0.45205259649999974,PIDD1
3476,0.4516839714999996,IGBP1
79022,0.45141512975000175,TMEM106C
9761,0.4509428287499988,MLEC
5082,0.44990262049999963,PDCL
55854,0.4497291574999984,ZC3H15
221711,0.4495858515000002,SYCP2L
256949,0.44952651899999996,KANK3
90407,0.4494109219999993,TMEM41A
84901,0.44885808024999996,NFATC2IP
9772,0.4487876669999995,TMEM94
286262,0.44856024575,TPRN
5435,0.4485458409999996,POLR2F
9688,0.4483848612500019,NUP93
81887,0.4478594545000014,LAS1L
152189,0.4475635215000011,CMTM8
6883,0.4475371167499995,TAF12
6256,0.4474555517499992,RXRA
130589,0.4467434367499994,GALM
1977,0.44613964824999996,EIF4E
90233,0.44587947650000004,ZNF551
6484,0.44586162849999944,ST3GAL4
2889,0.4457801517500002,RAPGEF1
9354,0.445579455499999,UBE4A
6293,0.44547378200000143,VPS52
3422,0.4450539649999996,IDI1
55072,0.4446324872499998,RNF31
10745,0.4443687647500001,PHTF1
23125,0.44430837200000095,CAMTA2
10445,0.4440965600000002,MCRS1
8543,0.4440964460000001,LMO4
27020,0.44409439000000006,NPTN
22907,0.44404362775000017,DHX30
65010,0.44342157150000006,SLC26A6
23483,0.44331401900000067,TGDS
54555,0.4428529974999993,DDX49
23119,0.4427156542499997,HIC2
8835,0.44242133975000186,SOCS2
138199,0.44213907100000016,CARNMT1
55759,0.4417981750000024,WDR12
56897,0.441764116249999,WRNIP1
57805,0.44170535349999973,CCAR2
91750,0.44161489524999986,LIN52
4238,0.44151965125000014,MFAP3
112840,0.44143944400000024,WDR89
280636,0.44134373250000003,SELENOH
100507436,0.4411327924999995,MICA
29107,0.44095381425000024,NXT1
3201,0.4404753452500003,HOXA4
6511,0.4400377977499996,SLC1A6
80018,0.4399622837499999,NAA25
5498,0.43987310300000004,PPOX
79612,0.43960856025000083,NAA16
5732,0.4393226680000004,PTGER2
57510,0.43910235099999895,XPO5
28227,0.4390520335000003,PPP2R3B
65056,0.4390322969999989,GPBP1
3420,0.4389277842499997,IDH3B
84309,0.43805547999999916,NUDT16L1
4938,0.43801087699999997,OAS1
57687,0.4377050259999997,VAT1L
55119,0.43741670025,PRPF38B
83463,0.4373390727499995,MXD3
100129716,0.4370441070000002,ARRDC3-AS1
92595,0.4370000767499995,ZNF764
4733,0.43648919500000005,DRG1
79000,0.43597751399999973,AUNIP
10560,0.4356634462500004,SLC19A2
79039,0.43560985400000085,DDX54
80178,0.43557397475000004,TEDC2
79829,0.4348855162499996,NAA40
118472,0.43432990250000003,ZNF511
1385,0.43382443774999935,CREB1
27077,0.433734244500001,B9D1
79066,0.4337150632500002,METTL16
51491,0.43360759575000074,NOP16
284349,0.4335668897499989,ZNF283
7916,0.4328293707499995,PRRC2A
63908,0.4327885772499993,NAPB
54471,0.4327403897499993,MIEF1
128869,0.43215483424999945,PIGU
6836,0.43213879325000093,SURF4
338799,0.43186034324999945,LINC01089
9862,0.4317894330000005,MED24
871,0.43135927275000086,SERPINH1
10988,0.4312320642500005,METAP2
65980,0.43111963874999937,BRD9
9695,0.43105898474999993,EDEM1
6059,0.4307272174999994,ABCE1
79830,0.43065832724999975,ZMYM1
26784,0.4305687220000003,SNORA64
22850,0.43019921875000033,ADNP2
9240,0.4300461645000002,PNMA1
9949,0.4293702709999998,AMMECR1
2619,0.42899325850000025,GAS1
388962,0.4288670782499988,BOLA3
7436,0.42839520099999984,VLDLR
6238,0.42838122500000075,RRBP1
84266,0.4283243315000007,ALKBH7
23406,0.42804768999999787,COTL1
79607,0.4276464317499995,SIRAL1
84705,0.4276213284999999,GTPBP3
7705,0.4275483767499999,ZNF146
6538,0.4274576364999998,SLC6A11
10694,0.42701841500000093,CCT8
9126,0.4267246987499984,SMC3
5119,0.4266689332499993,CHMP1A
81875,0.42664195700000107,ISG20L2
6146,0.4264211024999991,RPL22
10544,0.4263978387499989,PROCR
9021,0.42639492424999936,SOCS3
81929,0.42628367500000053,SEH1L
83696,0.42613546975000016,TRAPPC9
152573,0.4261130837499998,SHISA3
54541,0.42607169475000006,DDIT4
2806,0.4259120154999998,GOT2
25940,0.4249770799999979,FAM98A
7372,0.42467840474999985,UMPS
6787,0.42423945350000025,NEK4
5630,0.4235044674999999,PRPH
9880,0.4233004107499996,ZBTB39
5692,0.4230071500000001,PSMB4
83547,0.4230038292500007,RILP
3954,0.42182015925000016,LETM1
56256,0.42112918499999985,SERTAD4
11284,0.4209597312499991,PNKP
25942,0.4209545322499997,SIN3A
284013,0.4206135562500002,VMO1
79731,0.42040964625000043,NARS2
2324,0.4203245092500003,FLT4
79833,0.4201411072500001,GEMIN6
9786,0.42012502499999993,KIAA0586
79770,0.4200111224999983,TXNDC15
55096,0.41978160749999915,EBLN2
84328,0.4194974664999993,LZIC
5530,0.4193870524999994,PPP3CA
80777,0.4189752520000001,CYB5B
10257,0.4189403149999995,ABCC4
7592,0.4187488450000001,ZNF41
6135,0.41850036500000165,RPL11
51018,0.4177097735000004,RRP15
3980,0.41770972949999985,LIG3
5337,0.4175927950000009,PLD1
100147773,0.4174421422500001,TMCO1-AS1
83992,0.4173102632500001,CTTNBP2
10229,0.4171547082500009,COQ7
3984,0.4171125524999999,LIMK1
56950,0.4170385579999998,SMYD2
55974,0.41671017524999954,SLC50A1
26589,0.41651592474999966,MRPL46
84914,0.4162914295000002,ZNF587
81832,0.4162910587499997,NETO1
51726,0.4159696774999997,DNAJB11
6950,0.41566776250000004,TCP1
10130,0.41563561749999955,PDIA6
10575,0.41558332750000027,CCT4
6625,0.4153684859999984,SNRNP70
1039,0.41476028075000215,CDR2
29997,0.41441174324999963,NOP53
25911,0.4143642880000007,DPCD
10459,0.4143545780000002,MAD2L2
200765,0.41430346325000045,TIGD1
10396,0.41417055025000016,ATP8A1
5338,0.41404703200000004,PLD2
56912,0.4138858882500003,IFT46
10196,0.41376936325000013,PRMT3
8602,0.4136975442500006,NOP14
51012,0.41363957574999866,PRELID3B
83732,0.4131560795000002,RIOK1
8372,0.41310373400000033,HYAL3
10594,0.41274352575000073,PRPF8
2671,0.41263632400000017,GFER
8568,0.4124843472499995,RRP1
284403,0.41237578249999984,WDR62
9377,0.41220024000000066,COX5A
80179,0.4121910732500007,MYO19
203259,0.41218539400000065,FAM219A
9782,0.41186359649999993,MATR3
10966,0.4110965462499987,RAB40B
157378,0.4109114667500009,TMEM65
29960,0.4106917857500001,MRM2
54914,0.41062159375000107,FOCAD
81691,0.4104829179999996,REXO5
1840,0.4104665139999999,DTX1
90161,0.4103211894999994,HS6ST2
207,0.41022355525000087,AKT1
10985,0.4101402207499998,GCN1
7203,0.4096434700000007,CCT3
26123,0.4096241002500012,TCTN3
100129482,0.4089762505000003,ZNF37BP
8487,0.4084918299999991,GEMIN2
54475,0.4083243002499999,NLE1
10273,0.4082351304999978,STUB1
7818,0.40796251250000104,DAP3
131076,0.4079363577499997,MIX23
10360,0.4078808975000001,NPM3
5934,0.4077407247499991,RBL2
23367,0.40768139925000035,LARP1
2079,0.40763876749999817,ERH
23126,0.4074680987500008,POGZ
56941,0.4073977649999989,HMCES
55249,0.4073664212499999,YY1AP1
153527,0.4072462165000008,ZMAT2
55027,0.4072108554999998,HEATR3
6668,0.40706849624999997,SP2
123,0.40646783800000064,PLIN2
28231,0.40638532724999976,SLCO4A1
64432,0.4059191977499994,MRPS25
5832,0.40588561825000014,ALDH18A1
80005,0.40581008500000015,DOCK5
9459,0.4056061842500007,ARHGEF6
10397,0.4055806547500005,NDRG1
65003,0.4055497282499996,MRPL11
1445,0.4053168190000003,CSK
5728,0.4053148992499995,PTEN
65059,0.4051217397500011,RAPH1
2593,0.40501220149999906,GAMT
259230,0.4045015284999991,SGMS1
83693,0.4038724022500002,HSDL1
26071,0.4037453624999996,RTL8A
5955,0.4036862224999993,RCN2
56257,0.40353412199999994,MEPCE
79869,0.4033077792500004,CPSF7
4216,0.4030372300000007,MAP3K4
9738,0.40255931075000007,CCP110
9255,0.40255715524999935,AIMP1
254225,0.4023479579999991,RNF169
200186,0.40211274950000053,CRTC2
9846,0.402079455,GAB2
55170,0.4019470187500005,PRMT6
3159,0.40184735525000015,HMGA1
253558,0.4018439377499998,LCLAT1
1663,0.40171249249999974,DDX11
8479,0.40132468425000045,HIRIP3
7013,0.40123665049999957,TERF1
4779,0.400624252250001,NFE2L1
7317,0.4002054035000011,UBA1
55790,0.40013889624999965,CSGALNACT1
91689,0.4001347902500001,SMDT1
55052,0.3997269274999997,MRPL20
403,0.3990770475000005,ARL3
51218,0.39895073500000144,GLRX5
203522,0.3988849757499997,INTS6L
6307,0.39884535749999905,MSMO1
126272,0.3985874365000015,EID2B
22847,0.3983219489999996,ZNF507
60488,0.39815474050000077,MRPS35
201191,0.39797484999999977,SAMD14
116115,0.3973524365000003,ZNF526
64601,0.3969939380000005,VPS16
115123,0.3964635132500005,MARCHF3
6897,0.3962406549999997,TARS1
57794,0.39599772349999984,SUGP1
84260,0.3958425182500003,TCHP
80335,0.39550401000000157,WDR82
128308,0.39504326799999845,MRPL55
26985,0.3950290997500012,AP3M1
2622,0.3949446047499996,DRC4
23387,0.39453503849999993,SIK3
79006,0.3944785832500006,METRN
55832,0.3943405487499998,CAND1
81559,0.39423976499999913,TRIM11
51005,0.39417924149999983,AMDHD2
55658,0.3941057765,RNF126
8558,0.39385132350000074,CDK10
10923,0.39351945499999985,SUB1
27043,0.3934886165000009,PELP1
27440,0.3932690559999994,HDHD5
57223,0.39302845075000015,PPP4R3B
27010,0.3929433554999999,TPK1
23122,0.3928769287500007,CLASP2
253512,0.39282489174999924,SLC25A30
80155,0.3926548182499996,NAA15
27044,0.3924812447499981,SND1
4601,0.39215128749999906,MXI1
1639,0.39208263674999877,DCTN1
284185,0.3919642852499998,LINC00482
1871,0.39146264774999917,E2F3
79760,0.3912567777499998,GEMIN7
26133,0.39116580700000014,TRPC4AP
5432,0.39100466274999945,POLR2C
85463,0.39069426074999924,ZC3H12C
51188,0.39053997474999846,SS18L2
128977,0.3897413064999995,C22orf39
79609,0.38951639374999925,VCPKMT
54982,0.38920321950000014,CLN6
10922,0.3888371104999999,FASTK
51400,0.3883145354999993,PPME1
6464,0.3881515104999993,SHC1
51729,0.38802346974999935,WBP11
10413,0.3875400062499992,YAP1
205,0.3873688227499992,AK4
205860,0.3870765237499998,TRIML2
9650,0.38643079474999986,MTFR1
84617,0.3863225425000003,TUBB6
11091,0.3862526222499998,WDR5
513,0.3858335379999991,ATP5F1D
6872,0.3856843360000002,TAF1
9369,0.3856776085,NRXN3
6605,0.3853803875000015,SMARCE1
80143,0.38537231349999956,SIKE1
54948,0.38517300300000024,MRPL16
5226,0.3849536630000001,PGD
9500,0.38485062499999856,MAGED1
9128,0.3848245002499997,PRPF4
123720,0.38473241424999927,WHAMM
54790,0.38456953599999943,TET2
10020,0.38454214000000064,GNE
727910,0.38423337199999974,TLCD2
393,0.38388600399999895,ARHGAP4
988,0.38382350149999844,CDC5L
23363,0.3834129922499998,OBSL1
6016,0.3833245665000007,RIT1
126295,0.38311955899999894,ZNF57
55197,0.382982869000001,RPRD1A
3791,0.38252732499999986,KDR
8545,0.3824547824999982,CGGBP1
8085,0.38234176649999974,KMT2D
5979,0.3821385207499999,RET
51660,0.3819888562499987,MPC1
284004,0.38184842674999997,HEXD
3301,0.38180408999999926,DNAJA1
57541,0.3817656679999999,ZNF398
55006,0.38163640950000044,TRMT61B
26994,0.38159994999999824,RNF11
80025,0.38067870174999996,PANK2
29990,0.3805364695,PILRB
6452,0.3803812292500002,SH3BP2
4809,0.3801206095000005,SNU13
86,0.37995440649999956,ACTL6A
246777,0.3799302972500005,SPESP1
10291,0.3797379905000007,SF3A1
54899,0.37965002074999976,PXK
1643,0.37926310299999955,DDB2
80778,0.3792169095000002,ZNF34
644246,0.37903074550000015,KANSL1-AS1
5693,0.3789069850000004,PSMB5
28998,0.3784369975000015,MRPL13
339448,0.37841355175000135,C1orf174
60490,0.3783774102500015,PPCDC
348654,0.37751927399999996,GEN1
100506469,0.3771773122500002,TMEM147-AS1
27335,0.3752639824999999,EIF3K
58517,0.3751806157500006,RBM25
23522,0.37399659350000025,KAT6B
3728,0.3739819149999999,JUP
6165,0.3737149600000027,RPL35A
23524,0.37353829375000025,SRRM2
9328,0.37340914999999963,GTF3C5
80148,0.37315852049999965,SLC66A2
146956,0.3731564484999996,EME1
1047,0.3731191997500001,CLGN
79080,0.37285886874999896,CCDC86
2870,0.37280295499999916,GRK6
8621,0.3724766727499995,CDK13
84134,0.37243602249999963,TOMM40L
5306,0.3723332985000001,PITPNA
5034,0.3722783300000003,P4HB
29118,0.3721911947500005,DDX25
10076,0.37190132775000073,PTPRU
28957,0.3715518100000015,MRPS28
201164,0.37095335649999983,PLD6
6132,0.37065449500000014,RPL8
401233,0.37037396250000043,HTATSF1P2
11052,0.37033927700000024,CPSF6
202051,0.36968466125,SPATA24
9926,0.36965557574999863,LPGAT1
219771,0.36957364274999804,CCNY
29066,0.3692810929999979,ZC3H7A
55295,0.3691306462499999,KLHL26
23160,0.3690357819999992,WDR43
54556,0.3690043964999994,ING3
282974,0.3688081512500001,STK32C
29855,0.3687436812499998,UBN1
124935,0.3684513005000003,SLC43A2
56288,0.36826592999999974,PARD3
28988,0.3682377802500003,DBNL
226,0.368101382499999,ALDOA
51585,0.36781608800000054,PCF11
56623,0.36773649399999986,INPP5E
4552,0.36749999774999953,MTRR
4237,0.3674246540000006,MFAP2
29914,0.36673628525,UBIAD1
29929,0.36669916299999983,ALG6
4191,0.3666741724999998,MDH2
26122,0.36658904150000104,EPC2
253143,0.3664810715,PRR14L
339324,0.36624888549999923,ZNF260
5394,0.3660712287500001,EXOSC10
28972,0.3655112849999984,SPCS1
55379,0.3653301612500002,LRRC59
389856,0.36532324350000067,USP27X
8732,0.36528978574999904,RNGTT
9101,0.3646309064999995,USP8
166968,0.36462281999999924,MIER3
3075,0.36378712550000003,CFH
5682,0.36371211750000043,PSMA1
1207,0.3634720199999997,CLNS1A
1802,0.3632521999999998,DPH2
51225,0.3631875445000001,ABI3
51163,0.36318212925000015,DBR1
318,0.3629476197499999,NUDT2
6731,0.36261104649999965,SRP72
5252,0.362598545,PHF1
7052,0.36202142324999986,TGM2
7541,0.36184055975000007,ZBTB14
29926,0.36161194275000064,GMPPA
6651,0.36122340100000017,SON
50999,0.3609387334999994,TMED5
5889,0.3609297069999995,RAD51C
7270,0.3608343322499996,TTF1
10669,0.3608128502500003,CGREF1
23303,0.36076640574999885,KIF13B
22998,0.3602371147500012,LIMCH1
6300,0.36000742374999994,MAPK12
23259,0.3599236029999986,DDHD2
79169,0.35979508299999985,C1orf35
79366,0.3597503312499999,HMGN5
51001,0.3593818402500002,MTERF3
246175,0.359305570750001,CNOT6L
23360,0.3591837740000017,FNBP4
4891,0.35909830275000143,SLC11A2
54468,0.3589864197500017,MIOS
26168,0.3588911044999996,SENP3
22880,0.3587338784999998,MORC2
5965,0.35867192824999883,RECQL
56997,0.35854457300000053,COQ8A
133619,0.3583339985000009,PRRC1
23248,0.3582362329999995,RPRD2
221935,0.3581949660000001,SDK1
55111,0.35773922525000046,PLEKHJ1
57221,0.3571394102500003,ARFGEF3
150759,0.35677360825000015,LINC00342
6778,0.3566295850000003,STAT6
1690,0.35658153975000006,COCH
9656,0.3561306537500011,MDC1
84942,0.35613010949999957,WDR73
54888,0.356071516250001,NSUN2
326625,0.3557648932499995,MMAB
6908,0.3557133077500003,TBP
7776,0.3555185654999997,ZNF236
147179,0.35539111525000067,WIPF2
6746,0.3553753300000011,SSR2
79624,0.35520241374999983,DCPH1
65998,0.3551562072500003,ZFTA
8165,0.35509545024999944,AKAP1
56946,0.35458600649999994,EMSY
283981,0.35455718825000027,LINC00685
84326,0.35435169825000035,METTL26
51062,0.35395469599999974,ATL1
5634,0.35341554300000055,PRPS2
342945,0.3533841849999999,ZSCAN22
6645,0.35334886950000044,SNTB2
121227,0.35319064400000055,LRIG3
929,0.3531660059999999,CD14
51191,0.35311318449999973,HERC5
337867,0.3530749792500014,UBAC2
1654,0.3530571822499988,DDX3X
117144,0.3527638310000003,CATSPER1
54998,0.3526440664999999,AURKAIP1
5520,0.35261514825000084,PPP2R2A
10042,0.3525549972500013,HMGXB4
221035,0.35227590524999997,REEP3
158056,0.35170586625000055,MAMDC4
30815,0.3515954620000006,ST6GALNAC6
23212,0.35141433199999916,RRS1
221584,0.35129091275000013,ZSCAN12P1
4968,0.3510558437500011,OGG1
7752,0.35084015325000095,ZNF200
55344,0.35041870625000016,PLCXD1
84306,0.3503495499999989,PDCD2L
27166,0.3500505077499998,PRELID1
79600,0.34950786975000003,TCTN1
9555,0.34929943175000133,MACROH2A1
23031,0.3489975012499995,MAST3
25873,0.3489963799999991,RPL36
22916,0.34899589624999905,NCBP2
9238,0.34892061874999936,TBRG4
54502,0.34864465649999987,RBM47
116224,0.34861256524999984,PABIR1
3029,0.34859475875,HAGH
85007,0.34824037325000035,PHYKPL
10712,0.34816434300000054,ENTREP3
64978,0.3479654450000007,MRPL38
84331,0.3479207652500005,MCRIP2
51193,0.34779181574999996,ZNF639
7874,0.3477688935000005,USP7
57130,0.3476496062500001,ATP13A1
5250,0.3475275075000006,SLC25A3
26155,0.3472667222500001,NOC2L
7694,0.3472321347499996,ZNF135
5538,0.34689155499999913,PPT1
10114,0.3468592404999997,HIPK3
261726,0.3467720402500003,TIPRL
348013,0.3467111030000001,TMEM255B
10425,0.34643536200000025,ARIH2
92305,0.3462821342500009,TMEM129
27286,0.3462206005000006,SRPX2
6507,0.34604357650000006,SLC1A3
374291,0.34583613250000056,NDUFS7
57507,0.34554522149999833,ZNF608
55757,0.34553055125000043,UGGT2
80727,0.34513358274999995,TTYH3
2799,0.3447463267499984,GNS
27090,0.34408753325000063,ST6GALNAC4
10480,0.3437474750000007,EIF3M
51253,0.3437166917500001,MRPL37
51133,0.3436142105000002,KCTD3
2746,0.3430451009999995,GLUD1
2130,0.3428494210000004,EWSR1
25880,0.3428224107499993,TMEM186
8536,0.34271980224999954,CAMK1
192683,0.34223017700000025,SCAMP5
11066,0.34190836675000025,SNRNP35
80311,0.3418743734999996,KLHL15
51082,0.34148747899999954,POLR1D
10891,0.3410518950000001,PPARGC1A
5093,0.34103690750000126,PCBP1
25920,0.3410034634999999,NELFB
1877,0.340870076249999,E4F1
29775,0.34068828899999914,CARD10
129303,0.34046358850000047,TMEM150A
51263,0.3403655489999995,MRPL30
94015,0.3400172132499999,TTYH2
285590,0.3398948809999993,SH3PXD2B
9045,0.33951666250000123,RPL14
64963,0.3393440522500004,MRPS11
11044,0.3391284387500004,TENT4A
23350,0.3390391307499989,U2SURP
54187,0.3388933412499995,NANS
283635,0.33888126325000023,FAM177A1
7450,0.33882361849999976,VWF
55897,0.3377413817499999,MESP1
51657,0.33773370125000035,STYXL1
34,0.3376972262500004,ACADM
10200,0.33731341275000126,MPHOSPH6
199857,0.33710467150000056,ALG14
160760,0.33708868150000004,PPTC7
83955,0.337026980000001,NACA4P
79147,0.33688583699999874,FKRP
134637,0.33680803450000063,ADAT2
23203,0.3366701502499998,PMPCA
6227,0.33608018500000014,RPS21
7733,0.3358616787500006,ZNF180
84680,0.33509411899999986,ACCS
6786,0.33500046075000034,STIM1
2762,0.3349481429999992,GMDS
10434,0.3349264399999985,LYPLA1
57182,0.3347738790000001,ANKRD50
80306,0.33467660649999953,MED28
8661,0.3343705675000024,EIF3A
55852,0.3336052187499998,TEX2
84314,0.33354883650000033,TMEM107
203427,0.33346596374999926,SLC25A43
79072,0.3332864152500008,FASTKD3
6654,0.33322903850000074,SOS1
2192,0.3329542242499999,FBLN1
10469,0.3329396987500006,TIMM44
7402,0.33276681699999955,UTRN
161,0.3323716477499996,AP2A2
94031,0.3323599317500001,HTRA3
63894,0.3321774359999994,VIPAS39
10000,0.3319340525000003,AKT3
339287,0.3318622129999973,MSL1
132884,0.3318046577499998,EVC2
51747,0.3316083325000001,LUC7L3
64222,0.3314389105000002,TOR3A
10591,0.3314050830000008,DNPH1
55183,0.3312851384999993,RIF1
157697,0.33128358649999967,ERICH1
84364,0.33103216675,ARFGAP2
100506730,0.3308232787499996,LOC100506730
7075,0.3305644465000004,TIE1
10534,0.3304883767499991,ZNRD2
51292,0.3303175682500026,GMPR2
11128,0.3302987765000003,POLR3A
9368,0.3301726807499996,NHERF1
10399,0.33013632250000313,RACK1
347734,0.32927877875,SLC35B2
100874032,0.32916983199999983,PRRT3-AS1
51734,0.3290841987499995,MSRB1
5311,0.32882848200000225,PKD2
27099,0.32861522124999976,SND1-IT1
65117,0.3281743847499996,RSRC2
8914,0.32804158849999965,TIMELESS
4928,0.32790917474999937,NUP98
64777,0.3278815144999996,RMND5B
8209,0.3278169392499999,GATD3
6782,0.3275131892500003,HSPA13
124512,0.3274955544999987,METTL23
9159,0.327380594250001,PCSK7
8722,0.32702260725000043,CTSF
9189,0.32662295800000063,ZBED1
27148,0.3265601572500003,STK36
5495,0.3261919130000006,PPM1B
1655,0.3261413899999983,DDX5
79763,0.32605448875000054,ISOC2
55421,0.32591817099999965,NCBP3
55853,0.32583297724999927,IDI2-AS1
5720,0.3257666407499986,PSME1
55651,0.3257414100000009,NHP2
127253,0.32553041399999927,TYW3
80142,0.32529112950000005,PTGES2
54870,0.32526099275000053,QRICH1
84641,0.325242674250001,SLC71A2
10953,0.3252109084999999,TOMM34
90480,0.32513753525000055,GADD45GIP1
6666,0.3250159457499997,SOX12
57035,0.32489881400000087,RSRP1
54742,0.32429817049999965,LY6K
4848,0.3240537732500002,CNOT2
8624,0.32404635999999876,PSMG1
3384,0.324000721,ICAM2
26065,0.323932193000001,LSM14A
11244,0.32376328625000106,ZHX1
440944,0.3234719145000007,THUMPD3-AS1
4833,0.32322593799999844,NME4
23580,0.3231935244999997,CDC42EP4
3945,0.32317863249999945,LDHB
8505,0.322865200749999,PARG
10421,0.322852428,CD2BP2
100137047,0.32246278149999963,JMJD7
644096,0.32216938725000066,SDHAF1
5685,0.3217428825000006,PSMA4
55876,0.32124101525000004,GSDMB
132660,0.32117940975000003,LIN54
4707,0.32094948249999966,NDUFB1
55616,0.32079681824999984,ASAP3
8396,0.3204850025000008,PIP4K2B
406,0.3199722537500005,BMAL1
55556,0.3197600155,ENOSF1
283489,0.3192679449999991,CHAMP1
22908,0.31920227749999874,SACM1L
55365,0.3188460102499997,TMEM176A
9331,0.3187655832499994,B4GALT6
92999,0.3186958335000001,ZBTB47
100507475,0.3182519804999999,IDH1-AS1
100505573,0.31819684274999993,INAFM2
305,0.3179881339999997,ANXA2P3
64429,0.3175539077499998,ZDHHC6
3190,0.31731566500000064,HNRNPK
1718,0.3167645185000012,DHCR24
51520,0.316362054749999,LARS1
7626,0.3163333842500009,ZNF75D
57466,0.3158622402500004,SCAF4
440465,0.31583590149999985,BAIAP2-DT
2224,0.31581422449999863,FDPS
84078,0.3153561385000003,KBTBD7
84083,0.3150342517500002,ZRANB3
6188,0.3149561750000007,RPS3
6208,0.3148121150000005,RPS14
3066,0.3147507245000005,HDAC2
64062,0.3144557417500007,RBM26
10129,0.31440901175,FRY
23277,0.3143185572500009,CLUH
57519,0.31412530674999983,STARD9
10458,0.31408403049999967,BAIAP2
3965,0.3140529220000001,LGALS9
321,0.3139494499999991,APBA2
51283,0.31391171324999867,BFAR
26502,0.3131321155000002,NARF
643641,0.31301498474999967,ZNF862
54920,0.312870932750001,DUS2
51174,0.31264693724999937,TUBD1
8704,0.3126243702499991,B4GALT2
8202,0.3124899407500008,NCOA3
23660,0.31228944874999964,ZKSCAN5
9183,0.31177042825,ZW10
91419,0.3116392399999999,ATP23
8629,0.3115772564999997,JRK
81577,0.3115659062499998,GFOD2
113246,0.3114990755000022,C12orf57
5187,0.3113859870000004,PER1
8834,0.3113497334999993,TMEM11
200424,0.3112371702500001,TET3
91647,0.3111695652499993,ATPAF2
353,0.31078893225000037,APRT
729967,0.31066056699999933,MORN2
6929,0.31065058425000114,TCF3
138241,0.31062822024999903,C9orf85
1397,0.3104990309999991,CRIP2
10687,0.3102385662499998,PNMA2
6829,0.31023160750000045,SUPT5H
27037,0.3102033974999996,TRMT2A
10352,0.31016778575000004,WARS2
145407,0.31008848174999937,ARMH4
10016,0.3100577624999996,PDCD6
93622,0.3100522552499996,MRFAP1L2
51433,0.3100395927499999,ANAPC5
84726,0.3099905024999998,PRRC2B
1662,0.30991773599999917,DDX10
3234,0.30979403949999984,HOXD8
90826,0.30973327550000107,PRMT9
8642,0.30964663874999987,DCHS1
6874,0.3096346089999997,TAF4
5300,0.30958545225000034,PIN1
1660,0.3095198175,DHX9
8490,0.3093296169999995,RGS5
6331,0.30925426599999994,SCN5A
7181,0.3092359287499997,NR2C1
3054,0.30919178774999967,HCFC1
134430,0.3085491782500007,WDR36
158293,0.3082647304999995,FAM120AOS
27131,0.3082553655000009,SNX5
140890,0.3081545612499994,SREK1
54550,0.30803440449999986,NECAB2
57669,0.3080326292500004,EPB41L5
1362,0.3080298429999999,CPD
10949,0.3078983555000008,HNRNPA0
684,0.3078790615,BST2
8899,0.3076526722499988,PRP4K
23399,0.3076367375000002,CTDNEP1
9349,0.30755690249999823,RPL23
10327,0.30748841600000176,AKR1A1
1089,0.30744395825000037,CEACAM4
83695,0.3074398802499996,RHNO1
10523,0.30738162124999935,CHERP
56242,0.30715748450000113,ZNF253
375,0.3070708479999986,ARF1
51479,0.3068212019999992,ANKFY1
28966,0.306665799000001,SNX24
7033,0.30666355275000035,TFF3
4881,0.30658532024999996,NPR1
1955,0.3065390522499989,MEGF9
6612,0.30651581525000005,SUMO3
2745,0.3063828392500003,GLRX
6194,0.3062431200000013,RPS6
5189,0.3061216515000007,PEX1
197335,0.3060027299999999,WDR90
5881,0.30598698375,RAC3
28958,0.3057310035000018,COA3
3192,0.3045075290000012,HNRNPU
9909,0.3042498757499992,DENND4B
23152,0.3041147797500008,CIC
55689,0.30374018625000154,YEATS2
92675,0.3037035469999996,DTD1
90806,0.3036587374999993,ANGEL2
11230,0.30315794700000076,PRAF2
2958,0.3030326899999993,GTF2A2
57606,0.3026913822499999,SLAIN2
3622,0.30264296300000026,ING2
4692,0.30216303899999986,NDN
643836,0.30212206524999896,ZFP62
1515,0.30208373950000045,CTSV
3212,0.30200800974999886,HOXB2
7318,0.3018835687500001,UBA7
5727,0.3018250472499999,PTCH1
80772,0.3018164445,CPTP
23506,0.30164429075000054,BICRAL
80347,0.3015545277499996,COASY
128061,0.3013619082500014,FSAF1
23532,0.30112854324999994,PRAME
311,0.3010448912499992,ANXA11
8578,0.30099111775000065,SCARF1
57551,0.3008375262499996,TAOK1
23450,0.3007546330000004,SF3B3
342,0.30063165900000044,APOC1P1
440026,0.3006255290000013,TMEM41B
607,0.3002327075000002,BCL9
4706,0.3000879025000014,NDUFAB1
51365,0.3000269565,PLA1A
5602,0.2999593382499999,MAPK10
100128927,0.29973189049999993,ZBTB42
56252,0.2996165840000007,YLPM1
1912,0.2987668189999999,PHC2
64708,0.2983341020000001,COPS7B
124602,0.2981352887499997,KIF19
4192,0.2979303375,MDK
124790,0.2978372010000001,HEXIM2
84128,0.2976852512499999,WDR75
6558,0.2976567452499994,SLC12A2
10890,0.29758945324999964,RAB10
57109,0.2974267807500004,REXO4
283899,0.29706747774999975,INO80E
414777,0.2969973330000002,HCG18
27343,0.29699559675,POLL
8567,0.2963663494999995,MADD
2050,0.2958305904999996,EPHB4
284900,0.295670479,TTC28-AS1
575,0.2950196202499997,ADGRB1
23478,0.294887822499998,SEC11A
121601,0.2944429687500003,ANO4
9956,0.29416794175000005,HS3ST2
10556,0.2936020297500006,RPP30
8645,0.2934487322499999,KCNK5
60672,0.29314715950000014,MIIP
738,0.2930084094999996,VPS51
84140,0.2929692279999996,FAM161A
79832,0.29290935900000026,QSER1
4800,0.29289547225000057,NFYA
29102,0.29269250249999956,DROSHA
9112,0.2920335724999994,MTA1
7108,0.2909337382499997,TM7SF2
255783,0.29059521499999974,INAFM1
254896,0.29022094999999926,LOC254896
4701,0.2901595037499991,NDUFA7
3843,0.29002850650000056,IPO5
6497,0.2897588140000007,SKI
1974,0.28949009499999967,EIF4A2
84946,0.2894513357499999,LTV1
801,0.2893066127499999,CALM1
90007,0.2891884717500002,MIDN
53373,0.2885599205,TPCN1
283537,0.2885251584999988,SLC46A3
55223,0.28851965974999993,TRIM62
92714,0.28848842549999887,ARRDC1
64852,0.2883682777499992,TUT1
1723,0.2876302349999995,DHODH
90025,0.287044805749999,UBE3D
9465,0.2868437612499992,AKAP7
84826,0.28676936899999994,SFT2D3
7311,0.28670041499999854,UBA52
6839,0.2865578482500002,SUV39H1
128240,0.286381811750001,NAXE
56949,0.2860180680000006,XAB2
8733,0.28596922000000013,GPAA1
10068,0.2858667292499999,IL18BP
55752,0.2857784612500005,SEPTIN11
151056,0.28572518175000017,PLB1
10402,0.28545380000000087,ST3GAL6
25839,0.2853864454999995,COG4
23395,0.2852854757500012,LARS2
5691,0.2852326050000009,PSMB3
26000,0.28511753125000094,TBC1D10B
9364,0.28510699474999956,RAB28
10482,0.28494458224999963,NXF1
6723,0.2848937739999995,SRM
22832,0.28489346574999974,CEP162
55028,0.28488908874999996,MTNAP1
57583,0.2844208170000009,TMEM181
11260,0.2843390800000005,XPOT
65997,0.2842773569999997,RASL11B
646903,0.284023327249999,LOC646903
1632,0.2835761557499996,ECI1
9927,0.28352880050000095,MFN2
29086,0.28326088649999903,BABAM1
91120,0.28315533925000036,ZNF682
3455,0.28303197774999855,IFNAR2
6124,0.282651787499999,RPL4
23640,0.28258005574999956,HSPBP1
79145,0.2825170280000009,CHCHD7
10744,0.2824294227500004,PTTG2
8649,0.2823906394999991,LAMTOR3
92106,0.2823093019999998,OXNAD1
51637,0.2821827499999987,RTRAF
1211,0.28142205000000153,CLTA
7979,0.2813458155000017,SEM1
100861555,0.2809958322499999,SWINGN
9814,0.28068890449999984,SFI1
55585,0.2806865089999997,UBE2Q1
51427,0.2806318392499998,ZNF107
2054,0.2806207442499993,STX2
729799,0.28048858674999977,SEC14L1P1
119710,0.2803044004999995,IFTAP
222484,0.28010340574999937,LNX2
9044,0.2800039630000004,BTAF1
384,0.2795407504999998,ARG2
1353,0.2794725944999996,COX11
7174,0.27934253225000116,TPP2
2935,0.2793360575000001,GSPT1
80110,0.27916660149999917,ZNF614
10576,0.27911075749999803,CCT2
55686,0.2789638817500002,MREG
51366,0.27846321100000004,UBR5
8930,0.2782522914999994,MBD4
5883,0.27779254950000043,RAD9A
5127,0.27773837774999954,CDK16
7178,0.2774478975000001,TPT1
5438,0.2772284912499998,POLR2I
26519,0.27720947175,TIMM10
56683,0.2771321592499998,CFAP298
162239,0.2766995185000001,ZFP1
7871,0.27630729300000034,SLMAP
283659,0.27614549874999916,PRTG
4920,0.2760680609999997,ROR2
23411,0.2757286727499988,SIRT1
5062,0.27564844199999783,PAK2
64965,0.27541721625000015,MRPS9
7155,0.27540511500000164,TOP2B
9589,0.2753312867499993,WTAP
100286922,0.27473761099999994,LOC100286922
386678,0.27461631925000063,KRTAP10-11
84769,0.27460693874999986,MPV17L2
1627,0.27457575000000034,DBN1
9812,0.2744638337499996,DELE1
63875,0.27421049099999983,MRPL17
51351,0.27414666000000043,ZNF117
5702,0.2741087057500007,PSMC3
55709,0.2739876034999993,KBTBD4
23509,0.27393391749999996,POFUT1
9771,0.27379393124999973,RAPGEF5
6305,0.27310586825000005,SBF1
9937,0.2730316777499997,DCLRE1A
6781,0.2728959882499997,STC1
8087,0.2728017837499994,FXR1
22913,0.2726723584999995,RALY
53635,0.27264112749999914,PTOV1
1009,0.27257198100000046,CDH11
55095,0.27247861725,SAMD4B
647946,0.2721153797499998,MIR924HG
100506100,0.27190490675000056,ZDHHC12-DT
79002,0.2717845432499999,TRIR
8036,0.2715116900000005,SHOC2
2905,0.2714888772499995,GRIN2C
5935,0.27126758949999896,RBM3
771,0.2710278862500002,CA12
56650,0.2706932205000001,CLDND1
1161,0.27063705700000007,ERCC8
9701,0.270405736749999,PPP6R2
64863,0.2703718442500005,METTL4
200845,0.27030410249999903,KCTD6
26015,0.2700337629999998,RPAP1
84164,0.26972134350000054,ASCC2
90075,0.26970800525000005,ZNF30
51274,0.26965107400000043,KLF3
63920,0.26953575075000025,ZBED8
4547,0.2693283922499998,MTTP
9784,0.2692861139999998,SNX17
64856,0.2692442637500001,VWA1
51227,0.26923879950000185,PIGP
54938,0.26877198300000016,SARS2
83743,0.26870470749999953,GRWD1
960,0.26813507924999946,CD44
646214,0.26786332774999977,LOC646214
10362,0.26784461500000045,HMG20B
26608,0.26770738625000234,TBL2
285753,0.2676436615000002,CEP57L1
55015,0.26763047050000033,PRPF39
90507,0.2673587415000007,SCRN2
9844,0.26728843275,ELMO1
23607,0.2670792310000003,CD2AP
10919,0.26705272149999937,EHMT2
440288,0.2670128572500001,UBL7-DT
1979,0.2669659842499996,EIF4EBP2
2697,0.26692820999999967,GJA1
57727,0.26676530050000036,NCOA5
8260,0.2664053772500008,NAA10
79652,0.2662827162500001,TMEM204
23197,0.2660758227499995,FAF2
5334,0.2658511269999999,PLCL1
56905,0.2658107917499999,PRMT2IP
245812,0.26579166974999957,CNPY4
23521,0.26578889999999866,RPL13A
93587,0.26567561124999983,TRMT10A
57787,0.2655788462500004,MARK4
196883,0.26509728025,ADCY4
6903,0.26486864724999926,TBCC
488,0.2646702209999994,ATP2A2
5511,0.26466238325000013,PPP1R8
55657,0.26446952475000085,ZNF692
285527,0.26436439650000043,FRYL
22990,0.2638978964999996,PCNX1
88745,0.263843936999999,RRP36
79954,0.2636142934999999,NOL10
5521,0.26341058650000004,PPP2R2B
10885,0.2633743974999998,WDR3
63901,0.26306956125000003,FAM111A
119559,0.26290497975000005,SFXN4
84299,0.2626865077499989,MIEN1
51226,0.26247613174999973,COPZ2
752014,0.26244618025,CEMP1
51078,0.26218583699999964,THAP4
55168,0.262168267749999,MRPS18A
57479,0.26214755374999976,PRR12
162073,0.2621063499999998,ITPRIPL2
221545,0.2619180307500004,C6orf136
161882,0.2618300610000004,ZFPM1
256329,0.26167809200000036,LMNTD2
1849,0.26133843599999995,DUSP7
5981,0.26132320150000066,RFC1
7701,0.2610368092499993,ZNF142
23060,0.2610021164999998,ZNF609
25983,0.26047987000000106,NGDN
8321,0.26046839799999955,FZD1
51056,0.2604334874999985,LAP3
2313,0.26013482874999916,FLI1
65080,0.25997611150000033,MRPL44
498,0.25957145750000166,ATP5F1A
26146,0.259374814750001,IFT54
6455,0.2593599899999992,SH3GL1
54149,0.2593188445000001,C21orf91
83604,0.2592890297500001,TMEM47
3678,0.25908850725000043,ITGA5
9406,0.25902833324999897,ZRANB2
51096,0.2585563799999999,UTP18
8677,0.2584878742500001,STX10
254102,0.2583109677500004,EHBP1L1
92170,0.25814777299999925,MTG1
57472,0.25781220750000244,CNOT6
152518,0.2578056657500003,NFXL1
2548,0.25776938699999974,GAA
51762,0.2573939847500002,RAB8B
7184,0.2573741725000005,HSP90B1
6429,0.2569759537499987,SRSF4
23366,0.25695753524999976,MATCAP2
5347,0.25681260100000003,PLK1
284273,0.2567982520000003,PTGR3
23294,0.2567063427499985,ANKS1A
24,0.2564928670000004,ABCA4
6608,0.25631243675000004,SMO
874,0.25621726799999944,CBR3
55500,0.2558435645000001,ETNK1
128346,0.2557751397500003,C1orf162
9169,0.25573898925000016,SCAF11
9533,0.25536970225000033,POLR1C
100381270,0.25535772324999995,ZBED6
11325,0.25533567124999834,DDX42
100287569,0.25533357349999974,LINC00173
1675,0.2552817760000008,CFD
10392,0.2552778980000001,NOD1
59349,0.25526699200000014,KLHL12
57688,0.2551740067499999,ZSWIM6
90324,0.25493227900000015,CCDC97
83939,0.2548325325000018,EIF2A
55316,0.2547664274999999,RSAD1
129831,0.2547347407500009,RBM45
83759,0.2545373697500013,RBM4B
29088,0.2543757899999992,MRPL15
3983,0.25426901925000056,ABLIM1
23261,0.25420787925,CAMTA1
80336,0.25416285674999983,PABPC1L
26999,0.2538957704999998,CYFIP2
64210,0.2538913167499999,MMS19
124220,0.2538030852499995,ZG16B
6169,0.2537648575000002,RPL38
10432,0.2537131465,RBM14
143684,0.25354412725000053,FAM76B
8666,0.25346621050000095,EIF3G
7289,0.25328086950000017,TULP3
10552,0.2532360147499979,ARPC1A
7469,0.2528387242499992,NELFA
51735,0.25276441875,RAPGEF6
55120,0.2526111432500002,FANCL
81556,0.252597261,INTS14
55110,0.25221777025000014,MAGOHB
199,0.2522116502499996,AIF1
80764,0.25203863299999973,THAP7
100506497,0.2517688545000003,CPVL-AS2
60678,0.25163787050000064,EEFSEC
6940,0.2515516104999991,ZNF354A
83987,0.25145072000000024,CCDC8
25923,0.25127188274999934,ATL3
5868,0.25122018999999973,RAB5A
8664,0.2511849875000003,EIF3D
51586,0.2511687639999991,MED15
51530,0.25114806624999986,ZC3HC1
10201,0.2511276440000003,NME6
6670,0.25109976649999943,SP3
989,0.2510106457500001,SEPTIN7
5315,0.25079292050000035,PKM
9902,0.25079014875000016,MRC2
81617,0.2507420785000001,CAB39L
9925,0.2504937594999994,ZBTB5
55778,0.2504199322500007,ZNF839
27109,0.2502055077500005,DMAC2L
23193,0.25018222375000043,GANAB
1371,0.25006055749999945,CPOX
90246,0.24965239650000015,LOC90246
84529,0.24911219949999985,CDIN1
51003,0.2490061740000007,MED31
148266,0.24895860049999996,ZNF569
79058,0.24894927174999992,ASPSCR1
1024,0.2488449462500002,CDK8
57536,0.24864578300000018,KIAA1328
10959,0.24845989750000008,TMED2
64975,0.2477296235000015,MRPL41
9711,0.24763453250000023,RUBCN
55131,0.24755799025000158,RBM28
57016,0.2474559872499995,AKR1B10
115,0.24739653050000054,ADCY9
23731,0.24726532849999927,TMEM245
23385,0.24664064949999887,NCSTN
421,0.24663360899999986,ARVCF
92400,0.24643190374999957,RBM18
8520,0.24640577750000148,HAT1
4081,0.2462988892500011,MAB21L1
9551,0.2462041475000003,ATP5MF
124411,0.24617041800000017,KRABD5
9667,0.24600459524999962,SAFB2
58480,0.24600071424999959,RHOU
10870,0.2456895162499988,HCST
23019,0.24565073700000006,CNOT1
25907,0.24562696899999992,TMEM158
5627,0.24551694200000096,PROS1
4673,0.24551575849999807,NAP1L1
5783,0.24546872924999974,PTPN13
93100,0.24543209700000013,NAPRT
1998,0.2452620940000001,ELF2
29894,0.2452104804999995,CPSF1
25894,0.24509003899999993,PLEKHG4
23186,0.24507634224999908,RCOR1
51650,0.24492724350000117,MRPS33
54974,0.24489191899999962,THG1L
10898,0.2448673177500007,CPSF4
51542,0.2447931324999999,VPS54
7360,0.24477817750000064,UGP2
79729,0.24449053749999994,MNMIP1
80790,0.2441846067499993,CMIP
100533182,0.24410048900000048,SEC24B-AS1
8227,0.24404192750000053,AKAP17A
8697,0.2440084017499995,CDC23
23211,0.24372553350000103,ZC3H4
9654,0.24354606300000015,TTLL4
22828,0.24343629924999988,SCAF8
27340,0.24343535174999964,UTP20
58493,0.2433089522499996,INIP
136647,0.2431274004999988,MPLKIP
1000,0.24304782175000028,CDH2
25796,0.24246783650000125,PGLS
124995,0.24232421574999918,MRPL10
54963,0.24221513075,UCKL1
9669,0.24156295550000095,EIF5B
51466,0.24125111950000022,EVL
28989,0.24123931300000123,NTMT1
27292,0.2410547575000006,DIMT1
100316904,0.24097887100000026,SAP25
109,0.24095413949999944,ADCY3
95681,0.2407976190000003,CEP41
57407,0.24077001599999903,NMRAL1
80318,0.24069866174999888,GKAP1
51655,0.24067084350000023,RASD1
79153,0.24010382099999994,GDPD3
11332,0.24004929350000026,ACOT7
6156,0.24000381500000145,RPL30
4249,0.23995692000000002,MGAT5
123811,0.23954054000000014,CEP20
6242,0.23943863875000027,RTKN
10746,0.2392594429999999,MAP3K2
55536,0.23923601900000024,CDCA7L
8425,0.23915841225000012,LTBP4
64718,0.23912421400000028,UNKL
10939,0.23886714350000027,AFG3L2
10750,0.2388170650000001,GRAP
53917,0.2387408197499994,RAB24
1387,0.23861215049999984,CREBBP
55656,0.23831358225000088,INTS8
8239,0.238214686500001,USP9X
79654,0.23815088574999965,HECTD3
92609,0.23810244950000126,TIMM50
81930,0.23784736624999958,KIF18A
201514,0.23780388299999977,ZNF584
8813,0.23766106500000106,DPM1
8890,0.23765942249999927,EIF2B4
56125,0.2372813159999998,PCDHB11
5814,0.23705424475000036,PURB
60436,0.23668151950000027,TGIF2
2108,0.23658008749999837,ETFA
58190,0.23649537075000016,CTDSP1
11072,0.2363296932499992,DUSP14
55174,0.23628915850000176,INTS10
23,0.23627132975000098,ABCF1
9694,0.2358090269999984,EMC2
23061,0.2355042670000005,TBC1D9B
9249,0.2354970449999998,DHRS3
55850,0.23530269400000048,USE1
54437,0.23525398125000052,SEMA5B
54538,0.2352204935000004,ROBO4
80331,0.23520101974999896,DNAJC5
1879,0.23519662249999929,EBF1
2631,0.2350805825000002,NIPSNAP2
126208,0.23453583299999892,ZNF787
9130,0.23438993474999847,FAM50A
4542,0.23423191899999907,MYO1F
123096,0.2342072264999997,SLC25A29
633,0.2341759042499989,BGN
84898,0.23398476350000008,PLXDC2
201475,0.2336887542500019,RAB12
79144,0.23349753825000086,PPDPF
483,0.2333180575,ATP1B3
26088,0.2331880919999998,GGA1
1796,0.23315741074999963,DOK1
65986,0.23312727425000013,ZBTB10
11041,0.2329084612500001,B4GAT1
286451,0.23230320199999888,YIPF6
6633,0.2322182099999992,SNRPD2
1410,0.23176027475000005,CRYAB
55746,0.2316981370000013,NUP133
51069,0.23162764475000053,MRPL2
8404,0.2316001449999998,SPARCL1
9276,0.23158852250000095,COPB2
10787,0.2313286174999991,NCKAP1
54675,0.2312172932499994,CRLS1
4602,0.23117983649999996,MYB
968,0.23083478849999928,CD68
127933,0.23078494425000073,UHMK1
5080,0.2307489529999991,PAX6
83440,0.23067219674999961,ADPGK
25960,0.2306653660000002,ADGRA2
56848,0.23064279625000017,SPHK2
53346,0.23054453174999967,TM6SF1
27348,0.2302887262500004,TOR1B
100287896,0.2302330377500006,LIPT2-AS1
22909,0.23008658974999996,FAN1
36,0.22979579149999996,ACADSB
1622,0.22948610249999923,DBI
6314,0.22919541175000013,ATXN7
285971,0.22913155850000022,ZNF775
4149,0.22910662575000096,MAX
10691,0.2287249087499994,GMEB1
79364,0.22843632324999952,ZXDC
6745,0.22834758425000246,SSR1
57719,0.22825734874999992,ANO8
22803,0.22815197200000092,XRN2
2534,0.22799584399999961,FYN
4140,0.22791694024999742,MARK3
51014,0.22787656549999902,TMED7
7696,0.22766547474999976,ZNF137P
6856,0.22748857250000043,SYPL1
79084,0.22729806849999967,WDR77
114823,0.22723946650000038,LENG8
112483,0.22720775824999961,SAT2
387647,0.22708711099999945,PTCHD3P1
8021,0.22685824224999962,NUP214
3693,0.22683080499999875,ITGB5
351,0.2267750624999998,APP
84268,0.2267302495000001,RPAIN
79648,0.22646337050000032,MCPH1
55311,0.22636799350000025,ZNF444
168374,0.22609395524999965,ZNF92
7534,0.22600275249999946,YWHAZ
10393,0.2258931154999999,ANAPC10
3799,0.22584352750000036,KIF5B
127544,0.22559815200000033,RNF19B
10726,0.22550832900000195,NUDC
26512,0.22543637499999925,INTS6
140735,0.22519100375,DYNLL2
57661,0.22497517525,PHRF1
169834,0.22474938025000002,ZNF883
64773,0.22473502600000028,PCED1A
54148,0.22448401424999886,MRPL39
10389,0.22434190949999966,SCML2
9933,0.2242362145000012,PUM3
8658,0.22399919799999957,TNKS
51234,0.22386868999999976,EMC4
10929,0.22359079324999964,SRSF8
55603,0.22351609399999894,TENT5A
5687,0.22337898249999988,PSMA6
57534,0.22332823825000148,MIB1
339559,0.22322880600000028,ZFP69
10970,0.2232156224999997,CKAP4
115560,0.22314800124999934,ZNF501
54765,0.2230608225000008,TRIM44
64421,0.22284740249999935,DCLRE1C
285989,0.22281102375000028,ZNF789
162655,0.22238263275000003,ZNF519
2029,0.22236315499999915,ENSA
10762,0.22209016999999953,NUP50
91584,0.22193903500000012,PLXNA4
221927,0.22192539399999944,BRAT1
25970,0.22164116275000012,SH2B1
783,0.2214424115,CACNB2
115939,0.22142721049999992,TSR3
23401,0.2210514374999999,FRAT2
55527,0.2209832435000001,FEM1A
6418,0.22094368249999974,SET
55272,0.22092018549999892,IMP3
231,0.2208954349999992,AKR1B1
1059,0.22074487250000008,CENPB
54522,0.2206823250000003,ANKRD16
10550,0.21994979449999974,ARL6IP5
5688,0.21981133499999927,PSMA7
55683,0.2195481477500003,KANSL3
92579,0.2193162602499994,G6PC3
9538,0.2192869050000006,EI24
10277,0.21920047650000019,UBE4B
1345,0.2191237699999995,COX6C
215,0.21905425975000004,ABCD1
51691,0.21895493550000023,LSM8
25896,0.21893616924999915,INTS7
129787,0.21890879025000132,TMEM18
10026,0.21835628325000123,PIGK
148741,0.21832859700000018,ANKRD35
7786,0.21825846874999932,MAP3K12
9409,0.21791629049999983,PEX16
57117,0.21728409450000008,INTS12
8399,0.21705575774999986,PLA2G10
6051,0.21704048000000054,RNPEP
55830,0.21698157099999982,GLT8D1
55317,0.21681553099999995,AP5S1
4241,0.21667657400000007,MELTF
11132,0.2164912667500003,CAPN10
3673,0.21637729874999856,ITGA2
113829,0.2161450592499996,SLC35A4
10162,0.21614206000000014,LPCAT3
80209,0.21609405899999778,PROSER1
123207,0.21599737550000064,C15orf40
81553,0.21593342674999993,CYRIA
199692,0.21586267150000005,ZNF627
54904,0.2158310324999988,NSD3
6229,0.21581290749999837,RPS24
143884,0.2156170115,CWF19L2
9757,0.21545016374999992,KMT2B
123355,0.21541519074999993,LRRC28
124637,0.21538852050000035,CYB5D1
58487,0.21531222299999975,CREBZF
403341,0.2147496000000002,ZBTB34
8045,0.21468991925000047,RASSF7
6881,0.21456010949999893,TAF10
10963,0.2145580317500002,STIP1
7625,0.21446970374999985,ZNF74
126231,0.21440049150000018,ZNF573
129563,0.21420377774999988,DIS3L2
56731,0.21375700499999972,SLC2A4RG
25895,0.2137376252499994,EEF1AKMT3
27089,0.21371545250000068,UQCRQ
54549,0.21343116974999976,SDK2
7071,0.21324758100000096,KLF10
92482,0.2130700275000006,BBIP1
7093,0.21282527725000033,TLL2
6138,0.21255003250000115,RPL15
8192,0.21240739675000064,CLPP
92105,0.21213874374999975,INTS4
148413,0.2117460074999995,MRPL20-AS1
51449,0.21174353874999952,PCYOX1
5018,0.2117187262499982,OXA1L
55203,0.21159229449999994,LGI2
22873,0.21137702700000105,DZIP1
22853,0.21119202125000047,LMTK2
286144,0.21094061700000033,TRIQK
8451,0.21069557849999931,CUL4A
84662,0.2105803945,GLIS2
1901,0.2104438042500001,S1PR1
5641,0.21023518949999964,LGMN
85021,0.2098115057500003,REPS1
23476,0.2096634159999997,BRD4
57211,0.2095978770000002,ADGRG6
10983,0.2094470775000019,CCNI
51134,0.20927131075000016,CEP83
29904,0.20914458450000062,EEF2K
9618,0.20899165199999992,TRAF4
374969,0.20891268500000137,SVBP
89894,0.20885022124999963,TMEM116
51118,0.20882417825000044,UTP11
5091,0.20864312824999942,PC
8360,0.20854385599999992,H4C4
84138,0.20850168850000017,SLC7A6OS
63892,0.20820675625000007,THADA
7156,0.20818440874999977,TOP3A
6576,0.20800841649999935,SLC25A1
9821,0.2079942537499999,RB1CC1
7332,0.20777410024999998,UBE2L3
3052,0.20755082624999943,HCCS
56852,0.20705318350000024,RAD18
10813,0.20702749824999955,UTP14A
100507217,0.20698566499999949,CHASERR
3614,0.20692478099999967,IMPDH1
166,0.20688884575,TLE5
100873769,0.206888599,RNU6-64P
23362,0.20680475674999954,PSD3
317,0.20678661025,APAF1
57824,0.20672237174999974,HMHB1
10906,0.20660081399999974,TRAFD1
81542,0.20657574924999977,TMX1
285521,0.20620340599999842,COX18
8895,0.20619116000000037,CPNE3
6895,0.20594004074999983,TARBP2
1525,0.2057316572500003,CXADR
10471,0.2056815615000005,PFDN6
150967,0.2056579094999993,LINC01963
4528,0.20561057699999985,MTIF2
3579,0.20526156800000006,CXCR2
55209,0.20525894699999991,SETD5
23178,0.2052485599999998,PASK
56926,0.20524663374999985,NCLN
4695,0.20493974749999921,NDUFA2
79095,0.2048164840000002,BBLN
9063,0.2045054752499995,PIAS2
84243,0.20435487900000027,ZDHHC18
8667,0.2043381875000012,EIF3H
139411,0.20402751774999972,PTCHD1
1903,0.20397615249999923,S1PR3
2597,0.20397453499999862,GAPDH
51060,0.20393872499999688,TXNDC12
644656,0.20393855525000015,ZNF143-AS1
56942,0.20388103924999967,CMC2
29079,0.20376714500000048,MED4
5134,0.2037327254999992,PDCD2
389119,0.20359228775000027,INKA1
5810,0.20346903749999967,RAD1
170463,0.2034191959999987,SSBP4
92840,0.20335643625,REEP6
79714,0.20316743050000063,CCDC51
9931,0.20308255949999943,HELZ
84775,0.2029715892499997,ZNF607
6619,0.20296390500000072,SNAPC3
84720,0.20270330349999988,PIGO
9580,0.20246717024999983,SOX13
5279,0.20242061449999937,PIGC
84503,0.20230506324999986,ZNF527
599,0.2021487667499997,BCL2L2
64427,0.20200181875000034,TTC31
199920,0.20199864649999988,FYB2
100188893,0.20199235749999822,TOMM6
5331,0.20182022274999944,PLCB3
5893,0.20176879000000003,RAD52
28396,0.20173394825000024,IGHV4-31
5824,0.20162065150000075,PEX19
9742,0.20159291000000001,IFT140
56931,0.20156903425000117,DUS3L
6649,0.20142660249999977,SOD3
645,0.20110461199999996,BLVRB
822,0.20062307499999976,CAPG
3795,0.20062160900000015,KHK
23512,0.20052906399999948,SUZ12
55768,0.2004676307500013,NGLY1
114804,0.20044334125000018,RNF157
84727,0.20042741425,SPSB2
129531,0.20025722875000085,MITD1
7442,0.20023422550000003,TRPV1
55626,0.1998844299999991,AMBRA1
25974,0.1995310485000008,MMACHC
4600,0.1993746624999999,MX2
3714,0.19904789600000017,JAG2
11033,0.19886710674999986,ADAP1
284023,0.19875743375,RNF227
127703,0.1987359637499999,C1orf216
79594,0.19859802400000026,MUL1
116828,0.19859627424999937,N4BP2L2-IT2
2581,0.19846843125000113,GALC
55004,0.19839411825000042,LAMTOR1
8943,0.1979364084999986,AP3D1
223117,0.1977994820000002,SEMA3D
284106,0.19779530800000078,CISD3
6541,0.19737812850000047,SLC7A1
3298,0.19735827424999997,HSF2
58515,0.19717115825000064,SELENOK
4731,0.19695387475000103,NDUFV3
64757,0.1967942690000002,MTARC1
8470,0.19677175424999938,SORBS2
55132,0.19666245175000086,LARP1B
9989,0.19658114249999947,PPP4R1
90874,0.19656064775000015,ZNF697
80006,0.19652762499999987,TRAPPC13
64960,0.19648662525000127,MRPS15
29080,0.19646496500000055,CCDC59
9320,0.1963677974999989,TRIP12
9764,0.19624497050000045,KIAA0513
6528,0.19596120674999984,SLC5A5
85364,0.19586199875000077,ZCCHC3
53340,0.19577797474999947,SPA17
9906,0.19505457400000026,SLC35E2A
10298,0.19500279249999952,PAK4
158747,0.19485080774999997,MOSPD2
51661,0.19443368999999944,FKBP7
55269,0.19440548549999992,PSPC1
440957,0.1941388767499994,UQCC5
100505549,0.19406296274999946,ATP8B1-AS1
51088,0.19405542750000215,KLHL5
118487,0.19378591749999963,CHCHD1
3142,0.1935148782499998,HLX
9813,0.19342327275000049,EFCAB14
25782,0.19322923849999896,RAB3GAP2
11198,0.19310102650000083,SUPT16H
80818,0.19309499374999994,ZNF436
100505854,0.1928064207500011,APTR
23265,0.19275414375000022,EXOC7
4926,0.19275267500000037,NUMA1
5699,0.1927109012500008,PSMB10
57409,0.1926648300000009,MIF4GD
134266,0.19265898024999917,GRPEL2
10267,0.19259402849999985,RAMP1
80097,0.19240441999999902,MZT2B
153241,0.19233409000000012,CEP120
10307,0.19226353500000037,APBB3
80013,0.19218948299999905,MINDY3
80789,0.19195406525000003,INTS5
57459,0.1918699014999996,GATAD2B
3852,0.19185236824999974,KRT5
84261,0.19184452899999993,FBXW9
9093,0.1918318034999995,DNAJA3
4054,0.1917982092499999,LTBP3
317781,0.19171990424999974,DDX51
55198,0.19163960199999996,APPL2
7841,0.19162186375,MOGS
102,0.19142177824999962,ADAM10
51321,0.1913362692499998,AMZ2
5209,0.19127480424999987,PFKFB3
6385,0.1912581762500003,SDC4
83707,0.19106915699999938,TRPT1
201626,0.19106864625000064,PDE12
27230,0.19101393499999908,SERP1
54507,0.1910070605000005,ADAMTSL4
84262,0.19096877275000068,PSMG3
8295,0.19070157099999996,TRRAP
92822,0.1906705820000001,ZNF276
29995,0.19046610050000012,LMCD1
94274,0.19033272599999984,PPP1R14A
79073,0.19008444049999973,TMEM109
219348,0.1900812795000002,PLAC9
57470,0.189923122499998,LRRC47
253980,0.1897853235000002,KCTD13
5211,0.18974112799999965,PFKL
10151,0.18941914599999876,HNRNPA3P1
161753,0.18931745949999979,CIMAP1C
9469,0.18927521675000047,CHST3
8797,0.18910492525000056,TNFRSF10A
55855,0.18908188500000023,DENND10P1
2580,0.1889823460000004,GAK
84725,0.1889538747499997,PLEKHA8
6855,0.18861192949999994,SYP
55149,0.18853904624999895,MTPAP
254170,0.18847188200000176,FBXO33
51114,0.18845110200000015,ZDHHC9
11047,0.18839511424999955,ADRM1
348,0.18827318125000003,APOE
60528,0.18789320924999942,ELAC2
9242,0.18779546975000017,MSC
7024,0.18757343674999927,TFCP2
113802,0.18728315275000007,HENMT1
22984,0.18703933549999974,PDCD11
25813,0.18690977850000046,SAMM50
163071,0.1864907302500005,ZNF114
26050,0.18612805449999925,SLITRK5
9673,0.18601114974999966,SLC25A44
151011,0.18594786099999894,SEPTIN10
57482,0.18590804274999995,CRACD
84856,0.1858279697500027,LINC00839
51299,0.18576591099999984,NRN1
55631,0.18574031999999896,LRRC40
100131801,0.1856702435000006,PET100
28457,0.18549595949999986,IGHV2-5
6720,0.18540997724999997,SREBF1
90592,0.18530462374999956,ZNF700
100130691,0.18500221300000064,AGPS-DT
2690,0.18488128474999943,GHR
6923,0.18487006650000026,ELOB
26136,0.18475927275000004,TES
29105,0.18472308650000002,CFAP20
728730,0.18471998600000017,MAP4K3-DT
144245,0.18455584800000047,ALG10B
92856,0.1842373470000016,IMP4
27349,0.18394345849999993,MCAT
56267,0.18389709099999862,KYAT3
3215,0.18362595650000024,HOXB5
64969,0.18354991775000062,MRPS5
142678,0.1833187897499995,MIB2
2760,0.1832476617500003,GM2A
147007,0.18304265424999944,VMA12
8893,0.18301437474999993,EIF2B5
201299,0.18294558925000048,RDM1
54108,0.18275812399999936,CHRAC1
6495,0.18261033875000088,SIX1
128486,0.18226987925000016,FITM2
9663,0.1821071940000003,LPIN2
113235,0.18206735224999981,SLC46A1
6622,0.18169165025000034,SNCA
2132,0.18150207024999787,EXT2
160622,0.1814295507499999,TAMALIN
64386,0.18139382174999996,MMP25
5875,0.18086794249999993,RABGGTA
85446,0.18075784724999977,ZFHX2
5631,0.18047394574999842,PRPS1
54707,0.18034589400000023,GPN2
7175,0.18033540274999993,TPR
10099,0.1803079637499998,TSPAN3
51107,0.18019528675000096,APH1A
100506374,0.1801652012499999,EDDM13
51192,0.18003096450000022,CKLF
28968,0.1799346737500005,SLC6A16
207107,0.17926616774999893,SFTA1P
55094,0.1791986772499996,GPATCH1
6667,0.17913849849999997,SP1
5863,0.1791372125000006,RGL2
112476,0.17874849650000035,PRRT2
388886,0.17827301450000022,LRRC75B
375791,0.1781279754999998,CYSRT1
6938,0.1781100917499998,TCF12
56886,0.17806671999999946,UGGT1
9572,0.17806202824999984,NR1D1
10859,0.17786815899999997,LILRB1
5178,0.17779552249999986,PEG3
467,0.177717189,ATF3
79798,0.17743245549999953,ARMC5
94039,0.17738025099999977,ZNF101
23047,0.17730957325000052,PDS5B
8570,0.17724607750000043,KHSRP
5052,0.17713361749999912,PRDX1
7353,0.1769919049999995,UFD1
3804,0.17698291949999945,KIR2DL3
55975,0.17687714299999957,KLHL7
5358,0.17678348249999942,PLS3
10980,0.17638982174999995,COPS6
57504,0.17628623374999997,MTA3
221178,0.17625876300000032,SPATA13
9917,0.17622879299999994,FAM20B
2197,0.17607598750000086,FAU
51308,0.17588109350000014,REEP2
10902,0.17583308250000051,BRD8
55568,0.1757381235000004,GALNT10
94122,0.1755471669999995,SYTL5
5598,0.1754590807499996,MAPK7
9138,0.17542269750000017,ARHGEF1
79929,0.17529787474999958,MAP6D1
117145,0.17526216799999972,THEM4
84310,0.17499414775000055,CHLSN
115098,0.17477827999999995,CCDC124
65009,0.1747133737499995,NDRG4
80321,0.17456045324999891,CEP70
6811,0.1744995270000005,STX5
23143,0.17448329175000055,LRCH1
132332,0.17423479750000004,SMIM43
2961,0.1741853317499995,GTF2E2
79906,0.17412124900000014,MORN1
8683,0.1737696100000008,SRSF9
84337,0.17376494999999892,ELOF1
27345,0.17330059675000076,KCNMB4
10907,0.17317291649999955,TXNL4A
1141,0.17286901675,CHRNB2
100507321,0.17263588625000015,ERVK13-1
8841,0.17260712974999848,HDAC3
622,0.17250906300000013,BDH1
23187,0.1722471742500007,PHLDB1
134111,0.17213372999999965,UBE2QL1
221823,0.1720501492500004,PRPS1L1
10300,0.17204725149999955,KATNB1
93643,0.17166217000000028,TJAP1
10653,0.17165358024999966,SPINT2
51450,0.17162065549999994,PRRX2
30836,0.17120184925000181,DNTTIP2
100506211,0.17104471424999979,MIR210HG
8500,0.17102282475000052,PPFIA1
7170,0.17084284900000002,TPM3
54799,0.17079538324999977,MBTD1
10713,0.17035810249999983,USP39
9993,0.1700664342499998,DGCR2
91734,0.16953904175000023,IDI2
2976,0.1694563807500007,GTF3C2
100506409,0.16944197449999976,ELOVL2-AS1
5595,0.16874430674999985,MAPK3
26005,0.1687379472499999,C2CD3
1271,0.1686771789999999,CNTFR
23173,0.16864917500000232,METAP1
5290,0.16863600574999982,PIK3CA
51002,0.16859048325000003,TPRKB
80054,0.16846646274999966,CEBPA-DT
1981,0.16846099174999907,EIF4G1
342371,0.16818442750000173,ATXN1L
89874,0.16812592800000026,SLC25A21
112936,0.16805010674999998,VPS26B
5160,0.1679293185000006,PDHA1
6601,0.16788989350000083,SMARCC2
10715,0.16773916,CERS1
55841,0.16772809300000002,WWC3
203447,0.16761405675000018,NRK
2931,0.16759217649999947,GSK3A
138948,0.16758937075000002,DBH-AS1
9819,0.16723585824999887,TSC22D2
682,0.16660323425000012,BSG
23368,0.16623906849999948,PPP1R13B
902,0.1661920564999999,CCNH
730094,0.16608882749999943,MOSMO
653784,0.16588517000000103,MZT2A
144097,0.16560058400000033,SPINDOC
23158,0.16548101800000126,TBC1D9
166793,0.16498012349999946,ZBTB49
205327,0.16477844325000035,C2orf69
51187,0.1647282324999999,RSL24D1
689,0.1647147699999998,BTF3
643783,0.16426215824999968,USP46-DT
374819,0.16418601824999968,LRRC37A3
10849,0.16418040850000004,POLR1G
51015,0.16411144599999972,ISOC1
7297,0.1639012422499997,TYK2
84717,0.1637970912499993,HDGFL2
80095,0.1637442177499997,ZNF606
125488,0.16359234299999947,TTC39C
64793,0.16343872675000037,CEP85
100505797,0.16337989775000006,NETO1-DT
10873,0.16325099374999974,ME3
2314,0.16302644474999983,FLII
8444,0.16300671450000026,DYRK3
6100,0.1629453437499997,RP9
729013,0.16282631400000014,ZBED5-AS1
5690,0.16280931975000001,PSMB2
57786,0.1623441437499995,RBAK
1653,0.16143627749999823,DDX1
274,0.16089759775,BIN1
54872,0.1608074125000023,PIGG
54901,0.16057646575000017,CDKAL1
22977,0.16043394550000034,AKR7A3
55893,0.16039392975000055,ZNF395
55090,0.16023843674999938,MED9
23332,0.16019325824999875,CLASP1
80233,0.16017034599999969,FAAP100
51596,0.1601102287499998,CUTA
10514,0.1599884957500004,MYBBP1A
10539,0.15994021025000116,GLRX3
8515,0.15989273849999996,ITGA10
165215,0.1598815797500004,FAM171B
84865,0.1597716897499999,CCDC142
2677,0.15967129125000046,GGCX
3782,0.15950774250000022,KCNN3
6181,0.15932304249999873,RPLP2
252995,0.15932171399999984,FNDC5
6509,0.15918540149999938,SLC1A4
401431,0.15913098175000018,ATP6V0E2-AS1
57590,0.1590879550000004,WDFY1
54681,0.15901281424999958,P4HTM
1831,0.1588241245000006,TSC22D3
55660,0.15874664349999978,PRPF40A
57473,0.1587313277499991,ZNF512B
4093,0.1586825377500003,SMAD9
8655,0.15856198250000197,DYNLL1
7159,0.15837647150000045,TP53BP2
51720,0.15827965274999922,UIMC1
7923,0.15815812150000053,HSD17B8
128338,0.15804370949999935,DRAM2
23299,0.15802169874999983,BICD2
23279,0.15754158674999985,NUP160
84933,0.15751303775000025,C8orf76
80308,0.1574856652500003,FLAD1
29882,0.1573785864999997,ANAPC2
57713,0.15720542174999963,SFMBT2
10287,0.15681068849999935,RGS19
6125,0.15677463750000165,RPL5
344405,0.15672803025000004,PRORSD1P
8672,0.15668743224999915,EIF4G3
6837,0.1565420897499994,MED22
27130,0.15637734449999918,INVS
7314,0.15610975499999924,UBB
5977,0.15608277674999993,DPF2
27085,0.15606746999999999,MTBP
79050,0.15599321499999963,NOC4L
28815,0.1559394165000001,IGLV2-14
83443,0.1558785450000002,SF3B5
22889,0.15586603075000127,KHDC4
493812,0.15557131774999977,HCG11
10174,0.15556650149999962,SORBS3
6676,0.15553873125000006,SPAG4
3156,0.15537754449999852,HMGCR
134353,0.1552660377499997,LSM11
23338,0.1552611960000001,JADE2
8131,0.1552592477500001,NPRL3
5534,0.15516769175,PPP3R1
1146,0.15512055049999995,CHRNG
3577,0.15511443699999994,CXCR1
11108,0.15508265225000084,PRDM4
9630,0.15493036525000026,GNA14
9985,0.1548966782499992,REC8
91450,0.15488936399999975,LOC91450
79724,0.15478746050000058,ZNF768
7737,0.1547786044999997,RNF113A
220323,0.15474041974999952,OAF
6398,0.15472618324999976,SECTM1
124044,0.15458482674999985,SPATA2L
1241,0.1543650965000003,LTB4R
11011,0.15430690550000037,TLK2
56995,0.1542576807499998,TULP4
100289098,0.15424272925000082,LINC03011
196528,0.15419939049999964,ARID2
8242,0.1540865060000005,KDM5C
5159,0.1539927992500001,PDGFRB
51599,0.15377573650000054,LSR
10818,0.15375657100000018,FRS2
1834,0.1535870909999999,DSPP
763,0.15356168650000024,CA5A
63893,0.15326687675000006,UBE2O
6862,0.1532503540000003,TBXT
56034,0.15317669000000045,PDGFC
83700,0.1531050327500001,JAM3
56658,0.1530175129999991,TRIM39
4089,0.1529439707499991,SMAD4
8884,0.15289502175000003,SLC5A6
22869,0.15287965999999997,ZNF510
6944,0.1527679940000004,VPS72
404201,0.15271087049999998,WDFY3-AS2
114885,0.15260909824999924,OSBPL11
7127,0.1525406315000004,TNFAIP2
25821,0.1525392745000005,MTO1
54749,0.1525074205000001,EPDR1
6942,0.152323934,TCF20
54921,0.15217701199999745,CHTF8
2242,0.1521137695000001,FES
11015,0.15200002,KDELR3
64843,0.1519535344999996,ISL2
254099,0.15188128375000032,LINC01342
5439,0.15168824324999797,POLR2J
25913,0.15168419849999992,POT1
84861,0.15143802899999947,KLHL22
4337,0.1513552107499998,MOCS1
4801,0.1511712169999999,NFYB
7322,0.1509968654999998,UBE2D2
81894,0.15099063650000044,SLC25A28
1503,0.1509749410000012,CTPS1
23221,0.15091965075000058,RHOBTB2
81566,0.15048365099999916,CSRNP2
85395,0.1504158085000009,SLX9
374882,0.15020594624999895,TMEM205
146845,0.1501938422500002,CFAP52
9875,0.1501484849999999,URB1
283459,0.14997215174999923,GATC
10443,0.14987075300000008,N4BP2L2
5719,0.14963376825000196,PSMD13
661,0.14961943474999995,POLR3D
25957,0.14960554299999984,PNISR
6821,0.14947446649999918,SUOX
27183,0.14942062125000177,VPS4A
84908,0.1493685075000002,TIMCC
79873,0.14935457325000012,NUDT18
4359,0.14894910199999956,MPZ
2788,0.14874477600000002,GNG7
90135,0.14872900500000164,BTBD6
10328,0.14853392825,EMC8
9508,0.1484646167500001,ADAMTS3
116238,0.14835706949999983,TLCD1
10285,0.14833131750000028,SMNDC1
91107,0.14809834049999981,TRIM47
9696,0.1479279842500003,CROCC
5367,0.14773432349999993,PMCH
7988,0.14762871425000057,ZNF212
79675,0.14749671025000133,FASTKD1
57336,0.14742351625000039,ZNF287
257169,0.14703037949999986,C9orf43
25921,0.14691408875,ZDHHC5
642946,0.14686319074999954,FLVCR1-DT
10844,0.14682528725000044,TUBGCP2
79893,0.1468193467499983,GGNBP2
10102,0.1464040142500007,TSFM
9794,0.14629567475000016,MAML1
9997,0.14624735225000052,SCO2
91746,0.14609488274999993,YTHDC1
51108,0.1458725154999989,METTL9
8751,0.1458666597499998,ADAM15
54331,0.1457210352499998,GNG2
131118,0.14557549550000015,DNAJC19
283011,0.1453448802499997,FLJ37201
79047,0.1452440392500005,KCTD15
2207,0.14518710850000005,FCER1G
5871,0.14517984225000014,MAP4K2
9131,0.1450465449999978,AIFM1
3091,0.14493729249999987,HIF1A
23092,0.14477259400000042,ARHGAP26
58525,0.14458663749999978,WIZ
6838,0.1444804792499994,SURF6
5434,0.14444402750000052,POLR2E
166815,0.14433486550000119,TIGD2
23113,0.14426119774999968,CUL9
57533,0.14424557525000026,TBC1D14
4116,0.14416040999999957,MAGOH
57704,0.144104907,GBA2
339483,0.14409037449999973,MTMR9LP
57149,0.14394761000000145,LYRM1
586,0.14392000499999824,BCAT1
51287,0.143580343,COA4
286828,0.14340130049999988,CSN1S2AP
8537,0.1433649030000006,BCAS1
7411,0.1433509750000006,VBP1
23632,0.14282686275000023,CA14
100287932,0.1427144724999998,TIMM23
149134,0.14271093475000018,LINC01341
4798,0.1426050390000002,NFRKB
65989,0.14257278649999972,DLK2
100505738,0.14253704924999955,MIR4458HG
9013,0.14248987424999981,TAF1C
51117,0.14242726900000058,COQ4
7461,0.14240256750000047,CLIP2
3766,0.14228084775000038,KCNJ10
2055,0.14223964849999948,CLN8
9254,0.1421418607499998,CACNA2D2
3959,0.1421370074999997,LGALS3BP
84269,0.142087655250001,CHCHD5
79102,0.14174618649999982,RNF26
522,0.1416914399999989,ATP5PF
5256,0.14163776099999836,PHKA2
9411,0.14157673999999965,ARHGAP29
388569,0.14156311049999992,ZNF324B
135154,0.1413011427500006,SDHAF4
8743,0.14125179150000022,TNFSF10
9638,0.14083198774999994,FEZ1
9898,0.14074242349999988,UBAP2L
81669,0.1406724654999998,CCNL2
54454,0.14056124000000025,ATAD2B
9698,0.14044673999999802,PUM1
25865,0.1404324702499995,PRKD2
64983,0.1402137400000001,MRPL32
7431,0.13999228499999816,VIM
10791,0.1399546037499988,VAMP5
11046,0.1398246897499993,SLC35D2
54623,0.13979626824999958,PAF1
1785,0.13944853974999916,DNM2
652968,0.13943050625000009,CASTOR1
55588,0.13932457299999967,MED29
5705,0.13928045249999954,PSMC5
554226,0.13923327599999968,ANKRD30BL
7531,0.1391918707500004,YWHAE
90993,0.13915562599999998,CREB3L1
9380,0.13915345199999862,GRHPR
22843,0.13915112950000008,PPM1E
10456,0.13899556574999927,HAX1
2030,0.13884187300000006,SLC29A1
353274,0.13878853374999967,ZNF445
23523,0.13860787524999996,CABIN1
55181,0.13859421075,SMG8
90203,0.13858748899999984,SNX21
3313,0.13835854575000006,HSPA9
55552,0.13820117599999993,ZNF823
340348,0.1381052937499998,TSPAN33
539,0.13809650499999826,ATP5PO
79036,0.13798226599999985,KXD1
5515,0.1379490625000006,PPP2CA
4820,0.13779264575000028,NKTR
80895,0.13774836774999955,ILKAP
29092,0.13765680699999994,LINC00339
517,0.13764379499999713,ATP5MC2
286122,0.13761204724999976,LY6S-AS1
10641,0.1375691794999998,NPRL2
91,0.13752926575000046,ACVR1B
28970,0.1375010449999987,BKGD
25888,0.13741025400000018,ZNF473
133015,0.13723118349999996,PACRGL
664,0.1370998824999976,BNIP3
1729,0.13695104350000076,DIAPH1
1070,0.13684329750000046,CETN3
91373,0.13681380824999945,UAP1L1
5437,0.13675728175000046,POLR2H
400793,0.13673042700000027,C1orf226
55342,0.13672992224999891,STRBP
113612,0.1363487562500012,CYP2U1
51704,0.13617927524999995,GPRC5B
55194,0.13576303350000085,EVA1B
4857,0.13566100450000018,NOVA1
51575,0.13552748924999847,ESF1
57521,0.1350821627500003,RPTOR
8330,0.13490140299999975,H2AC15
399512,0.13490069250000003,SLC25A35
54984,0.1347941739999996,PINX1
25766,0.13470136774999997,PRPF40B
2802,0.13458579849999985,GOLGA3
115399,0.13447715424999984,LRRC56
2354,0.1343443904999999,FOSB
773,0.13432319950000027,CACNA1A
100505538,0.13402777424999934,RBM26-AS1
84232,0.13396951774999977,MAF1
10152,0.13392995349999914,ABI2
1593,0.13388042349999996,CYP27A1
3840,0.1338701829999991,KPNA4
387032,0.1337777087499994,ZKSCAN4
79924,0.13375495925000003,ADM2
132001,0.1336041377499999,TAMM41
51428,0.13345042074999913,DDX41
80176,0.1334087604999996,SPSB1
126070,0.13338454950000056,ZNF440
10283,0.13314216975000015,CWC27
8651,0.1328912627500003,SOCS1
126328,0.13286152749999935,NDUFA11
84924,0.1327130935000005,ZNF566
79573,0.1324920255000004,TTC13
23729,0.13235766974999974,SHPK
51132,0.1323462007499998,RLIM
148523,0.13222342600000014,CIART
9891,0.13203485499999879,NUAK1
6340,0.13196587574999974,SCNN1G
51374,0.1319266610000014,ATRAID
10018,0.13189412600000017,BCL2L11
28956,0.13181082074999928,LAMTOR2
10811,0.13180362550000035,NOXA1
29998,0.13179938549999903,BICRA
1836,0.1317788047500006,SLC26A2
115752,0.13175392025000043,DIS3L
84193,0.13166463700000008,SETD3
6449,0.13148092825000024,SGTA
146880,0.13147177050000014,ARHGAP27P1
55101,0.13132865950000117,DMAC2
55668,0.13123113799999997,GPATCH2L
25939,0.13118175099999974,SAMHD1
64784,0.13113196125000037,CRTC3
11309,0.13084075925000027,SLCO2B1
1351,0.1307172949999984,COX8A
157922,0.1306170954999999,CAMSAP1
80011,0.1304031159999992,PSME3IP1
116840,0.13023834150000013,CNTROB
3635,0.1302108405000002,INPP5D
64753,0.13014742975000004,CCDC136
6919,0.13004834324999948,TCEA2
387755,0.13004067050000012,INSC
130872,0.12996970350000048,AHSA2P
133308,0.12983478099999957,SLC9B2
84135,0.1297578615000008,UTP15
166378,0.1296663695000002,AFG2A
55692,0.12962003325000016,LUC7L
1355,0.12936218249999953,COX15
80262,0.12927904900000087,PHAF1
4094,0.12925896175000018,MAF
140893,0.12908912474999967,RBBP8NL
79746,0.12905923225000038,ECHDC3
339500,0.12904585825000048,ZNF678
345757,0.1289868317499998,FAM174A
255967,0.1288531227500016,PAN3
56270,0.12877399300000114,WDR45B
9716,0.12869178649999924,AQR
3084,0.12848717450000002,NRG1
835,0.1281551507499996,CASP2
8615,0.12767997325000024,USO1
201973,0.12766599124999978,PRIMPOL
9617,0.1275459484999999,MTRF1
5440,0.12748977925000027,POLR2K
284485,0.1274887834999996,RIIAD1
8189,0.12738514799999967,SYMPK
168537,0.12737940150000027,GIMAP7
3135,0.12729509399999905,HLA-G
55093,0.12722038400000102,NTAQ1
91442,0.12706978425000015,FAAP24
130074,0.12703513874999928,FAM168B
11252,0.12695500324999998,PACSIN2
515,0.12654875249999797,ATP5PB
5584,0.12647139050000078,PRKCI
166379,0.1264194224999997,BBS12
284440,0.12627658325000013,LINC00663
26539,0.12624408424999967,OR10H1
254251,0.1261884822499999,LCORL
65982,0.12602110649999965,ZSCAN18
100505601,0.12596967874999976,PARD3-DT
25776,0.12556748924999983,CBY1
2921,0.12554998674999984,CXCL3
4067,0.12541106224999954,LYN
57325,0.12529053325000028,KAT14
7140,0.12523062125000006,TNNT3
553,0.12516318175000007,AVPR1B
151987,0.12513476150000002,PPP4R2
160335,0.1251303699999995,TMTC2
6875,0.1250436310000005,TAF4B
84912,0.12503894924999948,SLC35B4
4830,0.12492861249999976,NME1
10494,0.12474255574999926,STK25
54487,0.12442088849999955,DGCR8
55222,0.12440669625000034,LRRC20
29843,0.12436083000000053,SENP1
8671,0.12429598550000032,SLC4A4
441024,0.12428090424999905,MTHFD2L
961,0.12424003775000259,CD47
7133,0.12417901549999977,TNFRSF1B
133522,0.12416775174999994,PPARGC1B
728613,0.12409775350000007,PDCD6P1
22827,0.1236117305000004,PUF60
57190,0.12357376774999995,SELENON
9277,0.12340562174999992,WDR46
7423,0.12331660300000014,VEGFB
55082,0.12329578000000119,ARGLU1
440993,0.12325167200000031,MIR570HG
55704,0.1232512814999982,CCDC88A
8467,0.12321278325000051,SMARCA5
10479,0.12301576149999782,SLC9A6
22826,0.12301074799999956,DNAJC8
156,0.12299313524999977,GRK2
142679,0.12282412674999943,DUSP19
54776,0.12256835824999968,PPP1R12C
29789,0.1225551764999997,OLA1
133383,0.12236751175000027,SETD9
8819,0.12232435075000048,SAP30
90326,0.1222594952499998,THAP3
145173,0.12202273674999997,B3GLCT
6205,0.12199657750000092,RPS11
51148,0.12191653224999932,CERCAM
51280,0.12180378225000155,GOLM1
59271,0.12179119600000021,EVA1C
10940,0.12171854600000032,POP1
100216545,0.12160978225000019,KMT2E-AS1
57506,0.1215559749999997,MAVS
9184,0.12155438999999824,BUB3
58500,0.12143815374999978,ZNF250
100505641,0.12131075725000073,FGD5-AS1
114971,0.12125032800000213,PTPMT1
2150,0.12124328850000055,F2RL1
4782,0.12119979075000042,NFIC
25961,0.12118420300000032,NUDT13
51109,0.12117120749999799,RDH11
84622,0.12110335800000094,ZNF594
11267,0.12104191675000031,SNF8
63967,0.12103249150000028,CLSPN
26579,0.12098711124999983,MYEOV
5930,0.12089748300000025,RBBP6
22897,0.12082768825000034,CEP164
284071,0.12062824125000038,MEIOC
10773,0.12060962924999963,ZBTB6
10766,0.12060226949999997,TOB2
100507599,0.12057957374999972,TFIP11-DT
91607,0.12054256300000077,SLFN11
55033,0.12025004425000141,FKBP14
84627,0.12019710700000008,ZNF469
2650,0.12004959200000087,GCNT1
64172,0.12003499849999955,OSGEPL1
2828,0.11996577275000009,GPR4
55571,0.11974903774999923,CNOT11
4046,0.11968352424999962,LSP1
9755,0.11951222449999976,TBKBP1
6299,0.11943127149999988,SALL1
8322,0.11931934099999975,FZD4
56311,0.11923244000000022,ANKRD7
80728,0.11922359599999988,ARHGAP39
51435,0.11914330799999995,SCARA3
5058,0.11909988374999969,PAK1
1472,0.11905271000000006,CST4
5303,0.11895552025000011,PIN4
100507410,0.11895173599999964,C1QTNF1-AS1
55005,0.11889460674999963,RMND1
917,0.11872325324999977,CD3G
55471,0.11861050099999915,NDUFAF7
57187,0.11859816874999929,THOC2
4329,0.11838039725000016,ALDH6A1
55591,0.1183455784999996,VEZT
23008,0.11830003449999982,KLHDC10
90268,0.11774547200000018,OTULIN
50717,0.11771142375000032,DCAF8
30000,0.1176948742499988,TNPO2
1116,0.11763470750000016,CHI3L1
1984,0.11756914774999849,EIF5A
57827,0.11753837649999976,C6orf47
5514,0.11749064199999992,PPP1R10
398,0.11746011324999994,ARHGDIG
124842,0.1174309650000005,TMEM132E
140801,0.11742524650000075,RPL10L
7532,0.11740460750000103,YWHAG
7097,0.11734616400000064,TLR2
56961,0.1173391697499997,SHD
687,0.11720567775000035,KLF9
51460,0.11702819874999992,SFMBT1
10509,0.11694397124999956,SEMA4B
2584,0.11693260049999976,GALK1
84936,0.1168024824999998,ZFYVE19
130916,0.1166685967500003,MTERF4
348180,0.11665968550000017,CTU2
84343,0.11659812774999967,HPS3
54882,0.11654090599999911,ANKHD1
3925,0.1164495577500011,STMN1
23162,0.11588260324999977,MAPK8IP3
57129,0.11578463500000069,MRPL47
3080,0.11562210099999959,CFHR2
57124,0.11558234124999966,CD248
10945,0.11535294299999954,KDELR1
90423,0.11533791700000018,ATP6V1E2
4437,0.11524359150000052,MSH3
9817,0.11473655574999952,KEAP1
81858,0.11472835100000012,SHARPIN
1366,0.11470142724999999,CLDN7
3306,0.11467470349999864,HSPA2
22848,0.11467416024999988,AAK1
11216,0.11457928349999946,AKAP10
7739,0.1144415405000001,ZNF185
10916,0.11441291575000001,MAGED2
29989,0.11432066224999993,OBP2B
57153,0.11431710449999954,SLC44A2
4867,0.11428665625000001,NPHP1
724102,0.11421603575000017,SNHG4
541468,0.11417336025000013,LURAP1
100507567,0.11406081474999974,RAB11B-AS1
5864,0.11399649824999969,RAB3A
10144,0.11392814725000022,FAM13A
100506581,0.11390111775000022,C16orf95
10650,0.11386617600000015,PRELID3A
51490,0.11359977774999974,SPOUT1
129138,0.11353499600000028,ANKRD54
79001,0.1134193364999998,VKORC1
79863,0.11338791624999889,RBFA
26048,0.11336141449999992,ZNF500
4324,0.11289882775000004,MMP15
27443,0.11284236250000035,CECR2
9675,0.11276745900000051,TTI1
66005,0.11270361975000043,CHID1
382,0.1126890085000003,ARF6
1421,0.11266709800000019,CRYGD
29979,0.1126229960000007,UBQLN1
8764,0.11218595499999973,TNFRSF14
521,0.11217930249999952,ATP5ME
221472,0.11205345875000017,FGD2
642475,0.11204315800000009,MROH6
3985,0.11199191024999955,LIMK2
8099,0.1119273224999997,CDK2AP1
54512,0.11167639974999943,EXOSC4
684959,0.11167179024999996,SNORA25
4726,0.11166963499999838,NDUFS6
26019,0.11162052299999914,UPF2
339487,0.11146413575000125,ZBTB8OS
54923,0.11131049200000032,LIME1
10423,0.1112575825000004,CDIPT
9908,0.11105418425000124,G3BP2
23533,0.11104836174999999,PIK3R5
26249,0.11096808874999997,KLHL3
27333,0.11081831824999888,GOLIM4
3612,0.11065913500000057,IMPA1
100652740,0.11064157499999983,PYCARD-AS1
9770,0.11063485125000039,RASSF2
79133,0.11057591975000047,NDUFAF5
100505570,0.11051138975000008,LINC02708
56984,0.11043349499999877,PSMG2
5989,0.1103666307500002,RFX1
5777,0.11018242599999972,PTPN6
2767,0.10985767275000136,GNA11
168850,0.10962964225000027,ZNF800
23111,0.1096016672500002,SPART
2005,0.10959801899999988,ELK4
2537,0.10936515624999998,IFI6
23067,0.10933881750000118,SETD1B
9652,0.10932701275000056,SKIC3
51629,0.10913879499999979,SLC25A39
4332,0.10911638124999978,MNDA
4615,0.10906771000000148,MYD88
143384,0.10905913375000065,CACUL1
54545,0.10902536600000046,MTMR12
23392,0.10880840999999997,ECPAS
563,0.10878567250000026,AZGP1
23196,0.1086724400000012,FAM120A
4688,0.10855114200000004,NCF2
79848,0.10836104574999972,CSPP1
23704,0.10830197399999975,KCNE4
7162,0.10823971750000005,TPBG
23135,0.10813445674999977,KDM6B
23097,0.10809595125000016,CDK19
1398,0.10806361300000056,CRK
170685,0.10796785924999996,NUDT10
51106,0.10788693949999839,TFB1M
30008,0.10788487425000248,EFEMP2
30817,0.1077444970000001,ADGRE2
55173,0.1077151495000006,MRPS10
6711,0.10759782474999913,SPTBN1
90957,0.10754314074999982,DHX57
201292,0.10752047875000015,TRIM65
94056,0.1074690715000024,SYAP1
3339,0.10743703425000017,HSPG2
23308,0.10679443824999968,ICOSLG
4634,0.10671093375000051,MYL3
81876,0.1065464150000004,RAB1B
51499,0.10648493749999943,TRIAP1
23451,0.10645137000000027,SF3B1
100306951,0.1063747020000001,PITPNA-AS1
7753,0.10634054149999983,ZNF202
54805,0.10621074574999989,CNNM2
84191,0.10617341250000223,CIAO2A
54726,0.10616003974999977,OTUD4
89849,0.10601525,ATG16L2
3200,0.10561446500000038,HOXA3
90024,0.10543214074999963,PPP3CA-DT
10316,0.10542024925000026,NMUR1
338440,0.10535819650000011,ANO9
51081,0.10522469874999985,MRPS7
170591,0.1051816295000001,S100Z
9070,0.10517252524999954,ASH2L
3607,0.10515466550000063,FOXK2
29083,0.10503492424999994,GTPBP8
3308,0.10501501749999775,HSPA4
35,0.1049859470000003,ACADS
101060200,0.10493565075000033,ZNF891
1645,0.10492825924999982,AKR1C1
221908,0.10489632574999996,PPP1R35
28954,0.10486851199999991,REM1
127396,0.1048067602499998,ZNF684
10659,0.104685645,CELF2
1373,0.10448400349999964,CPS1
23318,0.10447769124999962,TUT4
127343,0.10444866599999969,DMBX1
89927,0.10443928074999853,BMERB1
28825,0.10437322149999995,IGLV1-40
1652,0.10423864224999946,DDT
24146,0.10422940174999873,CLDN15
100506388,0.10422933499999942,RPH3AL-AS1
23185,0.10421036049999977,LARP4B
147923,0.10409766425000022,ZNF420
79970,0.10405021649999924,ZNF767P
23177,0.10402447375000001,CEP68
8463,0.10395775974999966,TEAD2
25855,0.10395225424999932,BRMS1
6217,0.1038953375000009,RPS16
8994,0.10388002399999996,LIMD1
51105,0.10384230925000004,PHF20L1
9644,0.10382945549999922,SH3PXD2A
51094,0.10382830075000093,ADIPOR1
9685,0.10382270999999932,CLINT1
23592,0.1037447665000002,LEMD3
51282,0.10373091074999863,SCAND1
8985,0.10372918400000053,PLOD3
5409,0.1037215202499997,PNMT
51337,0.10366044575000011,THEM6
7520,0.10358882000000058,XRCC5
690,0.1035060354999997,BTF3P11
26190,0.10335958374999965,FBXW2
25924,0.10333204325,MYRIP
80199,0.10328961200000109,FUZ
819,0.10316642350000116,CAMLG
79009,0.10313099100000045,DDX50
64324,0.10299025249999971,NSD1
51547,0.10280937849999994,SIRT7
51634,0.1026230555000005,RBMX2
4723,0.10261741174999983,NDUFV1
55328,0.10261437524999995,RNLS
9215,0.10260432124999985,LARGE1
9567,0.10245970824999961,GTPBP1
401612,0.10245966924999994,SLC25A53
51529,0.10224227249999984,ANAPC11
146664,0.10223624624999994,MGAT5B
55534,0.10217100800000001,MAML3
283951,0.10214561,UQCC4
10775,0.10208371525000004,POP4
55506,0.10202750025000018,MACROH2A2
54976,0.10201925324999994,ADISSP
100302691,0.10198482399999964,LINC00184
9391,0.10183530024999943,CIAO1
397,0.10172236499999876,ARHGDIB
79872,0.10167091200000034,CBLL1
285429,0.10163378900000009,DCAF4L1
286410,0.10162739100000007,ATP11C
114795,0.1012713319999996,TMEM132B
1307,0.10122218375000003,COL16A1
3660,0.10113076000000021,IRF2
10427,0.10112824499999995,SEC24B
4595,0.1010428000000001,MUTYH
11097,0.10082237949999939,NUP42
51260,0.10068833975000047,PBDC1
79703,0.10031426150000033,TOP6BL
6168,0.10030367749999947,RPL37A
26001,0.10024306625000001,RNF167
23218,0.10020320374999869,NBEAL2
7050,0.10016391125000013,TGIF1
7554,0.10013500724999957,ZNF8
9556,0.10000029750000117,ATP5MJ
51058,0.09986601675000006,ZNF691
84971,0.09979407299999998,ATG4D
112479,0.09978788899999991,ERI2
114791,0.09970923624999983,TUBGCP5
56902,0.09965672349999899,PNO1
9816,0.09965020324999951,URB2
100506083,0.09960563675000023,DDX19A-DT
2011,0.09956786500000003,MARK2
84850,0.09956768400000016,GLIS3-AS1
54922,0.0995490732500004,RASIP1
79088,0.09939387450000048,ZNF426
55233,0.09937472624999977,MOB1A
6433,0.09937286825000058,SFSWAP
150197,0.09933235774999982,LINC00896
3712,0.0992845007500005,IVD
2035,0.09913574124999958,EPB41
5805,0.09906985749999997,PTS
5542,0.09901989975000003,PRB1
4753,0.09900684574999996,NELL2
57585,0.0989562950000007,CRAMP1
3316,0.09890827074999997,HSPB2
54509,0.09889922825000008,RHOF
26211,0.09889044649999956,OR2F1
56888,0.0988678712500004,KCMF1
54994,0.09882181350000074,GID8
349075,0.0986805727500002,ZNF713
9619,0.09859795974999974,ABCG1
714,0.09843872074999993,C1QC
171017,0.09834912974999988,ZNF384
610,0.098313659,HCN2
100289635,0.09822749974999923,ZNF605
57508,0.09814609600000068,INTS2
23200,0.09808524399999996,ATP11B
51340,0.09782508525000022,CRNKL1
9815,0.09779615475000014,GIT2
8019,0.09760583974999992,BRD3
84958,0.09759628524999986,SYTL1
205428,0.09753048425,DIPK2A
7922,0.09748828125000042,SLC39A7
602,0.09742989125000001,BCL3
4087,0.09741252025000158,SMAD2
284184,0.09734575550000102,NDUFAF8
23616,0.09726089149999995,SH3BP1
84836,0.09724999000000079,ABHD14B
440104,0.09700495374999996,TMEM198B
196385,0.09679460399999984,DNAH10
3684,0.09676117924999961,ITGAM
805,0.0966795650000023,CALM2
147199,0.09648595349999978,SCGB1C1
100129250,0.09643099849999981,TZMP1
55906,0.09642007224999993,ZC4H2
51251,0.09628318324999796,NT5C3A
5166,0.09626705199999996,PDK4
57455,0.09623515025000007,REXO1
6801,0.09623462775000036,STRN
139105,0.09616106849999984,BEND2
357,0.09614309650000008,SHROOM2
222950,0.0958817362500004,NYAP1
7779,0.09571232099999971,SLC30A1
51548,0.09549244575000015,SIRT6
55208,0.0953472255000003,DCUN1D2
113763,0.09520720574999997,ZBED10P
57050,0.09519117349999995,UTP3
8175,0.09509454450000021,SF3A2
401097,0.09505427775000008,C3orf80
80086,0.09505107750000041,TUBA4B
54954,0.09501907524999975,FAM120C
9258,0.09495122249999977,MFHAS1
4598,0.0949386152499998,MVK
51268,0.09489028799999932,PIPOX
100272228,0.09474289125000013,EOLA2-DT
2917,0.09469074499999985,GRM7
388588,0.09464014425,SMIM1
27233,0.09459933524999986,SULT1C4
3240,0.09442987424999982,HP
54621,0.09439178024999961,VSIG10
55721,0.09435785774999994,IQCC
8031,0.09419407500000077,NCOA4
6623,0.09417817025000019,SNCG
57623,0.09408060450000022,ZFAT
55122,0.09394220700000044,AKIRIN2
81605,0.09382424799999978,URM1
23511,0.09381046100000034,NUP188
1349,0.09380127000000194,COX7B
57609,0.09379572225000032,DIP2B
79016,0.09374837274999948,DDA1
5695,0.09369210999999922,PSMB7
54065,0.09368292175000104,SMIM11
7803,0.0936533857500006,PTP4A1
401320,0.09329782000000009,GARS1-DT
7709,0.09329650624999974,ZBTB17
51719,0.09303855025000018,CAB39
84283,0.0930291624999997,TMEM79
1478,0.092943924500001,CSTF2
26220,0.09269444899999968,DGCR5
55902,0.09255658649999976,ACSS2
9351,0.09250332799999983,NHERF2
25946,0.09248789950000003,ZNF385A
8639,0.09248659174999974,AOC3
100506054,0.09240685274999993,RNASEH1-DT
28984,0.09226321824999983,RGCC
5518,0.09224012125000058,PPP2R1A
1374,0.09220217050000024,CPT1A
100126793,0.0921776362500002,GHRLOS
93653,0.09217628224999963,ST7-AS1
400830,0.09212914999999988,DEFB132
253190,0.0918236410000004,SERHL2
55735,0.09180687775000074,DNAJC11
501,0.09178439724999965,ALDH7A1
388228,0.09177489574999997,SBK1
7542,0.09175863274999996,ZFPL1
389677,0.09174582325000014,RBM12B
55697,0.09171802075000013,VAC14
56241,0.09168731349999959,SUSD2
4747,0.09164900674999998,NEFL
150677,0.0916069205000003,OTOS
388394,0.09149538324999984,RPRML
1135,0.09147952175000018,CHRNA2
389123,0.09141441874999989,IQCF2
84287,0.09128841824999867,ZDHHC16
7373,0.09123578074999994,COL14A1
7016,0.09107006999999889,TESK1
55737,0.0909098825000001,VPS35
32,0.09083830049999975,ACACB
4018,0.09083164875000005,LPA
3628,0.09069270574999955,INPP1
10869,0.09059466949999972,USP19
8453,0.09041464049999881,CUL2
3667,0.09033130650000132,IRS1
5099,0.09023291725000027,PCDH7
155185,0.09015962075000017,AMZ1
57150,0.09007702125000083,SMIM8
1583,0.09005637750000028,CYP11A1
7336,0.08992413750000061,UBE2V2
9536,0.0898117420000002,PTGES
51755,0.0896387505000007,CDK12
51497,0.08963767499999875,NELFCD
1327,0.08963653750000233,COX4I1
128488,0.08961110225000013,WFDC12
79070,0.08944627824999962,POGLUT2
9295,0.08934106499999928,SRSF11
100130958,0.08934088525000039,SYCE1L
57647,0.08924864425000045,DHX37
51710,0.08923942899999915,ZNF44
518,0.08923513749999756,ATP5MC3
55643,0.08923058124999983,BTBD2
163051,0.0889560632499995,ZNF709
64061,0.08894674999999985,TSPYL2
51277,0.08889988474999999,DNAJC27
55278,0.08889864775000067,QRSL1
3400,0.08886639425000054,ID4
1875,0.08886493524999972,E2F5
84792,0.0888288952500016,FAM220A
8747,0.08875660150000009,ADAM21
727,0.08869759249999998,C5
64901,0.08857872349999996,RANBP17
80856,0.08829465125000002,LNPK
5563,0.08824494674999972,PRKAA2
414918,0.08815604549999989,DENND6B
7067,0.08787522175000007,THRA
260429,0.08773994374999994,PRSS33
9441,0.08769163824999993,MED26
11282,0.08756069550000056,MGAT4B
79135,0.08747737849999915,APOO
54910,0.08741336474999883,SEMA4C
79894,0.08734444425000021,ZNF672
126669,0.08734126575000012,SHE
284649,0.08733108875000006,SMG7-AS1
2004,0.08715830824999982,ELK3
51363,0.08703552874999998,CHST15
494514,0.08700273099999967,TYMSOS
26053,0.08697246749999987,AUTS2
1399,0.08696064550000004,CRKL
167681,0.08684120024999986,PRSS35
83863,0.08683816075000017,TTTY5
84226,0.0867755090000002,SPATA31H1
784,0.08674256325000052,CACNB3
6480,0.08669711950000014,ST6GAL1
100506289,0.0864955485000003,LINC03095
23220,0.08639475649999984,DTX4
151649,0.08629701200000017,PP2D1
80115,0.0862555519999999,BAIAP2L2
7533,0.08618609675000144,YWHAH
596,0.08605147749999986,BCL2
2637,0.08592447175000029,GBX2
7755,0.0859077329999991,ZNF205
23560,0.08543155374999856,GTPBP4
83891,0.0852051322499996,SNX25
161835,0.08516767875000042,FSIP1
220002,0.08511796725000043,CYB561A3
79747,0.08493579925000017,ADGB
4976,0.08485387725000049,OPA1
8877,0.08481804449999952,SPHK1
3209,0.08481403275000021,HOXA13
54815,0.08475875124999988,GATAD2A
1138,0.08472571049999988,CHRNA5
5301,0.08457767800000049,PIN1P1
116092,0.08438938675000074,DNTTIP1
3633,0.08426727099999987,INPP5B
29777,0.08408446499999922,ABT1
1443,0.08400334124999986,CSH2
84869,0.08397045749999954,CBR4
65996,0.08383167899999933,CENPBD2P
6578,0.08382669300000023,SLCO2A1
4298,0.08378798249999964,MLLT1
9388,0.08372974275000011,LIPG
372,0.08361027499999807,ARCN1
10598,0.08360831799999957,AHSA1
79901,0.0836018512499983,CYBRD1
64216,0.0834875205000003,TFB2M
93517,0.08345365024999962,SDR42E1
116362,0.08317161724999966,RBP7
9625,0.0830781117499999,AATK
284695,0.08299629299999989,ZNF326
134549,0.08294963249999965,SHROOM1
114224,0.08287004875000026,LOC114224
124221,0.08281297300000023,PRSS30P
7072,0.08266570099999981,TIA1
136541,0.08264801475000016,PRSS58
169714,0.08263889475000052,QSOX2
79949,0.08256872350000055,PLEKHS1
2526,0.08256432650000001,FUT4
83448,0.0825421000000004,PUS7L
79018,0.08243399399999962,GID4
284370,0.082393238249999,ZNF615
7543,0.08237853099999981,ZFX
6343,0.08235776674999995,SCT
100128285,0.0823374874999998,DNM1P35
26492,0.0823354949999997,OR8G2P
6650,0.08225501774999966,CAPN15
375189,0.08223831699999984,PFN4
100131211,0.08220944074999981,NEMP2
23615,0.08201415924999989,PYY2
81539,0.08190876550000015,SLC38A1
26070,0.08187226649999957,MYRF-AS1
3768,0.08165031000000011,KCNJ12
2849,0.08153351850000012,GPR26
2078,0.08144454400000001,ERG
27154,0.08126868075000004,BRPF3
26226,0.08124483924999959,FBXW4P1
57212,0.08123665125000024,GFOD3P
79705,0.0811662692499997,LRRK1
10526,0.08100124325000024,IPO8
5365,0.08084279249999993,PLXNB3
11092,0.08080961075000026,SPACA9
9383,0.08073175699999968,TSIX
100507171,0.08065571524999982,BOLA3-DT
10748,0.08057119074999974,KLRA1P
84437,0.08055582974999975,MSANTD4
10603,0.08049026125000047,SH2B2
23639,0.08043535000000013,DNAAF11
3842,0.08027775250000069,TNPO1
5479,0.0801817449999973,PPIB
92715,0.0799142912500006,DPH7
84867,0.07986045174999967,PTPN5
11338,0.07976260249999978,U2AF2
65008,0.0795229752500024,MRPL1
2620,0.07944461200000008,GAS2
10075,0.07942939399999904,HUWE1
56948,0.07934557425000044,SDR39U1
221710,0.0793281932499994,SMIM13
4939,0.07920894050000005,OAS2
11194,0.0791160384999996,ABCB8
2824,0.07905090224999967,GPM6B
6927,0.07899003075000044,HNF1A
222663,0.0789769455,SCUBE3
206412,0.07877943874999982,C6orf163
911,0.07869770749999949,CD1C
23130,0.07866733899999989,ATG2A
256006,0.07864448225000009,ANKRD31
147650,0.07849194849999996,SPACA6
10776,0.07848938725000032,ARPP19
10743,0.07842950625,RAI1
152,0.07823815650000032,ADRA2C
9655,0.07818405474999857,SOCS5
1891,0.07814994375000062,ECH1
79944,0.07794892224999961,L2HGDH
100134229,0.07786072700000002,KDM7A-DT
22794,0.07773791300000177,CASC3
50804,0.07761866649999938,MYEF2
219931,0.07757867424999976,TPCN2
51727,0.07743999975000193,CMPK1
164091,0.07740003424999964,PAQR7
83541,0.07739888199999978,FAM110A
8852,0.07728484700000005,AKAP4
90850,0.07689615675000017,ZNF598
645191,0.07684237299999985,LINGO3
100507261,0.07673421575000017,MIR670HG
83856,0.07673373349999979,FSD1L
284408,0.07672204274999928,ZNF790-AS1
9170,0.07672035374999986,LPAR2
54883,0.07662310849999976,CWC25
283232,0.07643474774999959,TMEM80
161502,0.07625124574999997,CFAP161
84215,0.07613797349999984,ZNF541
64149,0.07585539999999824,C17orf75
128826,0.07585269850000032,MIR1-1HG
8573,0.07576566399999951,CASK
3802,0.07553376150000002,KIR2DL1
8266,0.07548745225000086,UBL4A
377677,0.07547217624999947,CA13
55846,0.07535552949999946,ITFG2
79603,0.07531165249999994,CERS4
64423,0.07506676249999966,INF2
100132815,0.07486748075000005,IPO5P1
2114,0.07483018649999984,ETS2
23304,0.07482588025000059,UBR2
1358,0.07476605400000036,CPA2
56654,0.0747110937500004,NPDC1
5718,0.07466351499999924,PSMD12
100287765,0.07461889675000011,LINC00630
132014,0.07460553650000001,IL17RE
55787,0.07439721399999932,TXLNG
9113,0.07427789449999977,LATS1
201617,0.07411414875000011,LINC00870
285668,0.07406276200000006,LINC03122
163590,0.07399851399999946,TOR1AIP2
7414,0.07397545499999936,VCL
11231,0.07385217075000039,SEC63
7141,0.07383275724999994,TNP1
100505853,0.07382653950000018,LINC01898
117195,0.07380843100000023,MRGPRX3
84274,0.07379095125000035,COQ5
84894,0.07378632125000095,LINGO1
1108,0.0737370512499993,CHD4
9019,0.07369188075000022,MPZL1
8668,0.07366681999999791,EIF3I
115708,0.07363932300000009,TRMT61A
145853,0.07356947775000044,C15orf61
83852,0.07344327149999952,SETDB2
50840,0.07332949049999993,TAS2R14
25849,0.07319448825000041,PARM1
143941,0.07318264674999986,TTC36
9337,0.07316047474999987,CNOT8
728448,0.07304086499999984,PPIEL
9125,0.0730274460000011,CNOT9
3419,0.07301288624999813,IDH3A
2140,0.0729388339999999,EYA3
84186,0.07284231800000107,ZCCHC7
56980,0.07281037774999977,PRDM10
644186,0.07273796200000016,SYCE3
145264,0.07269265425000038,SERPINA12
23095,0.07268435549999985,KIF1B
23301,0.07260534100000005,EHBP1
120071,0.0725914995000001,LARGE2
9686,0.07258045650000078,VGLL4
400931,0.07247241875000032,MIRLET7BHG
1025,0.07240922350000023,CDK9
256364,0.07236409524999976,EML3
23131,0.07226364825000076,GPATCH8
64772,0.07226206049999995,ENGASE
5704,0.07224300674999995,PSMC4
327,0.07222557299999988,APEH
10166,0.0722242090000007,SLC25A15
22934,0.07222102125000163,RPIA
171023,0.07216034550000039,ASXL1
84527,0.07214885874999943,ZNF559
151835,0.07203065899999972,CPNE9
90668,0.07201297074999946,CARMIL3
79672,0.07191640449999959,FN3KRP
4676,0.0718423494999989,NAP1L4
8542,0.07166330550000044,APOL1
100506963,0.07160015800000075,ELOA-AS1
389084,0.07145840450000018,SNORC
353174,0.07145241249999978,ZACN
220213,0.07118566000000115,OTUD1
100507057,0.07108049375000025,MELTF-AS1
643365,0.07097117225000016,LINC00452
8910,0.0709121662500003,SGCE
7727,0.0708643122499999,ZNF174
2729,0.07085372750000118,GCLC
222236,0.070618407,NAPEPLD
1454,0.07060780274999967,CSNK1E
51201,0.07059968425000207,ZDHHC2
57338,0.07056854849999983,JPH3
6224,0.07047586999999922,RPS20
6253,0.07042845824999944,RTN2
5167,0.0703710420000001,ENPP1
388692,0.07034796500000029,LINC02591
8698,0.07030207225000007,S1PR4
7343,0.07029960324999962,UBTF
26526,0.07024890699999986,TSPAN16
117154,0.07017958474999997,DACH2
7070,0.07015181324999986,THY1
220992,0.07005905050000116,ZNF485
51716,0.07001145949999987,CES1P1
9547,0.06999383524999958,CXCL14
23145,0.06993868625000044,SSPOP
54461,0.0698788859999997,FBXW5
8501,0.06984138149999986,SLC43A1
221527,0.06971794374999973,ZBTB12
342538,0.0696781259999999,NACA2
5774,0.06961334249999984,PTPN3
2034,0.0696115257499983,EPAS1
9100,0.06958612200000047,USP10
345557,0.06957865600000002,PLCXD3
113835,0.06939776224999994,ZNF257
93487,0.06934045999999938,MAPK1IP1L
5949,0.06920599650000003,RBP3
10058,0.0691929942499998,ABCB6
100127950,0.06907683925000052,HECW1-IT1
84444,0.06894650749999975,DOT1L
83723,0.06889019900000015,TLCD3B
5605,0.06883923475000042,MAP2K2
10516,0.06880304775000035,FBLN5
317648,0.06877015500000017,NOP14-AS1
343990,0.06863276824999964,CRACDL
7634,0.06856840275000042,ZNF80
113277,0.0684807859999994,TMEM106A
79831,0.06837610925000037,KDM8
57406,0.06835299750000079,ABHD6
10446,0.06831321899999976,LRRN2
51156,0.06824944799999999,SERPINA10
84765,0.0682104382500004,ZNF577
1101,0.06819166575000057,CHAD
317662,0.06811093825000025,FAM149B1
9187,0.06806826975000035,SLC24A1
4066,0.06788138975000013,LYL1
9911,0.06785788974999996,TMCC2
28676,0.06782619974999982,TRAV10
9098,0.06770689574999977,USP6
100189589,0.06769831725000008,DCTN1-AS1
5457,0.06763966724999992,POU4F1
2245,0.06735223775000065,FGD1
25817,0.06731935725000016,TAFA5
759,0.0673092930000001,CA1
7148,0.06722320524999992,TNXB
162394,0.06719527974999995,SLFN5
6629,0.06719436750000085,SNRPB2
222171,0.06716184850000007,PRR15
3363,0.0671120097500002,HTR7
2875,0.06708262599999948,GPT
6185,0.06686057499999798,RPN2
2220,0.0668148762499996,FCN2
7177,0.06670087774999978,TPSAB1
152185,0.06665837600000035,SPICE1
8659,0.06657081125000008,ALDH4A1
10347,0.0664837352499994,ABCA7
55676,0.06639001325000038,SLC30A6
80714,0.06633056475000032,PBX4
1267,0.0663085695000003,CNP
160851,0.06628593549999984,DGKH
338645,0.06627350000000032,LUZP2
144423,0.06624068574999953,GLT1D1
861,0.06622769024999986,RUNX1
3696,0.0661297584999998,ITGB8
5408,0.06612495449999978,PNLIPRP2
64170,0.06585232725000001,CARD9
146429,0.06576422450000008,SLC22A31
55187,0.0656682592500002,VPS13D
957,0.06564976949999979,ENTPD5
8556,0.06553031500000062,CDC14A
676,0.06549011449999975,BRDT
139728,0.06543371350000005,PNCK
51161,0.06543000700000023,C3orf18
6794,0.06542464075000032,STK11
729296,0.06542044300000027,LOC729296
148645,0.06539403124999987,ICMT-DT
257106,0.06534746524999946,ARHGAP30
8800,0.06532806374999955,PEX11A
84969,0.06527200474999972,TOX2
79621,0.06522148299999975,RNASEH2B
123803,0.06521903624999936,NTAN1
158434,0.06504979099999986,LOC158434
9635,0.06498127949999999,CLCA2
22980,0.06496544549999861,TCF25
219854,0.06488092025000025,TMEM218
79845,0.06487911425000004,RNF122
84699,0.06483290750000004,CREB3L3
963,0.06477397799999984,CD53
23504,0.06471203175000007,RIMBP2
8792,0.06471046399999958,TNFRSF11A
22937,0.0647010077499992,SCAP
400629,0.06461770450000026,TEX19
55195,0.06457876375000016,CCDC198
80725,0.06454190424999995,SRCIN1
374378,0.06447458824999996,GALNT18
8477,0.06441256949999996,GPR65
158763,0.06435864125000013,ARHGAP36
6780,0.06435498500000136,STAU1
3948,0.0643544997500003,LDHC
55064,0.0642741375,SPATA6L
118490,0.06425968700000029,MSS51
91289,0.06402035025000075,LMF2
3115,0.06390185274999993,HLA-DPB1
79735,0.06385106599999979,TBC1D17
5089,0.06384780424999992,PBX2
41,0.06382974624999971,ASIC1
284058,0.06359770424999844,KANSL1
6665,0.06355953175000018,SOX15
9513,0.06353565924999938,FXR2
54972,0.06342585124999989,TMEM132A
8553,0.06334961549999996,BHLHE40
10717,0.06333828200000013,AP4B1
23423,0.06332505800000021,TMED3
84733,0.06328457100000007,CBX2
80059,0.06327470075000008,LRRTM4
6915,0.06320474600000026,TBXA2R
65220,0.06309971650000001,NADK
63941,0.06308329949999969,NECAB3
51385,0.06305238024999982,ZNF589
6756,0.06305131674999975,SSX1
204474,0.06303269150000057,PDILT
126731,0.06302783724999994,CCSAP
80307,0.06295821749999986,FER1L4
84964,0.06292923400000028,ALKBH6
9218,0.06280192350000036,VAPA
57716,0.0627808467500004,PRX
148398,0.06273664199999995,SAMD11
525,0.06250818000000002,ATP6V1B1
85366,0.062497232500000166,MYLK2
83875,0.062454851750000095,BCO2
55612,0.06240166799999969,FERMT1
6391,0.062323698999999344,SDHC
23316,0.06221945799999995,CUX2
283337,0.062191690500000174,ZNF740
200634,0.06216512200000013,KRTCAP3
142891,0.0621039892500006,SAMD8
83959,0.062056917000000045,SLC4A11
120863,0.06205088574999973,DEPDC4
100533184,0.06198824249999957,ARHGAP19-SLIT1
100128788,0.06193431574999986,SRRM2-AS1
400916,0.06177360474999993,CHCHD10
65109,0.06170947399999971,UPF3B
27086,0.06139605124999914,FOXP1
6878,0.06136000275000075,TAF6
1347,0.06134493999999968,COX7A2
1109,0.06132959750000033,AKR1C4
25842,0.061277771000000314,ASF1A
79709,0.06122424525000092,COLGALT1
130120,0.061175494,REG3G
57092,0.06115913750000068,PCNP
3593,0.06104064074999993,IL12B
55083,0.06098394350000014,KIF26B
11022,0.060945936749999596,TDRKH
150946,0.06092240875000021,GAREM2
79879,0.060871782250000006,CCDC134
63923,0.06081298850000039,TNN
9108,0.06075565325000065,MTMR7
162466,0.06075281274999966,PHOSPHO1
650,0.06067592524999954,BMP2
9992,0.06064025525000005,KCNE2
100130331,0.06061999274999996,LOC100130331
80035,0.06059698750000031,ANP32A-IT1
92270,0.06054208424999974,ATP6AP1L
342926,0.06053460600000049,ZNF677
100506016,0.06045222999999922,LOC100506016
5326,0.06043202275000059,PLAGL2
55812,0.06031571250000045,SPATA7
5414,0.06027565349999975,SEPTIN4
286177,0.060245237500000215,LOC286177
83394,0.06020588699999996,PITPNM3
125061,0.06019264850000017,AFMID
10401,0.06016518825000006,PIAS3
5121,0.06013692000000015,PCP4
23481,0.05984625099999974,PES1
4060,0.059640110250000156,LUM
11123,0.059509257000000204,RCAN3
10815,0.05950036674999959,CPLX1
56979,0.05948173574999993,PRDM9
79174,0.0594614284999988,CRELD2
100130733,0.05945390524999983,LRRC70
5316,0.05945086524999965,PKNOX1
146,0.05938127500000023,ADRA1D
3227,0.059370243000000045,HOXC11
22822,0.05936036500000075,PHLDA1
56935,0.05934058825000044,SMCO4
27334,0.059207052250000114,P2RY10
283870,0.05914826750000035,BRICD5
55671,0.0589789512500003,PPP4R3A
140832,0.05884701675000015,WFDC10A
114659,0.05883348750000028,LRRC37B
100996485,0.05876396550000029,PITX1-AS1
116535,0.05868897800000017,MRGPRF
5276,0.05864174625000018,SERPINI2
10302,0.05858457674999995,SNAPC5
23457,0.058577513249999935,ABCB9
762,0.05836571750000008,CA4
260436,0.05836256399999984,FDCSP
57057,0.058304946000000246,TBX20
23283,0.05825868300000003,CSTF2T
9919,0.05825860149999862,SEC16A
100288797,0.058254125749999996,TMEM239
6610,0.058221061499999394,SMPD2
2827,0.05817894024999992,GPR3
374899,0.05814817200000011,ZNF829
4862,0.05808626975000042,NPAS2
129881,0.057950009999999885,CFAP210
150771,0.05789605425000044,ITPRIPL1
9955,0.05784006574999889,HS3ST3A1
54567,0.05782590750000027,DLL4
170626,0.05774767349999976,XAGE3
203547,0.05764643450000051,VMA21
140775,0.05763349400000006,SMCR8
11102,0.05758563150000029,RPP14
4705,0.05752779199999969,NDUFA10
100506930,0.05747092399999998,LINC00665
22992,0.05731480124999955,KDM2A
54928,0.05708679974999953,BPNT2
2520,0.05708196175000024,GAST
84146,0.05702664599999974,ZNF644
11315,0.05699057000000174,PARK7
259249,0.05698368174999979,MRGPRX1
79097,0.056979366749999816,TRIM48
553103,0.05688481450000005,MIR3936HG
389434,0.05686086424999992,IYD
283888,0.05684538250000015,IL21R-AS1
26277,0.056828678250000486,TINF2
5793,0.05682440324999938,PTPRG
284306,0.056760046249999974,ZNF547
390999,0.05666023549999988,PRAMEF12
79626,0.056607344999999754,TNFAIP8L2
440348,0.056604757499999714,NPIPB15
79444,0.056599333999999946,BIRC7
401237,0.05640785100000034,CASC15
401134,0.056355935250000044,LINC02232
150383,0.05633646100000034,CDPF1
9039,0.05616919000000031,UBA3
90835,0.056163980750000064,CFAP119
11326,0.0561023684999995,VSIG4
28952,0.056033653249999205,CCDC22
64426,0.055734982749998885,SUDS3
266675,0.05572113425000014,BEST4
23671,0.0557107427500001,TMEFF2
9275,0.055663500749999706,BCL7B
79867,0.055646736499999516,TCTN2
120425,0.05560657250000034,JAML
51441,0.055521630499999475,YTHDF2
728012,0.0554772222500004,MCHR2-AS1
54829,0.05536315100000033,ASPN
4114,0.0552843102499998,MAGEB3
730098,0.055257724750000126,LOC730098
55814,0.05521737824999917,BDP1
7869,0.05521531099999999,SEMA3B
127841,0.055210870999999884,LINC00628
6832,0.05514523175000008,SUPV3L1
51651,0.055087994249999994,PTRH2
1326,0.055086142500000435,MAP3K8
56479,0.055010879500000165,KCNQ5
28955,0.05499407525000066,DEXI
56061,0.054895701000001296,UBFD1
100505676,0.05487005150000002,RRS1-DT
221687,0.05476690699999942,RNF182
341405,0.05474739025000064,ANKRD33
84133,0.05471386924999955,ZNRF3
3754,0.054712322249999445,KCNF1
27124,0.05467105625000013,INPP5J
100507066,0.054657388749999924,CLIP1-AS1
196527,0.05465356174999947,ANO6
10361,0.054620253000000396,NPM2
9611,0.054612098000000664,NCOR1
148046,0.05455274124999976,CIRBP-AS1
4849,0.05446202775000053,CNOT3
342918,0.05439910499999989,C19orf81
79751,0.05435536025000065,SLC25A22
9684,0.05428657575000084,LRRC14
91574,0.05422123550000091,MTRFR
2515,0.05421990274999988,ADAM2
100170765,0.05419613925000011,ERICH4
81578,0.054180461249999645,COL21A1
5575,0.05414237349999995,PRKAR1B
126868,0.05406888175000013,MAB21L3
92340,0.05405630650000015,PRR29
54878,0.05398527749999893,DPP8
54890,0.05397725550000043,ALKBH5
441061,0.053972328749999576,MARCHF11
7572,0.053966741500000026,ZNF24
51451,0.053949690250000515,LCMT1
58510,0.05394036900000021,PRODH2
5142,0.05390748549999991,PDE4B
3703,0.05388713249999988,STT3A
9425,0.053859111750000466,CDYL
165100,0.053817024500000255,TEX44
26043,0.05369359824999975,UBXN7
284069,0.05351043399999966,FAM171A2
229,0.0534866252499997,ALDOB
54929,0.05347338275000002,TMEM161A
8785,0.05344519300000039,MATN4
5152,0.05341887724999994,PDE9A
55025,0.05341601950000063,FLJ20712
161931,0.05340535625000076,ADAD2
199800,0.05339281649999972,ADM5
3619,0.05336358700000021,INCENP
8525,0.05335967150000087,DGKZ
80712,0.053355373499999637,ESX1
285955,0.05332004750000019,SPDYE1
140290,0.053307506499999935,TCP10L
22996,0.05317130950000015,TTC39A
1497,0.05316382325000024,CTNS
54915,0.053043406999998766,YTHDF1
26098,0.05300201424999962,EDRF1
100049716,0.052907037749999386,NINJ2-AS1
163479,0.05287104024999989,FNDC7
9343,0.05281562000000051,EFTUD2
3744,0.052797595000000364,KCNA10
8314,0.05266108125000013,BAP1
54072,0.05265013375000027,LINC00158
130340,0.052640386000000206,AP1S3
5261,0.05263020624999992,PHKG2
6891,0.05248691400000016,TAP2
84330,0.05242814724999967,ZNF414
1819,0.052290236000000156,DRG2
945,0.05210584500000026,CD33
57666,0.05200918074999983,FBRSL1
100507143,0.051996582750000186,LINC00708
5990,0.051988450000000075,RFX2
9442,0.05197435025000008,MED27
55057,0.05190484175000032,CRYBG2
81872,0.05188412425000033,KRTAP2-1
7643,0.05186444825000036,ZNF90
974,0.05174947625000037,CD79B
58509,0.051736687250000024,CACTIN
27255,0.051708393999999824,CNTN6
84911,0.05170560974999994,ZNF382
22941,0.05152421925000006,SHANK2
8533,0.051510886250001775,COPS3
11146,0.05139580399999932,GLMN
5646,0.051369189000000315,PRSS3
84920,0.05130161525000032,ALG10
7349,0.051223308000000856,UCN
1824,0.05121491000000011,DSC2
81624,0.051197353000000057,DIAPH3
3557,0.051189195000000076,IL1RN
50943,0.05109978824999972,FOXP3
2358,0.05106223424999978,FPR2
3167,0.05102572225000035,HMX2
164284,0.05099491849999982,APCDD1L
57597,0.05090843499999975,BAHCC1
118421,0.05090783824999967,LINC00161
84660,0.05089685974999991,CCDC62
56477,0.05074858800000026,CCL28
51645,0.05073890800000136,PPIL1
64844,0.05057357375000038,MARCHF7
246705,0.05050393849999946,LINC00314
25864,0.05046764074999999,ABHD14A
23244,0.05042492550000066,PDS5A
90780,0.050418294249999995,PYGO2
7693,0.05041101949999849,ZNF134
2792,0.050299787749999325,GNGT1
145497,0.05025674550000003,LRRC74A
374868,0.050150641749999725,ATP9B
80820,0.05010807174999954,EEPD1
374875,0.050043999999999755,HSD11B1L
132724,0.049961159749999595,TMPRSS11B
7257,0.049944487500001244,TSNAX
133491,0.04983702274999979,C5orf47
246329,0.049814058249999515,STAC3
285456,0.04981066924999977,RPL34-DT
8073,0.049792124749998834,PTP4A2
113177,0.04979144474999986,IZUMO4
23683,0.04978491075000058,PRKD3
339221,0.04975061674999992,ENPP7
11264,0.0496973005000001,PXMP4
8703,0.04964875574999983,B4GALT3
90139,0.04947522200000032,TSPAN18
9015,0.04941834000000078,TAF1A
6904,0.049400829250000555,TBCD
100874021,0.049249891000000545,MAGI2-AS2
8514,0.049149571750000565,KCNAB2
3175,0.04905412300000034,ONECUT1
3981,0.04904412425000082,LIG4
147339,0.04902553549999977,ARK2N
79922,0.04899460174999959,MRM1
83894,0.0489846367500002,TTC29
10255,0.04898310625000013,HCG9
57047,0.04897560200000006,PLSCR2
126119,0.04896438749999987,JOSD2
55147,0.04890407074999992,RBM23
84231,0.04890248600000113,TRAF7
26776,0.048841442499999665,SNORA71B
654790,0.04884070275000063,PCP4L1
8636,0.04883864274999894,SSNA1
286207,0.048835918749999596,CFAP157
116379,0.04882873025000034,IL22RA2
83853,0.048722662999999944,ROPN1L
137075,0.04869574374999974,CLDN23
731,0.04862244424999984,C8A
10163,0.0485472610000004,WASF2
79755,0.0485301727499996,ZNF750
51503,0.04837462999999964,CWC15
5867,0.04834338224999968,RAB4A
54617,0.048332233500000044,INO80
5590,0.04815888275000013,PRKCZ
11025,0.048110915749999705,LILRB3
339622,0.04811051049999948,LINC01692
2010,0.04808638499999951,EMD
40,0.04808045800000027,ASIC2
8538,0.04806519250000019,BARX2
26508,0.0480582122500004,HEYL
2587,0.04804531850000027,GALR1
6361,0.048009026250000364,CCL17
6368,0.04799305149999977,CCL23
100506606,0.04789079449999978,FAR2-AS1
84795,0.047823554499999865,PYROXD2
100131454,0.04771371724999929,DBIL5P
353189,0.047696123999999784,SLCO4C1
83538,0.047692663750000364,ODAD4
476,0.04768221224999891,ATP1A1
113201,0.04764210499999777,GOLM2
130367,0.04740224625000011,SGPP2
284578,0.04739091025000031,SLC60A1-AS1
9578,0.047382824749999664,CDC42BPB
51533,0.04731015999999988,PHF7
92154,0.04727816049999989,MTSS2
3752,0.047276523000000736,KCND3
23505,0.04723122574999916,TMEM131
9313,0.04720692750000044,MMP20
552889,0.04718433049999948,ATXN7L3B
29942,0.04717582425,PURG
84815,0.047159057750000066,MGC12916
10314,0.04710836649999983,LANCL1
57639,0.04707607324999996,CCDC146
29801,0.0470688457499997,ZDHHC8
23049,0.04699276450000056,SMG1
154872,0.04699141799999973,LINC03043
5833,0.046938831749999466,PCYT2
6423,0.04692395724999976,SFRP2
79676,0.04688393224999965,OGFOD2
8590,0.04681931625000013,OR6A2
79811,0.04670990850000223,SLTM
79955,0.04666553649999994,PDZD7
64127,0.0466369000000002,NOD2
5950,0.046595906749999916,RBP4
53335,0.04637275449999967,BCL11A
57526,0.04634652450000054,PCDH19
8237,0.046328157249998725,USP11
54732,0.046283474999999186,TMED9
100506392,0.046213892499999965,SLC16A1-AS1
340542,0.04620606000000027,BEX5
29015,0.04619900075000016,SLC43A3
7073,0.046160543750001004,TIAL1
64848,0.046127052500000154,YTHDC2
29888,0.04604067749999974,STRN4
79689,0.04595487699999978,STEAP4
51348,0.04595084000000016,KLRF1
161394,0.045918536249999864,SAMD15
100505918,0.04588554875000028,LOC100505918
7056,0.04584517549999978,THBD
642976,0.04584331024999999,GRIK1-AS1
147700,0.04583111149999963,KLC3
1910,0.04581242050000034,EDNRB
284632,0.045738202499999936,LINC02800
10017,0.045724065499999966,BCL2L10
442721,0.04570988549999999,LMOD2
280664,0.04570186899999973,WFDC10B
7139,0.045696730750000025,TNNT2
26206,0.045684027750000133,SPAG8
134548,0.04565490799999994,SOWAHA
8233,0.04557948174999993,ZRSR2
26494,0.04554970800000002,OR8G1
285205,0.04550122475000018,LINC00636
8815,0.04548088249999971,BANF1
387644,0.045377078999999654,FAM238C
79974,0.045304551750000144,CPED1
7978,0.04528587374999926,MTERF1
9715,0.04528235125000002,FAM131B
864,0.04523351649999974,RUNX3
84315,0.045213828999999706,MON1A
9437,0.04520372024999997,NCR1
26780,0.045196908249999446,SNORA68
132203,0.045187540499999734,SNTN
10002,0.04518704349999991,NR2E3
92483,0.045178326749999886,LDHAL6B
147912,0.0451478354999999,SIX5
121838,0.04510448225000019,NRAD1
26469,0.04508009374999933,PTPN18
100505920,0.045074493500000035,LINC02036
150290,0.04503134849999979,DUSP18
55026,0.0450110717500003,TMEM255A
55252,0.04497325449999989,ASXL2
2272,0.04496747100000009,FHIT
55160,0.04494951049999951,ARHGEF10L
3204,0.04493838050000054,HOXA7
22838,0.0449227100000007,RNF44
5329,0.044917058999999426,PLAUR
100506691,0.04488994399999946,LINC02985
9058,0.04485691699999972,SLC13A2
84839,0.04484886200000027,RAX2
64145,0.04478348349999983,RBSN
115557,0.044694337999999334,ARHGEF25
388698,0.044681974749999576,FLG2
64771,0.044668744750000045,ILRUN
91304,0.04464738949999969,TMEM259
100128640,0.04460002499999982,ACVR2B-AS1
56099,0.04455701424999958,PCDHGB7
54961,0.044486343750000046,SSH3
641384,0.04448207900000023,LINC02912
399806,0.04446679200000059,LBX1-AS1
9584,0.04446330999999937,RBM39
5355,0.044376324999999994,PLP2
439949,0.04431351349999968,PRKCQ-AS1
261734,0.04426383675000034,NPHP4
55815,0.04423451200000006,TSNAXIP1
246243,0.04419551825000134,RNASEH1
729224,0.04418144050000006,KIAA2012-AS1
6631,0.044122067500001805,SNRPC
8526,0.044041641749999805,DGKE
63826,0.044034742500000945,SRR
6573,0.04403372424999974,SLC19A1
257019,0.044012240499999855,FRMD3
256356,0.04393438775000025,GK5
7366,0.04392012625000019,UGT2B15
136227,0.04391600325000011,COL26A1
57484,0.0438216662499995,RNF150
644997,0.04381157424999982,PIK3CD-AS1
400761,0.043790651000000125,LRRC8C-DT
9344,0.043722607750000364,TAOK2
4624,0.04371819524999987,MYH6
920,0.04371684399999998,CD4
101,0.04369942174999997,ADAM8
6098,0.04366403974999988,ROS1
904,0.04365781375000033,CCNT1
286184,0.0436287489999998,LINC01289
4146,0.0436268967500002,MATN1
201780,0.043492732749999874,SLC10A4
26097,0.04345281325000094,CHTOP
11185,0.043430210999999996,INMT
54476,0.04337522524999926,RNF216
51043,0.043363318500000414,ZBTB7B
9452,0.04332760375000033,ITM2A
157657,0.04318679000000003,CFAP418
54931,0.043181594750002716,TRMT10C
51222,0.043165917250000074,ZNF219
118471,0.043120878749999925,PRAP1
84904,0.04303991699999976,ARHGEF39
145946,0.0430013615,SPATA8
473,0.0429188564999996,RERE
139420,0.042888619499999336,PPP4R3C
51705,0.04287953649999965,EMCN
5917,0.04285727249999738,RARS1
2196,0.04284944624999998,FAT2
125113,0.04281641675000003,KRT222
283483,0.042678701250000284,ARGLU1-DT
4326,0.04262732250000001,MMP17
197,0.042536367499999894,AHSG
5319,0.04252198075000013,PLA2G1B
50514,0.042504707249999996,DELEC1
116337,0.042415683250000225,PANX3
65977,0.04240149049999964,PLEKHA3
8803,0.04238862749999939,SUCLA2
5304,0.04230593100000002,PIP
30848,0.0422519707500002,CTAG2
5217,0.04224642500000009,PFN2
717,0.04223660000000029,C2
401288,0.042208836749999534,LINC00242
387486,0.042189386250000016,LINC00320
100132476,0.04213993225000001,KRTAP4-7
1117,0.04212745274999996,CHI3L2
389376,0.04211017375000026,SFTA2
55749,0.042105134999999905,CCAR1
23105,0.04209035775000025,FSTL4
100506049,0.042066994749999864,LRRC72
57555,0.04205776899999991,NLGN2
84916,0.04202266649999942,UTP4
729991,0.04195760800000059,BORCS8
83893,0.041949711,SPATA16
100507299,0.04188332849999998,SMC5-DT
114883,0.04184689749999926,OSBPL9
9877,0.04182800499999928,ZC3H11A
81571,0.0418236267499994,MIR600HG
6557,0.04181425400000016,SLC12A1
2810,0.04170383299999969,SFN
79582,0.04158067350000039,SPAG16
722,0.04156893024999997,C4BPA
2173,0.041562954499999805,FABP7
6502,0.041555079250000126,SKP2
6247,0.04154125175000001,RS1
1440,0.041532491249999914,CSF3
57628,0.04149653400000064,DPP10
11124,0.04149395450000082,FAF1
51304,0.04147866975000092,ZDHHC3
55600,0.041417818999999856,ITLN1
100652770,0.04139706199999971,DSG2-AS1
132954,0.04137585425000001,PDCL2
84667,0.0413448045,HES7
125950,0.04125276875000017,RAVER1
5148,0.04121293599999998,PDE6G
23198,0.04120946399999781,PSME4
114770,0.041175534250000645,PGLYRP2
29947,0.041027612749999776,DNMT3L
731223,0.04101561750000027,LINC01220
6815,0.0410035987499997,STYX
163747,0.04099661749999983,CIMAP2
6531,0.04099191925000012,SLC6A3
3043,0.040983592000000346,HBB
51617,0.040938134749999744,NSG2
1447,0.040902366499999676,CSN2
9595,0.040894099250000426,CYTIP
100132354,0.04088298999999962,LINC01512
145957,0.040845330999999874,NRG4
1577,0.04081943499999996,CYP3A5
285671,0.04079427450000006,RNF180
79759,0.040759656249999665,ZNF668
100287098,0.04072201600000014,TONSL-AS1
9315,0.04063725025000009,NREP
5913,0.04058448499999967,RAPSN
29063,0.04057639550000047,ZCCHC4
286178,0.04054966049999997,LINC03018
203228,0.04054307250000022,C9orf72
54661,0.04049682974999991,PCDHB17P
92806,0.04043723825000001,CENPBD1P
374768,0.040430746750000246,SPEM1
2784,0.04040844300000046,GNB3
140458,0.04032108850000027,ASB5
81853,0.040320880000001225,TMEM14B
6730,0.040285089750000225,SRP68
1053,0.04027487924999962,CEBPE
51075,0.04022894500000085,TMX2
142684,0.040197853000000006,RAB40A
114879,0.04017026424999992,OSBPL5
4065,0.04012786899999998,LY75
29765,0.04012737600000005,TMOD4
283432,0.04012201550000016,LINC00485
284835,0.04005959075000032,LINC00323
121006,0.04005429349999989,FAM186A
213,0.04005356700000018,ALB
64422,0.04003911999999943,ATG3
52,0.04001589225000046,ACP1
91869,0.039996107000000336,RFT1
10235,0.03998061074999981,RASGRP2
50810,0.039904469499999706,HDGFL3
51524,0.03987969124999857,TMEM138
168391,0.03987865125000001,GALNTL5
137362,0.03984042874999982,GOT1L1
118461,0.03983719149999976,C10orf71
3024,0.03982772975000026,H1-1
23480,0.03981289750000094,SEC61G
246,0.039784047749999996,ALOX15
5978,0.03975234975000008,REST
151647,0.03975152049999986,TAFA4
167465,0.039749212749999874,ZNF366
6913,0.039726149000000266,TBX15
3208,0.03969168949999968,HPCA
6733,0.03968347600000044,SRPK2
389641,0.03966419174999958,TNFRSF10A-DT
60676,0.03963791200000033,PAPPA2
284352,0.03960331200000011,PPP1R37
8534,0.03957491950000014,CHST1
64005,0.03953080674999976,MYO1G
100506465,0.03951360599999987,LINC01234
64116,0.03950075925000007,SLC39A8
2165,0.03948525099999989,F13B
2926,0.03947136899999926,GRSF1
283693,0.039460402000000006,ACTG1P17
78995,0.0394257157500002,HROB
147807,0.039356587999999526,ZNF524
6702,0.03929453900000057,SPRR2C
170370,0.03926714425000011,FAM170B
55693,0.039249270500000044,KDM4D
8924,0.03922144300000063,HERC2
57403,0.03919081675000058,RAB22A
64002,0.0391565797500002,PCGEM1
201181,0.03915413449999994,ZNF385C
400566,0.039130141249999806,LIAT1
130013,0.03910849999999977,ACMSD
100505826,0.03897041975000004,STK4-DT
219537,0.03885398349999969,SMTNL1
23400,0.0388516852499996,ATP13A2
23436,0.03880593274999988,CELA3B
11083,0.03878112750000007,DIDO1
28513,0.03876961649999977,CDH19
644714,0.03876457249999987,LIMD1-AS1
116835,0.03876139400000023,HSPA12B
1340,0.03876096249999961,COX6B1
9739,0.0386834407500003,SETD1A
285311,0.03867675525000047,PRR23E
158521,0.038599665250000026,FMR1NB
128239,0.03859519524999966,IQGAP3
3238,0.038526209750000096,HOXD12
284422,0.0385213499999999,SMIM24
56651,0.03850757000000016,LINC00470
28658,0.0385001147499997,TRAV25
51085,0.03846472099999998,MLXIPL
51760,0.038422201499999975,SYT17
146852,0.03837626025000018,ODF4
5689,0.03832190250000167,PSMB1
115019,0.03823320625000015,SLC26A9
60561,0.03818258975000077,RINT1
7032,0.038154537000000044,TFF2
339568,0.03815077374999998,LINC01734
152503,0.038131423000000275,SH3D19
11228,0.038108001749999953,RASSF8
2300,0.038104070749999774,FOXL1
85414,0.038085768499999784,SLC45A3
9025,0.03806810300000052,RNF8
7812,0.03806029249999909,CSDE1
100379224,0.038056195499999834,ZNF225-AS1
8243,0.03805361350000025,SMC1A
3973,0.03799827025000013,LHCGR
118670,0.03799412424999993,FAM24A
100507530,0.0379239254999999,MCPH1-AS1
54435,0.03789797375000026,HCG4
128229,0.03787650249999963,TSACC
100505761,0.03785824574999985,C10orf95-AS1
6335,0.03783966600000044,SCN9A
4325,0.03781254800000022,MMP16
10874,0.03768108125000014,NMU
2134,0.03767980725000042,EXTL1
153562,0.03765765299999968,MARVELD2
148870,0.03764310199999965,CCDC27
55890,0.037580357499999995,GPRC5C
100506765,0.03750860574999937,IGSF11-AS1
29122,0.03743891624999973,PRSS50
128646,0.03740758050000004,SIRPD
284,0.037402717500000016,ANGPT1
6813,0.03738206474999961,STXBP2
56287,0.03732893599999976,GKN1
7122,0.03730741024999995,CLDN5
7917,0.037299552250001256,BAG6
6635,0.03729241374999992,SNRPE
285740,0.03723857374999984,PHACTR2-AS1
79785,0.03718010475,RERGL
9311,0.03711159499999983,ASIC3
23743,0.037091181750000146,BHMT2
23625,0.03706425700000082,FAM89B
84080,0.03705098025000009,ENKD1
51806,0.03703283174999994,CALML5
54463,0.037027329999999914,RETREG1
337876,0.037012799249999784,CHSY3
5933,0.03698468850000047,RBL1
51124,0.03698465750000146,IER3IP1
400360,0.03692091175000023,LINC02915
399972,0.036838736250000004,GSEC
79679,0.03677325875000026,VTCN1
728294,0.03675897249999949,D2HGDH
100506436,0.03675032875000017,SPAG5-AS1
172,0.03674547274999984,AFG3L1P
146206,0.036729526750000296,CARMIL2
57626,0.03671350250000005,KLHL1
7476,0.03670209574999994,WNT7A
10666,0.03664201750000018,CD226
5108,0.03663656099999901,PCM1
158798,0.03661536475000071,AKAP14
25861,0.036602058250000624,WHRN
6707,0.03659931024999974,SPRR3
27253,0.036587041249999785,PCDH17
137902,0.03656252424999984,PXDNL
3739,0.03650959149999977,KCNA4
4097,0.03650578450000008,MAFG
400954,0.03649038300000029,EML6
28797,0.03646150675000026,IGLV3-19
157777,0.03645262000000038,MCMDC2
23566,0.036449982749999776,LPAR3
23520,0.036321382750000186,ANP32CP
100505964,0.036256428250000194,LINC01304
8541,0.036236581499999865,PPFIA3
50515,0.036168320000000254,CHST11
29781,0.03612608375000015,NCAPH2
57649,0.03609343300000045,PHF12
100132464,0.036080381999999744,FAM99B
5375,0.03606426024999987,PMP2
576,0.036058966749999755,ADGRB2
4507,0.036040290749999926,MTAP
56918,0.03604013125000005,SLC19A4P
654429,0.03600816675000029,LRTM2
130560,0.03599312600000015,SPATA3
100507114,0.03598349525,LINC00445
64407,0.035967653250000176,RGS18
79693,0.03594208900000062,YRDC
10266,0.0359204675,RAMP2
8603,0.03589799300000074,FAM193A
1470,0.03589274449999991,CST2
10964,0.03585443975000002,IFI44L
51741,0.03581733900000028,WWOX
117194,0.03574444100000029,MRGPRX2
112937,0.03571837924999954,GLB1L3
51649,0.03571806400000099,MRPS23
199223,0.03571703899999967,TTC21A
127,0.03571251524999974,ADH4
91369,0.035678046999999324,ANKRD40
728,0.035631715500000105,C5AR1
285755,0.035571321249999954,PPIL6
1644,0.035570209749999915,DDC
138311,0.03555984149999958,DIPK1B
132625,0.035481444000000195,ZFP42
285489,0.035479190749999834,DOK7
10658,0.03542447999999965,CELF1
23629,0.03538577374999985,BRD7P3
53942,0.03538234699999965,CNTN5
100130522,0.03538041224999988,PARD6G-AS1
2037,0.035371930749999336,EPB41L2
94107,0.03530417550000209,TMEM203
84639,0.035241428750000026,IL1F10
100130964,0.03523951900000011,LOC100130964
84518,0.035210233499999966,CNFN
6567,0.03519907599999961,SLC16A2
100996251,0.035188814749999686,LRIG2-DT
147429,0.035173689750000126,AQP4-AS1
3743,0.0351119135000002,KCNA7
9901,0.035089206249999894,SRGAP3
151112,0.03505703949999983,ZSWIM2
256302,0.03498273375000016,NATD1
2785,0.03494166024999945,GNG3
645249,0.03490756000000017,MNX1-AS1
81870,0.034768992250000075,KRTAP9-9
9489,0.03476507650000116,PGS1
286059,0.03475378950000074,TNFRSF10B-AS1
3123,0.03470949300000026,HLA-DRB1
128872,0.034700220499999546,HMGB3P1
283078,0.034674647000000114,MKX
374407,0.03465522775000007,DNAJB13
146723,0.034637760250000316,CD300LD-AS1
28562,0.034629865999999954,TRBV25-1
84951,0.03461007299999963,TNS4
6512,0.03460928524999973,SLC1A7
79411,0.03457246650000023,GLB1L
27302,0.03445450100000036,BMP10
55079,0.03441996149999982,FEZF2
503569,0.03440462674999978,RGMB-AS1
125972,0.03437344649999963,CALR3
7054,0.03437143024999978,TH
3512,0.0343680049999997,JCHAIN
54499,0.034366474749999654,TMCO1
11137,0.034333373249999966,PWP1
5936,0.03429201625000022,RBM4
4292,0.034286784000000736,MLH1
390916,0.034284487249999884,NUDT19
100874187,0.03427250375000046,LINC00559
149628,0.034246232249999675,PYHIN1
169841,0.03421225150000007,ZNF169
27351,0.03418691325000012,DESI1
11021,0.03418622699999929,RAB35
50859,0.03412763625000004,SPOCK3
10599,0.034090227250000105,SLCO1B1
22938,0.034058419999999145,SNW1
91683,0.03404727250000006,SYT12
286359,0.03398184050000008,LOC286359
441869,0.033973520750000485,ANKRD65
9854,0.033926171749999234,C2CD2L
100131366,0.03390774125000018,LINC00605
7100,0.033890535499999874,TLR5
84451,0.03385263574999975,MAP3K21
63931,0.03383892874999983,MRPS14
387357,0.03383279675000006,THEMIS
116729,0.03372484575000012,PPP1R27
129807,0.03369127475000022,NEU4
130557,0.033666068500000534,ZNF513
3687,0.03366466300000015,ITGAX
56729,0.033653208000000046,RETN
126306,0.03363463925000021,JSRP1
54753,0.03355709725000011,ZNF853
79877,0.03351700400000013,DCAKD
9887,0.03344387650000025,SMG7
389763,0.03341966400000018,SPATA31D1
84033,0.03340928849999969,OBSCN
374470,0.03340474775000013,C12orf42
10586,0.03339552050000005,MAB21L2
5321,0.03335937524999988,PLA2G4A
100506286,0.033282289749999805,TBC1D8-AS1
22820,0.03323110649999883,COPG1
26692,0.03318799849999943,OR2W1
51182,0.033180501249999494,HSPA14
256223,0.03317722049999983,CDRT15L2
79054,0.03313630275000001,TRPM8
80829,0.03308520599999909,ZFP91
126567,0.03307559824999995,C2CD4C
2001,0.03299000550000031,ELF5
283177,0.03298033225000019,B3GAT1-DT
10025,0.03295651399999944,MED16
100862680,0.032906276249999866,LINC00507
55794,0.03288453075000053,DDX28
23138,0.03284005175000004,N4BP3
8600,0.03279792349999955,TNFSF11
83595,0.03278451899999979,SOX7
2554,0.03274144699999981,GABRA1
26470,0.03269411749999973,SEZ6L2
1828,0.03268319549999976,DSG1
7652,0.032680256749999526,ZNF99
8694,0.03267431624999961,DGAT1
9136,0.032655750250000004,RRP9
3886,0.03256268575000032,KRT35
23072,0.03253779049999972,HECW1
51594,0.03248415150000028,NBAS
79979,0.032463591249999535,TRMT2B
11020,0.03245295550000016,IFT27
1014,0.03242025825000017,CDH16
9027,0.03241292899999948,NAT8
1825,0.032358762749999936,DSC3
10879,0.0323284075000001,SMR3B
9366,0.032315055250000224,RAB9BP1
8013,0.03231418049999979,NR4A3
10408,0.032293641999999956,MYCNOS
285735,0.03225430324999978,LINC00326
29920,0.03225287474999927,PYCR2
81573,0.032232467499999196,ANKRD13C
6844,0.03215723174999985,VAMP2
150280,0.032118363999999566,HORMAD2
100272217,0.032087142999999596,LOC100272217
1768,0.03205725425000017,DNAH6
151742,0.0320428650000002,PPM1L
9372,0.032033185249999985,ZFYVE9
100127888,0.032004406999999624,SLCO4A1-AS1
6664,0.031987591249999614,SOX11
142685,0.031970286499999556,ASB15
26507,0.03193718175000004,CNNM1
387885,0.031929773749999946,CFAP73
50837,0.03192236325000053,TAS2R7
23062,0.031920983750000076,GGA2
285097,0.03189991850000018,LOC285097
200844,0.031871396749999725,CFAP20DC
54769,0.03186028974999999,DIRAS2
100130581,0.03183601149999982,LINC00910
186,0.031797454250000357,AGTR2
1184,0.03178779425,CLCN5
6346,0.03178370450000001,CCL1
8218,0.031767586249999535,CLTCL1
27328,0.031766269000000236,PCDH11X
2494,0.031687425250000345,NR5A2
7066,0.031676563500000476,THPO
401324,0.03166045549999996,LOC401324
1618,0.03161873999999987,DAZL
63891,0.031618368500000216,RNF123
10888,0.031611106499999764,GPR83
55801,0.03158276324999987,IL26
2020,0.03157654824999989,EN2
100862662,0.031557778749999876,ALDH1L1-AS2
50508,0.03152309149999999,NOX3
255061,0.03151290075000057,TAC4
338004,0.03149553825000018,LINC00226
4608,0.031468841000000136,MYBPH
10972,0.03146300749999931,TMED10
155465,0.03144280075000072,AGR3
284904,0.0314337767499997,SEC14L4
347475,0.031400204249999675,CCDC160
255374,0.03139709374999988,MBLAC1
11086,0.03138072350000032,ADAM29
1050,0.03136597200000013,CEBPA
286183,0.03133073050000057,NKAIN3
349136,0.0313198309999998,WDR86
644943,0.031319234000000584,RASSF10
1477,0.03130353850000134,CSTF1
203238,0.031245721000000337,CCDC171
90321,0.031216326000000905,ZNF766
5724,0.031185062250000062,PTAFR
6430,0.031182064999999426,SRSF5
54996,0.031181304749999583,MTARC2
2199,0.031142345250000147,FBLN2
285941,0.03110181274999979,LINC02860
201633,0.031095897750000212,TIGIT
6620,0.0310530817500001,SNCB
79083,0.031047023000000173,MLPH
1944,0.031017375499999833,EFNA3
81030,0.031012674750000357,ZBP1
3467,0.03100313649999986,IFNW1
64405,0.030977617250000034,CDH22
10660,0.030941653249999757,LBX1
728411,0.030926874500000423,GUSBP1
405753,0.030925400000000103,DUOXA2
196951,0.030914339749999797,FAM227B
84449,0.030897542499999986,ZNF333
255330,0.030885988250000107,NUP210P1
2815,0.03085838325000001,GP9
286467,0.030847277249999916,FIRRE
193629,0.03082758125000007,LINC00189
23101,0.030816755999999668,MCF2L2
389289,0.03076556249999962,ANXA2R
644150,0.030761231499999653,WIPF3
5272,0.030709306999999963,SERPINB9
4744,0.03070722125000014,NEFH
28648,0.030700890999999952,TRAV34
80775,0.03069124925000022,TMEM177
640,0.03068990550000006,BLK
11197,0.030688893749999835,WIF1
1727,0.030668680750000732,CYB5R3
7137,0.030617129999999992,TNNI3
100852408,0.030615334750000223,EGFLAM-AS4
140825,0.030610818750000046,NEURL2
4607,0.030603998750000194,MYBPC3
94030,0.03060343199999993,LRRC4B
2948,0.030576793999999907,GSTM4
162979,0.030567194999999714,ZNF296
6911,0.030561714750000135,TBX6
284366,0.030546061749999964,KLK9
26034,0.030543316999999792,IPCEF1
25879,0.030526694999998938,DCAF13
420,0.030502916000000102,ART4
339834,0.030458538999999618,IHO1
100129654,0.030444267250000046,TCF24
93436,0.03039788424999923,ARMC6
3594,0.030298853749999743,IL12RB1
3770,0.030294236499999627,KCNJ14
30849,0.030275837249998716,PIK3R4
7552,0.030248177999999903,ZNF711
57573,0.030197633000000224,ZNF471
57817,0.03014385924999985,HAMP
29803,0.030130752249999837,REPIN1
84288,0.030095887499999918,DRC8
100130476,0.03002935600000045,WAKMAR2
5451,0.0299988610000006,POU2F1
256380,0.029984581999999982,SCML4
65988,0.029952600749999725,ZNF747
116255,0.02990012625000027,MOGAT1
9892,0.029894321250000022,SNAP91
81033,0.029879119749999905,KCNH6
6518,0.029854533249999538,SLC2A5
340596,0.029769855000000067,LHFPL1
26119,0.02974545624999969,LDLRAP1
27173,0.029735423750000045,SLC39A1
26138,0.029704643000000086,LINC00588
54886,0.029695477000000192,PLPPR1
339479,0.029652124249999634,BRINP3
64240,0.029651289999999886,ABCG5
284067,0.02953984700000012,CFAP97D1
54760,0.02952632150000012,PCSK4
23348,0.029503043000000062,DOCK9
84624,0.029488225499999743,FNDC1
64118,0.029450997000000534,DUS1L
6490,0.02943868875000044,PMEL
148103,0.029412450249999722,ZNF599
22796,0.029381005749999467,COG2
389177,0.029365302500000023,TMEM212
9040,0.029352955000000236,UBE2M
6921,0.029345669999999657,ELOC
22829,0.02932166550000037,NLGN4Y
6094,0.02932015649999986,ROM1
54089,0.02931558550000002,LINC00112
202865,0.029258230499999982,C7orf33
3895,0.029249134999998816,KTN1
51322,0.029232517000000513,WAC
64837,0.029225899749999673,KLC2
6374,0.02922428200000038,CXCL5
8874,0.02921891150000011,ARHGEF7
284751,0.029218907500000224,LINC01270
54626,0.029214504249999607,HES2
6504,0.029209069499999796,SLAMF1
4622,0.02920893999999974,MYH4
26266,0.02917700975000015,SLC13A4
55843,0.029158993749999862,ARHGAP15
283514,0.02914151749999938,SIAH3
79815,0.029128804249999973,NIPAL2
400027,0.02912288949999997,LINC00938
283165,0.029107812750000406,KIRREL3-AS3
83878,0.02907409275000017,USHBP1
729723,0.029061627499999965,DNAJC27-AS1
23096,0.029057748499999647,IQSEC2
91851,0.029040119250000274,CHRDL1
27179,0.029019669500000234,IL36A
867,0.02900535225000045,CBL
94235,0.028961432249999586,GNG8
340024,0.02892455550000017,SLC6A19
400238,0.02890872400000033,LINC00642
57408,0.028907102499999837,LRTM1
90226,0.02888539450000005,UCN2
728215,0.02887643924999983,NALF1
100996325,0.028869921749999694,CEP72-DT
100652791,0.028855746500000112,GS1-24F4.2
6564,0.028843831250000118,SLC15A1
22917,0.028843764999999966,ZP1
4477,0.028816194500000503,MSMB
100505536,0.028810404500000164,ISM1-AS1
10740,0.02878443825000021,RFPL1S
285000,0.028754350249999838,LINC02946
134466,0.02875314274999985,ZNF300P1
3375,0.028750485250000235,IAPP
11126,0.028707290249999406,CD160
388272,0.028661096499999594,C16orf87
726,0.02864675725000021,CAPN5
27324,0.028640382000000297,TOX3
64132,0.028631785500000007,XYLT2
2523,0.028630829999999996,FUT1
4617,0.028625563749999916,MYF5
54578,0.02860776325000014,UGT1A6
8170,0.028594013999999834,SLC14A2
100505851,0.028566667000000212,ZNF276-AS1
26223,0.028553597000000153,FBXL21P
400794,0.02854717650000005,LRRC52-AS1
84059,0.0285447952500002,ADGRV1
10332,0.02849167074999981,CLEC4M
140545,0.02847794824999994,RNF32
340544,0.028475297499999996,MORF4L2-AS1
26291,0.028459129499999847,FGF21
26083,0.028456107750000292,TBC1D29P
93979,0.028451346500000252,CPA5
2982,0.028439798750000023,GUCY1A1
23020,0.028437557499998434,SNRNP200
8581,0.02843437425000017,LY6D
284369,0.028417861500000363,SIGLECL1
8498,0.028404601750001035,RANBP3
92129,0.028403344250000462,RIPPLY1
10521,0.02838590575000044,DDX17
5016,0.028381954749999938,OVGP1
3217,0.028375210000000095,HOXB7
342667,0.0283191180000002,STAC2
55821,0.028314410750000185,ALLC
201651,0.028291319000000037,AADACP1
55288,0.02828393899999959,RHOT1
158833,0.028278550000000013,AWAT1
1488,0.02819600649999998,CTBP2
629,0.02818326750000022,CFB
8193,0.028161303250000547,DPF1
167826,0.028141968499999948,OLIG3
9542,0.028121608500000228,NRG2
5741,0.02812008825000012,PTH
58496,0.028117252249999947,LY6G5B
644135,0.02809562174999991,PDE7B-AS1
56005,0.02809515650000094,MYDGF
5083,0.02808829175000005,PAX9
200150,0.02808146349999996,PLD5
54830,0.028067451250000097,NUP62CL
5028,0.02803526025000025,P2RY1
3737,0.028021550250000082,KCNA2
285349,0.028010382500000208,ZNF660
6121,0.028000477250000433,RPE65
57105,0.02799094699999971,CYSLTR2
100507466,0.027970704249999923,DPH6-DT
144360,0.027951578999999782,LINC00477
84068,0.0279213502500002,SLC10A7
128817,0.027902810250000076,CSTL1
26664,0.027901312500000053,OR7C1
7381,0.02787053875000023,UQCRB
374900,0.02786829699999993,ZNF568
3222,0.02780586499999993,HOXC5
10875,0.027803334750000186,FGL2
89766,0.02778231324999947,UMODL1
219855,0.02773702325000027,SLC37A2
348932,0.027731805499999762,SLC6A18
3936,0.027711899250000283,LCP1
4250,0.027701443750000276,SCGB2A2
284656,0.027699513499999995,EPHA10
27158,0.027684658250000105,NDOR1
256309,0.027668842500000235,CCDC110
25823,0.027657725250000098,TPSG1
63973,0.027648647749999977,NEUROG2
10529,0.02764095700000002,NEBL
158787,0.027596956000000006,RIBC1
9976,0.027594554999999854,CLEC2B
611,0.027582532750000333,OPN1SW
84838,0.027556138250000473,ZNF496
29097,0.02755442249999973,CNIH4
84645,0.02754127650000049,C22orf23
100506325,0.027532094999999757,SP2-AS1
83900,0.02752592949999988,KRTAP9-3
6476,0.02749269674999999,SI
266727,0.027485465000000264,MDGA1
10288,0.027473179249999813,LILRB2
10984,0.027443368500000176,KCNQ1OT1
100294362,0.027427213500000214,RNF213-AS1
128853,0.027419315000000388,DUSP15
65061,0.02741549625000017,CDK15
5545,0.027362741499999732,PRB4
100652999,0.027353077249999913,ATF7-AS1
790952,0.027351738999999764,ESRG
80833,0.027309860000000352,APOL3
1285,0.027293709749999895,COL4A3
1634,0.027292707249999548,DCN
50506,0.02728559074999959,DUOX2
80724,0.027270661750000258,ACAD10
100507297,0.027261475250000444,TMEM44-AS1
4082,0.027257549999999853,MARCKS
151658,0.0272464332500002,LINC00635
100506302,0.027235026500000092,RBM33-DT
58473,0.027231466249999947,PLEKHB1
100874243,0.02722999175000007,PRICKLE2-AS3
54852,0.02721681749999938,PAQR5
200261,0.02721146774999994,LINC00656
162517,0.0272013612499995,FBXO39
58530,0.027187450250000023,LY6G6D
83447,0.02716278974999975,SLC25A31
1144,0.02714835424999995,CHRND
3439,0.02711794025000014,IFNA1
1843,0.027105602749999846,DUSP1
1408,0.02710414425000085,CRY2
115650,0.027080401999999726,TNFRSF13C
55529,0.02707567374999975,PIP4P2
10974,0.027070283000000472,ADIRF
140453,0.027062106500000294,MUC17
54891,0.027040515000000376,INO80D
28670,0.027039990500000055,TRAV13-2
124975,0.027010654999999772,GGT6
730249,0.02701050649999992,ACOD1
5196,0.02697257374999995,PF4
100288123,0.026953898500000406,LOC100288123
3049,0.026934270249999948,HBQ1
646113,0.02687760349999957,SERTAD4BP
3514,0.02685290649999983,IGKC
9498,0.02681058025000027,SLC4A8
54596,0.026752163250000294,L1TD1
10880,0.026743011999999844,ACTL7B
54511,0.026732741000000004,HMGCLL1
554201,0.02670300099999956,CCDC148-AS1
399949,0.02667986549999979,HOATZ
6035,0.026674919500000005,RNASE1
11333,0.026672044750000623,PDAP1
28660,0.02666114424999977,TRAV23DV6
81622,0.02665276574999975,UNC93B1
219287,0.026640956499999646,AMER2
200403,0.026631837000000047,VWA3B
6572,0.026606598000000314,SLC18A3
100507557,0.02650055724999989,EPM2A-DT
6708,0.026491698000000063,SPTA1
6276,0.026457483250000635,S100A5
93233,0.026437139749999616,ODAD1
9381,0.026387690249999096,OTOF
122060,0.026383699250000614,SLAIN1
135458,0.026382403499999985,HUS1B
3890,0.026361841750000448,KRT84
54854,0.02630532450000045,SACK1E
11082,0.026242145999999966,ESM1
25763,0.026200740000000167,H2AP
89872,0.02619201750000011,AQP10
2890,0.026191535000000155,GRIA1
9370,0.026158524750000023,ADIPOQ
6407,0.02615282175000022,SEMG2
7132,0.02613557049999926,TNFRSF1A
257407,0.02613160900000011,C2orf72
5803,0.02612960025000044,PTPRZ1
5339,0.02611641425000011,PLEC
284757,0.026100908000000533,MIR646HG
100128782,0.026091158499999878,ERCC6L2-AS1
1113,0.026087063499999896,CHGA
6663,0.02608640374999993,SOX10
654780,0.02608129675000015,ADAD2-AS1
100507537,0.0260672000000004,STRIT1
208,0.02606401224999999,AKT2
100287814,0.026059222000000215,LINC00582
1581,0.02605766825,CYP7A1
3595,0.02604399149999992,IL12RB2
3982,0.02602515350000001,LIM2
100506742,0.026024780249999768,CASP12
3452,0.02601363000000001,IFNA21
5620,0.02601343449999982,PRM2
162083,0.025929709750000196,C16orf82
51314,0.025925411750000293,NME8
7389,0.02590528049999996,UROD
10050,0.025851523750000105,SLC17A4
597,0.025843194999999763,BCL2A1
2947,0.02583822075000075,GSTM3
150368,0.025835610750000182,PHETA2
142680,0.025829734499999812,SLC34A3
157381,0.025819040750000077,LINC00964
79094,0.02581214825,CHAC1
339366,0.025743041500000174,ADAMTSL5
55350,0.025727293000000095,VNN3P
643749,0.025694003999999993,TRAF3IP2-AS1
23418,0.02569341050000018,CRB1
2056,0.025681621500000418,EPO
126536,0.025681361750000242,LINC00661
1811,0.025664973500000077,SLC26A3
100505768,0.025645764500000112,LINC01364
10629,0.025642254500000128,TAF6L
28590,0.02564179825000057,TRBV7-8
10216,0.025581570499999984,PRG4
4843,0.025578331000000176,NOS2
51493,0.02557831449999881,RTCB
84070,0.02557521925000028,FAM186B
4978,0.02553032975000047,OPCML
163688,0.025529536499999672,CALML6
359,0.025527459500000127,AQP2
339883,0.025521206000000074,APRG1
132671,0.025519266749999492,SPATA18
94059,0.02550820949999988,LENG9
3823,0.02546509625000004,KLRC3
2897,0.025441019500000106,GRIK1
134701,0.025439560000000583,RIPPLY2
3547,0.025433581000000594,IGSF1
126,0.025426944499999937,ADH1C
2814,0.025416389000000095,GP5
8001,0.02537771000000033,GLRA3
8355,0.02534349225000021,H3C8
11320,0.02531102824999998,MGAT4A
3857,0.0253035387499998,KRT9
219525,0.02528792774999955,OR5AK4P
4861,0.025255338250000037,NPAS1
218,0.02524092024999991,ALDH3A1
343069,0.02523862525000009,HNRNPCL1
284260,0.025234811499999843,LINC00907
399821,0.02523433949999987,EDRF1-DT
987,0.025221950500000645,LRBA
388387,0.02518224474999986,LINC00671
4924,0.02518110975000054,NUCB1
79777,0.02517988275000027,ACBD4
115362,0.02517526849999996,GBP5
63036,0.025166188000000034,CELA2A
1286,0.02516218424999961,COL4A4
84075,0.02513863599999988,FSCB
6372,0.025135705249999862,CXCL6
100506071,0.025131597500000158,COCH-AS1
185,0.025104601999999865,AGTR1
2769,0.025076023000000003,GNA15
54857,0.025073866750000118,GDPD2
79056,0.025071017499999737,PRRG4
79166,0.0250702675000003,LILRP2
221393,0.025064202749999875,ADGRF4
51751,0.025050711500000045,HIGD1B
3625,0.025033110250000323,INHBB
127247,0.025020033499999705,ASB17
341880,0.024989929999999827,SLC35F4
283547,0.024966851249999866,LINC00639
202151,0.02494957950000032,RANBP3L
10061,0.024949289250000284,ABCF2
415056,0.024947259999999805,CNTFR-AS1
93611,0.024915522999999773,FBXO44
404744,0.024876070499999958,NPSR1-AS1
51319,0.024867064499999536,RSRC1
92017,0.024865011499999312,SNX29
319,0.024846833749999853,APOF
29851,0.02482939750000046,ICOS
85004,0.024813662250000146,RERG
4625,0.024796990250000484,MYH7
100507135,0.024762770749999774,SPART-AS1
204219,0.024762207000000203,CERS3
6939,0.02475767650000016,TCF15
80174,0.024733020250000237,DBF4B
3617,0.02469476425000039,IMPG1
1870,0.024675421500000017,E2F2
100505929,0.024653188749999888,LINC01549
3071,0.024639889499999956,NCKAP1L
221756,0.024623063249999966,SERPINB9P1
153443,0.024609607999998673,SRFBP1
253970,0.024593123000000272,SFTA3
7247,0.02459237074999976,TSN
5350,0.024586034749999985,PLN
4696,0.024564032500002497,NDUFA3
259283,0.024559115499999784,MDS2
58531,0.024552396999999893,PRM3
7932,0.024527810500000413,OR2H2
2259,0.024517866750000117,FGF14
199974,0.024491290500000318,CYP4Z1
81570,0.024476557000000287,CLPB
6899,0.0244625837500001,TBX1
90952,0.024457981500000336,ESAM
1536,0.024452130249999815,CYBB
28662,0.024451462250000056,TRAV21
440184,0.024447289749999435,CCDC196
140678,0.02442942125000025,MLLT10P1
56101,0.024395136250000338,PCDHGB5
140767,0.024374246000000266,NRSN1
6888,0.024368825000001593,TALDO1
64081,0.02433589125000024,PBLD
5573,0.024332559999999503,PRKAR1A
55036,0.02428771499999982,CCDC40
79961,0.024281513750000094,DENND2D
100506907,0.02427530475000017,CFAP100-DT
3549,0.024259534000000027,IHH
144817,0.024231472749999483,LINC00330
100505975,0.024228938500000297,ENO1-AS1
2893,0.024228514499999854,GRIA4
340156,0.02422200975000033,MYLK4
170482,0.02422154774999985,CLEC4C
170062,0.024192986750000145,FAM47B
56146,0.024148518750000125,PCDHA2
150353,0.024138675249999686,DNAJB7
9514,0.024122536999999777,GAL3ST1
116159,0.024089528000000193,CYYR1
574432,0.02406667000000029,IBA57-DT
56097,0.02405227200000004,PCDHGC5
100127983,0.024019612000000023,C8orf88
55809,0.02400797925000031,TRERF1
55304,0.023999135500000435,SPTLC3
56953,0.023995388999999978,NT5M
3195,0.023978259999999807,TLX1
143241,0.023947182750000184,DYDC1
10936,0.023944154499999648,GPR75
28803,0.0239428747499999,IGLV3-10
140771,0.023941096500000203,SMCR5
1595,0.02393999775000033,CYP51A1
1607,0.02392510449999996,DGKB
84249,0.023922053749999783,PSD2
100133985,0.023918136499999854,LINC01816
81851,0.023907612999999994,KRTAP1-1
2117,0.0238950417499999,ETV3
158326,0.0238824537500002,FREM1
11218,0.0238715637500011,DDX20
84631,0.02385840075000001,SLITRK2
729059,0.023857095249999904,TEX46
9074,0.023854427499999886,CLDN6
148738,0.02385405049999978,HJV
388381,0.023831342499999852,SPMAP1
100132735,0.023825879249999904,FILNC1
7432,0.02381785924999935,VIP
25799,0.023816547250000042,ZNF324
171483,0.023816237499999726,FAM9B
9543,0.02381006525000018,IGDCC3
8932,0.023797430999999314,MBD2
4023,0.02379691425000008,LPL
2155,0.02378411749999998,F7
154664,0.023780551249999782,ABCA13
259240,0.023760728250000085,WFDC9
125115,0.023751098249999547,KRT40
64693,0.02373026825000002,CTAGE1
118611,0.023721911250000005,C10orf90
115811,0.023711353749999553,DRC10
550113,0.023686063999999618,LOC550113
54989,0.023685080500000844,ZNF770
55370,0.023684017749999953,PPP4R1L
92259,0.023663495000000978,KGD4
644809,0.023663346249999773,PAK6-AS1
125875,0.023660160249999507,CLDND2
3996,0.02363576399999978,LLGL1
54097,0.02363400725000009,FAM3B
286499,0.02362611825000016,FAM133A
9265,0.023612077750000182,CYTH3
30813,0.02358594274999959,VSX1
388531,0.02358214000000025,RGS9BP
4854,0.023575280999999837,NOTCH3
64115,0.023533651500000197,VSIR
268,0.02353043975000002,AMH
29965,0.02350130625000002,CDIP1
144535,0.023500367750000528,CFAP54
100506070,0.023497912499999885,RBFADN
642345,0.023488354499999975,MIR4500HG
53834,0.02345619425000045,FGFRL1
51275,0.023419661000000147,MAPKAPK5-AS1
285440,0.0233918924999994,CYP4V2
3090,0.023391619249999884,HIC1
90378,0.023384216499999777,SAMD1
1558,0.023380315250000283,CYP2C8
285593,0.023373946250000444,LINC02995
7782,0.023373797500000126,SLC30A4
100507477,0.023357617999999913,LINC02941
4160,0.023350009499999658,MC4R
440279,0.023340522000000252,UNC13C
55867,0.02332389575000038,SLC22A11
3764,0.023261144250000143,KCNJ8
285441,0.023229604250000424,F11-AS1
140699,0.02320682649999961,MROH8
125981,0.023200252250000553,ACER1
53841,0.02319304774999953,CDHR5
51338,0.023187623250000566,MS4A4A
116983,0.023172639249999794,ACAP3
340017,0.023159845249999922,LINC02433
100507501,0.023150602999999936,LINC01569
346007,0.02314716274999995,EYS
53630,0.02313406849999966,BCO1
100130894,0.02313340325000013,VAC14-AS1
100507240,0.02312799000000032,VWA8-AS1
84464,0.02311415874999989,SLX4
5915,0.023101334749999758,RARB
5798,0.02308279950000003,PTPRN
9662,0.023069558750000496,CEP135
100289509,0.023057849250000206,KCNIP2-AS1
2567,0.023055931250000494,GABRG3
29842,0.023036001499999514,TFCP2L1
6689,0.02303492475000013,SPIB
414201,0.02303333675000019,ZNF32-AS3
5345,0.023023900249999674,SERPINF2
57546,0.02301523125000049,PDP2
57369,0.023011138249999785,GJD2
11024,0.022970768749999593,LILRA1
3009,0.022957027750000414,H1-5
100506790,0.02295573399999995,LOC100506790
6406,0.022948472750000448,SEMG1
286,0.022944487749999798,ANK1
286103,0.022943013249999922,ZNF252P-AS1
100505776,0.022913147999999772,LINC01541
283914,0.02290875074999965,LINC01566
100130548,0.022906939000000293,LOC100130548
6570,0.02290584550000041,SLC18A1
55858,0.022896185250001366,TMEM165
151516,0.022890899999999714,ASPRV1
388799,0.022888484999999736,FAM209B
200312,0.022875136999999768,RNF215
285419,0.02286729249999997,LINC01091
150538,0.02285080500000003,SATB2-AS1
171019,0.02284556800000015,ADAMTS19
116443,0.022842383249999987,GRIN3A
3640,0.022837278499999947,INSL3
90342,0.022820025250000597,FER1L5
111,0.022806742000000213,ADCY5
401024,0.02279250100000052,FSIP2
26229,0.02278035725000116,B3GAT3
167,0.022762734000000062,CRISP1
100126784,0.022761646500000232,LEISA1
3586,0.022753917999999818,IL10
219681,0.022733261999999588,ARMC3
51442,0.02272730600000017,VGLL1
28672,0.022723751750000076,TRAV12-3
57593,0.022707810500000036,EBF4
100996286,0.0226744774999994,LINC02273
162514,0.022673407749999708,TRPV3
1420,0.022634394999999863,CRYGC
4215,0.022610316999999824,MAP3K3
2041,0.022604809249999747,EPHA1
5364,0.022584581499999867,PLXNB1
401463,0.022583271000000238,BHLHE22-AS1
6362,0.022541811999999606,CCL18
374897,0.022511842499999712,SBSN
5455,0.022486541499999735,POU3F3
51052,0.02248360674999983,PRLH
257358,0.02247793700000056,LINC01366
84676,0.02245655074999986,TRIM63
283731,0.022424175749999886,ISLR2-AS1
1576,0.022414709249999998,CYP3A4
115861,0.022414316500000364,NXNL1
196913,0.022414196500000205,LINC01599
145858,0.022412113250000587,C15orf32
84148,0.022407452999999578,KAT8
219743,0.022403576749999488,TYSND1
51285,0.022398968750000137,RASL12
55211,0.022387451999999808,DPPA4
150622,0.022367449000000317,SILC1
374946,0.022359333249999835,DRAXIN
11212,0.0223566479999997,PLPBP
100506530,0.02235386274999973,LINC02349
145474,0.022347440999999968,LOC145474
85444,0.022330573750000582,LRRCC1
60484,0.022327765250000464,HAPLN2
93650,0.02230637875000019,ACP4
100507562,0.02230232699999979,LOC100507562
79983,0.022293538750000064,POF1B
83450,0.022285815500000083,DRC3
55363,0.02227426799999943,HEMGN
54058,0.022267615500000115,C21orf58
5816,0.022262048250000444,PVALB
375704,0.022256816999999707,ENHO
119587,0.022234596999999745,CPXM2
1038,0.02223109374999943,CDR1
619455,0.02219529900000028,SPANXA2-OT1
266553,0.02219077700000005,OFCC1
5662,0.02218048674999995,PSD
5475,0.022175287250000064,PPEF1
26184,0.022161983000000163,OR1F2P
11317,0.02216067899999974,RBPJL
253724,0.02214783724999947,TTC41P
286554,0.02213124575000025,BCORP1
4301,0.02211379750000031,AFDN
3663,0.022101778249999704,IRF5
220980,0.02208176700000042,TMEM72-AS1
972,0.02207725374999958,CD74
83460,0.02205883750000126,EMC6
349408,0.022054129749999873,TLR8-AS1
260434,0.022034308249999857,PYDC1
7004,0.02203079550000009,TEAD4
100131138,0.022018256250000423,VHRT
146378,0.02200750249999972,FIMP1
89944,0.02200653274999942,GLB1L2
9834,0.022006264999999914,FAM30A
23269,0.021987231749999836,MGA
132946,0.021981314749999648,ARL9
222826,0.021965845750000046,FAM217A
154865,0.021965718250000155,IQUB
150000,0.021956169500000122,ABCC13
8437,0.021941150750000027,RASAL1
113419,0.02193614799999999,TEX261
57144,0.02193490500000017,PAK5
285512,0.021901645249999824,FAM13A-AS1
169436,0.02189826299999975,STKLD1
339975,0.021894281249999814,LOC339975
5055,0.021878775749999857,SERPINB2
100652857,0.02187082349999958,TMCO5B
259236,0.021866370499999732,TMIE
100506013,0.021852523999999818,APELA
100507050,0.021852386999999585,TPBGL
163732,0.02185126400000037,CITED4
6792,0.02182143275000037,CDKL5
26009,0.021819709249999875,ZZZ3
387097,0.021786563000000037,C6orf147
9965,0.021772490750000095,FGF19
80736,0.021771115499999993,SLC44A4
285175,0.021769501499999677,UNC80
80759,0.02176633724999988,KHDC1
22844,0.02175412900000051,FRMPD1
81472,0.021754087250000165,OR2C3
143471,0.021750474750000137,PSMA8
64284,0.021747037249999934,RAB17
64399,0.02174427800000034,HHIP
27344,0.021732618249999724,PCSK1N
220136,0.02173067474999968,CFAP53
79568,0.02170256550000005,MAIP1
3112,0.021637152750000332,HLA-DOB
100506215,0.021636566750000252,PAXBP1-AS1
503542,0.021629684000000093,SPRN
64446,0.02162433549999987,DNAI2
64922,0.021621748250000294,LRRC19
23507,0.0216078000000004,LRRC8B
3507,0.02160299099999996,IGHM
26246,0.021600052250000168,OR2L2
84106,0.02158632625000001,PRAM1
113230,0.021561675750000564,MISP3
23710,0.021547599750000757,GABARAPL1
23426,0.02153526275000006,GRIP1
10418,0.02152680124999984,SPON1
126206,0.021523187249999687,NLRP5
10817,0.021515193499999974,FRS3
91181,0.02151412350000026,NUP210L
26531,0.02151371074999986,OR11A1
255394,0.021512119750000114,TCP11L2
79465,0.02149378749999986,ULBP3
285194,0.021485872249999982,TUSC7
399948,0.02146650625000035,COLCA1
641518,0.02145333449999942,LEF1-AS1
245972,0.021442726249999655,ATP6V0D2
6459,0.021438221000000146,SH3GL1P2
5064,0.021430547000000022,PALM
63898,0.0214250189999996,SH2D4A
115111,0.021420626999999914,SLC26A7
2564,0.021408018249999827,GABRE
401176,0.02140223774999983,MARCHF11-DT
3067,0.02139642325000013,HDC
339862,0.02138186299999978,BALR6
7111,0.021381722000000103,TMOD1
793,0.021364902250000206,CALB1
6991,0.02135423349999943,DYNLT2
54959,0.021341330999999908,ODAM
5535,0.021335865249999753,PPP3R2
2264,0.021330564999999968,FGFR4
252884,0.021312702249999926,ZNF396
5251,0.02130379100000024,PHEX
257203,0.02129833850000029,DSCR9
326340,0.021295030999999298,ZAR1
162333,0.021293039500000166,MARCHF10
285800,0.021239641999999836,PRR18
84520,0.021238547499999427,GON7
353132,0.02122796100000013,LCE1B
643037,0.02118089649999977,C11orf97
7023,0.0211657380000001,TFAP4
56163,0.021152868000000158,RNF17
83755,0.021139615000000056,KRTAP4-12
641372,0.021109115250000254,ACOT6
219731,0.021101349749999443,PROSER2-AS1
126433,0.021096071250000126,FBXO27
4661,0.02108683375000009,MYT1
5874,0.021069258749999875,RAB27B
1435,0.021065279000000103,CSF1
8986,0.02106289174999887,RPS6KA4
168975,0.021044860750000005,CNBD1
401081,0.021025482999999845,C3orf85
4986,0.021012959499999706,OPRK1
30816,0.021012699499999954,ERVW-1
100505478,0.021004405999999864,TEX48
28646,0.021000973999999673,TRAV36DV7
122258,0.02098355499999993,SPACA7
283600,0.02096471099999997,SLC25A47
4069,0.020962673249999675,LYZ
26059,0.020955208249999746,ERC2
55823,0.020949200750000507,VPS11
85477,0.02094858700000035,SCIN
113828,0.020932108249999803,SACK1F
1636,0.020928287999999462,ACE
114614,0.020921656500000108,MIR155HG
100505659,0.020919967250000226,LINC00967
10842,0.020907716499999562,PPP1R17
7799,0.020903308499999884,PRDM2
113179,0.02090271899999996,ADAT3
3755,0.020878971250000156,KCNG1
10648,0.020860330250000114,SCGB1D1
390940,0.020855660000000054,PINLYP
149647,0.020852214000000036,GARIN4
2779,0.020836936749999868,GNAT1
91074,0.020819809999999883,ANKRD30A
284756,0.020817767250000063,LINC02910
120939,0.02080244525000019,TMEM52B
998,0.020788462250000084,CDC42
81551,0.020787808749999748,STMN4
554235,0.020778736750000082,ASPDH
146862,0.02077551199999972,UNC45B
390616,0.020766611500000032,ANKRD34C
222229,0.020755582000000494,LRWD1
8361,0.020751348250000134,H4C6
93035,0.020746659999999917,PKHD1L1
5636,0.020734425250001465,PRPSAP2
6909,0.02072711500000013,TBX2
222194,0.02071587025000099,RSBN1L
5450,0.020714223000000143,POU2AF1
84179,0.020713451999999855,SLC49A3
388948,0.02070202099999996,LINC01118
6445,0.020679944250000304,SGCG
339669,0.0206743054999996,CIMIP4
256815,0.020671504000000063,C10orf67
8395,0.02064428900000026,PIP5K1B
5079,0.02063585374999999,PAX5
55592,0.02059313574999999,GOLGA2P5
114043,0.020592273249999682,TSPEAR-AS2
6718,0.020587982249999914,AKR1D1
10858,0.020539801500000454,CYP46A1
140880,0.020533100000000193,CST11
3443,0.02049018450000073,IFNA6
28778,0.020478624249999466,IGLV6-57
81027,0.020477961749999718,TUBB1
286530,0.020466142000000076,P2RY8
89869,0.020454005249999963,PLCZ1
27156,0.02043071700000043,RSPH14
5199,0.020412635750000074,CFP
23252,0.02039151600000011,OTUD3
103,0.020389906000000124,ADAR
27136,0.02038435500000002,MORC1
4059,0.020384073750000287,BCAM
100268168,0.02037342324999969,RPL26L1-AS1
26085,0.020371675999999894,KLK13
6236,0.020369107750000115,RRAD
91662,0.0203555259999999,NLRP12
401067,0.0203477422499998,IQCF3
25790,0.02033387849999979,CFAP45
10299,0.02032900550000072,MARCHF6
5493,0.020320072000000522,PPL
170692,0.02031959999999966,ADAMTS18
26595,0.020288016999999936,OR8B2
26077,0.020287139249999697,GNAO1-AS1
123036,0.020264872000000267,TC2N
132158,0.020260204000000392,GLYCTK
970,0.02025547924999982,CD70
594855,0.020233944499999712,CPLX3
26287,0.020219127499999878,ANKRD2
725,0.020217682250000202,C4BPB
54067,0.020216819999999913,EPCIP-AS1
2253,0.02021465599999983,FGF8
389124,0.020207226750000196,IQCF5
92293,0.020182635749999456,TMEM132C
100129597,0.020182106250000054,LINC00462
286076,0.020180546749999806,LINC02878
100128361,0.020174272250000236,LOC100128361
7781,0.02010703125000024,SLC30A3
28409,0.020104976000000274,IGHV3-73
115572,0.02009943025000016,TENT5B
23349,0.020093681499999683,PHF24
83741,0.02007922399999984,TFAP2D
386724,0.020072745750000287,AMIGO3
144776,0.02005348025000009,LINC00410
440699,0.020045597000000193,LRRC52
55803,0.020036074750000576,ADAP2
100129845,0.020029798499999973,PCOLCE-AS1
84752,0.0200076315000004,B3GNT9
10136,0.020006184999999732,CELA3A
4948,0.020003819750000318,OCA2
1534,0.01998653500000014,CYB561
6036,0.0199825515000005,RNASE2
51725,0.01998111625000032,FBXO40
100996263,0.01997568449999987,TENT5C-DT
9402,0.0199627312499997,GRAP2
117283,0.019945615749999313,IP6K3
100128025,0.019942870249999967,WWTR1-AS1
54112,0.019940650250000136,GPR88
3695,0.019933895000000312,ITGB7
1160,0.01993224125000026,CKMT2
56269,0.019927786000000225,IRGC
91149,0.019925016749999802,RAPGEF4-AS1
4481,0.019924706000000292,MSR1
23091,0.019923177249999924,ZC3H13
100506826,0.019923077499999664,MYLK-AS1
147741,0.019910741500000384,ZNF560
3756,0.019909692500000187,KCNH1
85379,0.01990693675000088,KIAA1671
6262,0.019902500999999795,RYR2
151254,0.019890608249999442,CATSPERT
219990,0.019876135750000135,OOSP2
84719,0.019869297000000063,LINC00260
83729,0.01986255175000018,INHBE
51440,0.01985941799999935,HPCAL4
2348,0.01985930200000041,FOLR1
28781,0.019848202249999947,IGLV5-45
285513,0.01984671575000041,GPRIN3
257177,0.01984609500000012,CFAP126
338864,0.019824830500000168,LINC00347
10324,0.019799300999999936,KLHL41
6529,0.01975994425000005,SLC6A1
200959,0.01975902149999964,GABRR3
6005,0.019743981500000007,RHAG
8302,0.019733130249999675,KLRC4
6355,0.01972069825,CCL8
100505666,0.019706487250000126,DCST1-AS1
100506791,0.019703561000000036,LINC01511
5265,0.01970336900000058,SERPINA1
152024,0.019686186999999133,LINC00691
3456,0.019653603499999672,IFNB1
407738,0.019648015249999595,TAFA1
27288,0.01962673749999988,RBMXL2
643677,0.019618994000000445,LRTM3
9071,0.019601754500000013,CLDN10
143570,0.019598087999999958,XRRA1
149708,0.01956716000000025,WFDC5
400940,0.01955856425000002,LOC400940
8739,0.019546856000000723,HRK
100507524,0.01953333275000002,ARHGEF26-AS1
25770,0.019524806750000234,C22orf31
11279,0.0195191892500004,KLF8
1068,0.01951767599999954,CETN1
6755,0.01951303750000033,SSTR5
117166,0.019510850499999677,WFIKKN1
127579,0.01948445174999991,DCST2
10321,0.019477927250000082,CRISP3
4125,0.01947014200000119,MAN2B1
135948,0.019453786999999778,OR2F2
93010,0.019450361000000083,B3GNT7
348980,0.01942706174999964,HCN1
10322,0.019424646500000087,SMYD5
140597,0.019421599249999755,TCEAL2
138474,0.019408068749999785,TAF1L
23305,0.019407222499999488,ACSL6
11081,0.01938963450000042,KERA
285780,0.019389315500000226,LY86-AS1
352961,0.019380814750000308,HCG26
3235,0.01935848125000028,HOXD9
345895,0.019356344250000213,RSPH4A
729830,0.019350179250000377,FHIP1A
9091,0.01934601299999983,PIGQ
2681,0.019338757249999894,GGTA1
128497,0.019320337750000416,SPATA25
171484,0.019319769749999605,FAM9C
7379,0.01931765299999988,UPK2
83988,0.019310761499999884,NCALD
100125288,0.019309917249999753,ZGLP1
5470,0.019283729000000083,PPEF2
100379174,0.01927112650000007,MACROD2-AS1
79838,0.01927037325000036,TMC5
64800,0.019270245750000026,EFCAB6
220416,0.019269180999999413,LRRC63
63977,0.01926858899999928,PRDM15
3355,0.019248325999999594,HTR1F
51195,0.019235815500000086,RAPGEFL1
150350,0.01919629474999951,ENTHD1
51252,0.019193216000000124,FAM178B
7567,0.019184798499999545,ZNF19
5454,0.019165891500000587,POU3F2
54508,0.019156353750000132,EPB41L4A-DT
1890,0.019123806749999694,TYMP
153579,0.019105827250000207,BTNL9
4712,0.019102449999998328,NDUFB6
22798,0.019098065999999747,LAMB4
645323,0.019095842999999668,MIR9-2HG
90288,0.019076665249999625,EFCAB12
145645,0.0190529740000005,TERB2
9283,0.019052880500000313,GPR37L1
100287482,0.01905210600000018,SMKR1
151531,0.01904979125000006,UPP2
222,0.019046248500000473,ALDH3B2
2334,0.01904571924999976,AFF2
163404,0.019024353249999848,PLPPR5
140807,0.01899580525000033,KRT72
8528,0.01899266200000005,DDO
8332,0.018986339249999595,H2AC16
3552,0.018982360999999948,IL1A
56660,0.018978433999999655,KCNK12
283238,0.018972119499999884,SLC22A24
931,0.018970702500000325,MS4A1
100506675,0.01896542725000039,LINC03031
125144,0.018963405250000953,SNHG29
348751,0.018950856999999655,FTCDNL1
646168,0.01894747749999981,LRRC77P
59067,0.018947428500000196,IL21
339666,0.018935293250000207,LOC339666
83593,0.018934517249999505,RASSF5
3613,0.018933160750000066,IMPA2
100128176,0.01892443974999969,UST-AS1
1388,0.018924280999999876,ATF6B
130,0.018919280500000024,ADH6
5288,0.018914935499999785,PIK3C2G
29117,0.018903248000000872,BRD7
339416,0.01889936325000008,ANKRD45
1612,0.018896736249999435,DAPK1
5582,0.018895757000000124,PRKCG
81492,0.018883294500000147,RSPH6A
126859,0.01887604350000016,AXDND1
51214,0.018864315999999715,IGF2-AS
8340,0.018859631750000272,H2BC13
56920,0.018856130500000123,SEMA3G
100874167,0.018849743749999703,LINC00423
253559,0.018845562250000114,CADM2
138009,0.018836542749999907,DCAF4L2
6332,0.01883350000000039,SCN7A
2618,0.018831185499999847,GART
58506,0.01883028675000009,SCAF1
100379661,0.018829142500000007,GRIK1-AS2
126638,0.018815788249999965,RPTN
375616,0.018813695000000408,KCP
402415,0.018801247499999896,XKRX
146894,0.018768834499999887,CD300LG
200407,0.018763503499999334,CREG2
340351,0.01874387249999998,AGBL3
4246,0.01874176875,SCGB2A1
344905,0.018737182500000227,ATP13A5
222029,0.01873711424999991,DKFZp434L192
54862,0.018720462500000146,CC2D1A
221002,0.018712602999999994,RASGEF1A
339512,0.018707855250000183,CCDC190
22854,0.018705150499999768,NTNG1
3773,0.01870252299999997,KCNJ16
100130418,0.018695040500000815,CECR7
56165,0.01869489450000028,TDRD1
1869,0.018674596249999897,E2F1
8838,0.01866153000000015,CCN6
283685,0.01865858925000019,GOLGA6L2
440117,0.01864006000000007,LINC02372
6850,0.018626835000000064,SYK
284340,0.018618671500000072,CXCL17
10675,0.018608663250000212,CSPG5
202299,0.018606426499999884,LINC01554
59084,0.018593397999999706,ENPP5
143678,0.018580337999999585,FREY1
4988,0.018576168500000545,OPRM1
56155,0.01856136024999966,TEX14
108,0.018538200749999678,ADCY2
28999,0.01853530049999952,KLF15
158135,0.01853005550000031,TTLL11
100507384,0.01850703750000049,LOC100507384
341947,0.018485744499999957,COX8C
2825,0.018470662499999957,CMKLR2
100131434,0.01845927674999981,EOLA1-DT
3938,0.018453540250000344,LCT
999,0.018442600499999795,CDH1
8050,0.018441166250001473,PDHX
81871,0.01843742050000019,KRTAP4-6
25893,0.01842880250000034,TRIM58
9971,0.018425752749999802,NR1H4
57053,0.018423239249999668,CHRNA10
494470,0.018422151499999817,ARK2C
10345,0.01840188325000014,TRDN
9026,0.018399766000000373,HIP1R
64881,0.01839140699999975,PCDH20
4967,0.018391095999999774,OGDH
58483,0.01839017775000018,LINC00474
5027,0.018386845250000228,P2RX7
343641,0.018375325500000095,TGM6
10013,0.018372513999999285,HDAC6
3820,0.01836644775000007,KLRB1
127602,0.01835472650000014,DNAH14
338324,0.018338765250000222,S100A7A
255426,0.018333809750000096,RASGEF1C
147463,0.01833022725000033,ANKRD29
100309464,0.018326320750000402,OTX2-AS1
389874,0.01832334024999982,ZCCHC13
51654,0.01832091599999952,CDK5RAP1
2658,0.018316349499999607,GDF2
221122,0.018314183499999803,LINC02685
57657,0.018295263250000193,HCN3
93432,0.018266692999999723,MGAM2
51327,0.018257022250000254,AHSP
51557,0.01824627000000012,LGSN
8433,0.018234304999999562,UTF1
285834,0.01823255175000016,HCG22
283585,0.018231626749999563,LINC01148
57604,0.01822507774999993,TRMT9B
100505619,0.01821951799999999,LINC00919
7135,0.01821856099999941,TNNI1
7976,0.018210909250000462,FZD3
151354,0.018204054749999532,LRATD1
255798,0.0182027757499994,SMCO1
374907,0.018185107249999888,B3GNT8
151477,0.01818441074999999,LINC00471
339822,0.018184349750000273,LINC01115
3008,0.018173263250000016,H1-4
27153,0.018166464500000146,ZNF777
29125,0.01815080325000018,C11orf21
84217,0.01813989125000015,ZMYND12
152816,0.018131065499999988,ODAPH
642864,0.018127116500000096,SPATA42
100507244,0.01809482774999971,MAMDC2-AS1
7124,0.018089503249999916,TNF
164832,0.018086875249999856,LONRF2
339298,0.01808253424999995,LOC339298
220359,0.018077947000000094,TIGD3
51023,0.01807095925000013,MRPS18C
1755,0.0180519707500002,DMBT1
22888,0.018047230249999657,UBOX5
1584,0.018041176250000124,CYP11B1
9079,0.018023967500000015,LDB2
643837,0.018018578249999972,LINC01128
63982,0.018018028000000186,ANO3
27151,0.018017242999999183,CPAMD8
1621,0.01801195749999973,DBH
100506271,0.018011759250000203,LOC100506271
54498,0.01800976100000007,SMOX
1132,0.01800941125000044,CHRM4
27022,0.01800920174999998,FOXD3
388714,0.017998280999999672,FMO6P
100506314,0.01794714825000021,GPRC5D-AS1
6556,0.017941664750000363,SLC11A1
284099,0.017933843250000248,C17orf78
6569,0.017926629250000214,SLC34A1
144124,0.017919069250000197,OR10A5
201140,0.017912663250000183,DHRS7C
9175,0.01790034925000006,MAP3K13
100507267,0.017899521999999557,LINC01187
55273,0.01789878800000011,TMEM100
23554,0.01789257249999965,TSPAN12
28983,0.017890625500000645,TMPRSS11E
100507419,0.017882467249999756,MMP25-AS1
100507470,0.017877660249999927,GRID1-AS1
650669,0.017866305000000082,GAS6-AS1
79781,0.017865898000000158,DRC11
85406,0.01786311625000092,DNAJC14
2213,0.01785351550000014,FCGR2B
474354,0.01783603350000007,LRRC18
10085,0.017831795000000206,EDIL3
84530,0.017815687500000177,SRRM4
222696,0.017811631000000272,ZSCAN23
100874241,0.01781064050000003,STARD13-AS
29841,0.01780837075000008,GRHL1
265,0.017808300499999596,AMELX
124402,0.0178075820000001,UBALD1
83953,0.017774878749999612,FCAMR
5618,0.017768939249999782,PRLR
23440,0.017759086750000375,OTP
92552,0.01775435799999947,ATXN3L
171568,0.01774706949999949,POLR3H
23434,0.017744414500000083,LINC01565
7827,0.017742697499999682,NPHS2
147686,0.017741499749999834,ZNF418
115330,0.017736625499999548,GPR146
7224,0.017731590000000352,TRPC5
119548,0.017731412499999877,PNLIPRP3
442191,0.017722929500000095,OR14J1
2039,0.01771848399999998,DMTN
114822,0.017710182500000116,RHPN1
3449,0.017708463499999993,IFNA16
100996425,0.01769959500000029,ARLNC1
8512,0.017698274499999833,MBL1P
55816,0.017686514999999847,DOK5
10086,0.01768246975000043,HHLA1
151,0.017676114999999992,ADRA2B
81494,0.0176649922499994,CFHR5
1181,0.017648207499999735,CLCN2
286442,0.017643707000000397,LINC01281
130540,0.01763788100000019,FLACC1
59336,0.017631462499999806,PRDM13
9746,0.017622167749999917,CLSTN3
5619,0.01762174949999995,PRM1
50652,0.017619972000000317,PCA3
164380,0.017616338999999925,CST13P
84159,0.017615237000000228,ARID5B
169026,0.01761464650000022,SLC30A8
478,0.01760701425000022,ATP1A3
204801,0.017598312750000122,NLRP11
93429,0.017593233749999992,LOC93429
7142,0.01758685375000013,TNP2
50835,0.017577901499999715,TAS2R9
5260,0.017577704499999847,PHKG1
100996570,0.017577060249999832,NFIA-AS2
2558,0.01757472275000005,GABRA5
6866,0.01756566599999987,TAC3
196541,0.017563831249999495,METTL21C
9423,0.017550476499999412,NTN1
221044,0.017545445749999722,UCMA
375686,0.017540635000000027,SPATC1
84629,0.017537792250000184,TNRC18
442186,0.017537053000000302,OR2J3
220929,0.017506199750000118,ZNF438
11280,0.017502652500000604,SCN11A
201456,0.01750107799999956,FBXO15
5100,0.017493769750000165,PCDH8
1586,0.017488680000000034,CYP17A1
54808,0.01748596325000129,DYM
5506,0.017478844249999792,PPP1R3A
100507099,0.017478516499999763,FRY-AS1
406988,0.017474938749999724,MIR205
80108,0.017470817000000416,ZFP2
389715,0.01747018349999996,SPATA31F2P
140679,0.01746689374999999,SLC32A1
400955,0.0174664227500001,LINC01122
284576,0.017465157249999752,LEMD1-AS1
166348,0.017461286000000076,KBTBD12
80020,0.017458993249999555,FOXRED2
339751,0.017458660500000445,MAP3K20-AS1
1573,0.017455400000000232,CYP2J2
115761,0.0174461784999993,ARL11
761,0.017443817999999833,CA3
126248,0.017438272250000164,WDR88
339976,0.017432040500000134,TRIML1
7186,0.01742138775000024,TRAF2
3010,0.017419027749999927,H1-6
3749,0.017417055500000167,KCNC4
2162,0.017403047999999366,F13A1
653677,0.017395077500000244,SEC1P
151648,0.0173938825000004,SGO1
5161,0.01739002075000018,PDHA2
84820,0.01738783425000001,POLR2J4
388566,0.017375090499999857,ZNF470
9749,0.017372497999999403,PHACTR2
10794,0.017372416499999765,ZNF460
4306,0.017371879500000187,NR3C2
84203,0.017366294999999976,TXNDC2
54893,0.017361138750001004,MTMR10
51555,0.017359355249999986,PEX5L
89778,0.01735778775000041,SERPINB11
124460,0.017349704749999972,SNX20
157,0.01734621950000026,GRK3
151278,0.017343944749999896,CCDC140
29114,0.01734244825000042,TAGLN3
57722,0.01734044999999984,IGDCC4
53904,0.01732578674999985,MYO3A
284561,0.017304301250000265,LINC02806
5858,0.017301343500000677,PZP
135886,0.017292239999999737,TMEM270
200197,0.017290496499999808,TMEM51-AS1
28908,0.01728592899999981,IGKV4-1
1258,0.017277057000000262,CNGB1
197196,0.017255993500000066,LINC00311
137735,0.017242673250000173,ABRA
65078,0.017234213750000116,RTN4R
83850,0.01722593075000045,ESYT3
79813,0.01722486799999956,EHMT1
79165,0.017221795500000248,LENG1
23650,0.01721587375000011,TRIM29
100303728,0.017211045000000258,SLC25A5-AS1
283587,0.017210857250000267,HISLA
100506172,0.017207199499999604,LOHAN2
122664,0.01720349025000001,TPPP2
79969,0.017189564499999754,ATAT1
361,0.01718664749999954,AQP4
3758,0.017159722500000196,KCNJ1
100129196,0.017156258750000042,MATN1-AS1
169522,0.017150629750000146,KCNV2
6563,0.017148699499999864,SLC14A1
167410,0.017138584250000033,LIX1
27134,0.017137556749999394,TJP3
6565,0.017136331250000136,SLC15A2
1310,0.017125193749999656,COL19A1
4340,0.01711657525000021,MOG
10895,0.017115680749999918,PPBPP2
388581,0.01710675699999964,C1QTNF12
1136,0.01708619750000029,CHRNA3
2626,0.017085628250000262,GATA4
257144,0.017084000500000585,GCSAM
100506272,0.017082857499999715,LINC02492
9947,0.017081962000000228,MAGEC1
54845,0.01707921474999985,ESRP1
25854,0.01706526499999983,FAM149A
56659,0.017047245750000162,KCNK13
148145,0.017026553000000444,LINC00906
347853,0.017022583500000188,TBX10
7363,0.01701849475000028,UGT2B4
100506542,0.017017741499999683,LINC01082
152098,0.01701738825000021,ZCWPW2
5995,0.017016693500000013,RGR
200132,0.016991166499999988,DYNLT5
142910,0.016986992749999708,LIPJ
6554,0.016978774749999648,SLC10A1
387723,0.016965544250000075,C10orf143
64150,0.016964054000000228,DIO3OS
5068,0.01696296974999978,REG3A
831,0.01695551999999978,CAST
9534,0.0169470240000007,ZNF254
100861552,0.01692933324999979,LINC00558
100506622,0.01692649700000004,LINC00540
3769,0.016910287249999545,KCNJ13
27127,0.016908844749999652,SMC1B
7401,0.016907900999999725,CLRN1
90506,0.016896277250000313,LRRC46
57644,0.016874423500000013,MYH7B
51764,0.016845937500000296,GNG13
100128139,0.01684248725000037,LINC01233
7718,0.01683378975000016,ZNF165
27091,0.01683102025000016,CACNG5
84767,0.016821792000000002,TRIM51
122651,0.016809542000000288,RNASE11
220164,0.01680418724999999,DOK6
6530,0.016802941999999987,SLC6A2
4889,0.01679788275000016,NPY5R
84069,0.01678723350000011,PLEKHN1
10580,0.01678572200000028,SORBS1
139628,0.016785430250000566,FOXR2
4239,0.016779191749999978,MFAP4
1608,0.016777299999999773,DGKG
10225,0.016774143750000192,CD96
440560,0.01675103350000029,PRAMEF11
2993,0.016743666500000032,GYPA
117159,0.01673543600000027,DCD
100505878,0.01673026799999988,LINC02059
58985,0.01672536950000003,IL22RA1
84687,0.016688243749999998,PPP1R9B
84109,0.016659522999999954,QRFPR
338,0.016649363750000035,APOB
400456,0.016647583250000153,LETR1
157927,0.016640856500000023,LINC02907
3775,0.016636989500000254,KCNK1
388939,0.01663238900000019,PCARE
100507534,0.016629525499999964,LINC02192
100507290,0.016621651749999522,ZNF865
6280,0.01662134574999996,S100A9
6261,0.01660765550000054,RYR1
151827,0.01656520199999978,LRRC34
149466,0.01655806574999996,C1orf210
4648,0.01652022399999975,MYO7B
7253,0.016519069249999685,TSHR
9951,0.016517651000000022,HS3ST4
89886,0.01651404774999987,SLAMF9
400798,0.01651105250000029,C1orf220
124930,0.016509037249999636,ANKRD13B
6327,0.01650482224999994,SCN2B
79953,0.01649484900000031,SYNDIG1
643,0.016486278749999528,CXCR5
51142,0.016483517499999323,CHCHD2
133121,0.016481446250000253,ENPP6
160313,0.016471282750000427,KRT19P2
55,0.016456575000000306,ACP3
100130449,0.01644235500000013,GPC1-AS1
121599,0.016439694749999845,SPIC
124535,0.016437446249999876,HSF5
135644,0.016424603500000412,TRIM40
5126,0.01642127099999957,PCSK2
863,0.016408857750000116,CBFA2T3
196993,0.016406038750000018,CT62
5047,0.016396294749999818,PAEP
2205,0.016393284250000306,FCER1A
6489,0.016381865500000092,ST8SIA1
5569,0.016380061500000043,PKIA
2044,0.016375637249999908,EPHA5
100289373,0.016370402000000173,UBAC2-AS1
2488,0.016369035999999948,FSHB
3082,0.016355918749999976,HGF
150992,0.01635316950000032,LINC00309
100505758,0.01633597025000011,PRMT5-AS1
100862679,0.016323134500000336,NAALADL2-AS3
202915,0.01631722875000019,TMEM184A
171482,0.016310380749999798,FAM9A
165082,0.01630981825000033,ADGRF3
56128,0.016307723750000225,PCDHB8
5067,0.01628440950000032,CNTN3
136991,0.01628304400000058,ASZ1
122481,0.016280875999999722,AK7
338323,0.016280730250000097,NLRP14
6096,0.01628031399999985,RORB
25876,0.01626876349999984,SPEF1
30010,0.016265769499999916,NXPH1
221692,0.016265462750000292,PHACTR1
56344,0.01626528824999962,CABP5
4629,0.016260416999999805,MYH11
150209,0.01625643124999998,AIFM3
5897,0.016249230000000114,RAG2
100507584,0.01624724050000026,LINC01016
23508,0.01624273974999957,TTC9
100130992,0.01623988200000026,LOC100130992
58157,0.016237194750000405,NGB
80070,0.016234225749999887,ADAMTS20
338773,0.016231451499999938,TMEM119
4440,0.016217488250000134,MSI1
4593,0.01621516600000028,MUSK
3937,0.01621411075000001,LCP2
84656,0.016212060249999993,GLYR1
51090,0.01619594649999989,PLLP
5745,0.016172010500000056,PTH1R
90070,0.016166123000000088,LACRT
28680,0.016164099750000105,TRAV8-6
152641,0.01615298375000007,WWC2-AS2
116442,0.0161505295000004,RAB39B
3960,0.016143456750000063,LGALS4
9312,0.01612786525000054,KCNB2
56928,0.016119094750000063,SPPL2B
10107,0.016113970000000144,TRIM10
799,0.01610601700000025,CALCR
10203,0.01610408625000037,CALCRL
645431,0.016095997000000306,FUT8-AS1
8587,0.016081534749999626,OR7E2P
54491,0.016071576749999927,OTULINL
84690,0.016060209249999513,SPATA22
83983,0.01605359250000049,TSSK6
5453,0.016044095249999835,POU3F1
6943,0.016042893499999877,TCF21
63926,0.01603578249999993,ANKEF1
317762,0.016027048249999787,CCDC85C
338661,0.01602321749999991,TMEM225
59341,0.016021222,TRPV4
134288,0.01602097300000027,TMEM174
56936,0.01600771850000049,CCDC177
566,0.016003002999999794,AZU1
64799,0.015995701500000514,IQCH
84443,0.01598781299999974,FRMPD3
570,0.015982557250000085,BAAT
387695,0.01596066024999976,GPR15LG
100506433,0.015958650250000428,LINC00648
7941,0.015953005749999694,PLA2G7
10501,0.015950658499999548,SEMA6B
85320,0.01594497925000038,ABCC11
255027,0.015939659500000092,MPV17L
100507064,0.015931700500000368,TEX26-AS1
80323,0.01593037949999987,CCDC68
56649,0.015924242249999665,TMPRSS4
1357,0.015907309499999744,CPA1
3952,0.015904776750000238,LEP
2733,0.015899121750000855,GLE1
1087,0.015893848749999773,CEACAM7
10209,0.01589219999999969,EIF1
203054,0.015869255000000138,ADCK5
138649,0.015861439750000095,ANKRD19P
440072,0.015858945249999756,PRDM10-DT
3483,0.015857653750000367,IGFALS
100128554,0.015853263999999534,LINC02347
4878,0.015852070000000218,NPPA
54586,0.015839434250000117,EQTN
157574,0.015830371249999864,FBXO16
9378,0.015809769000000085,NRXN1
100506677,0.0157962227499997,AA06
27189,0.015789933499999798,IL17C
60385,0.015789080749999407,TSKS
100190938,0.015767690000000112,RAMP2-AS1
2516,0.015759998250000073,NR5A1
2555,0.015742003999999366,GABRA2
79363,0.015741900000000086,CPLANE2
11181,0.015719639750000347,TREH
64063,0.015714099750000265,PRSS22
55286,0.015712545249999987,PGCKA1
3604,0.01570783450000013,TNFRSF9
6847,0.015705844500000232,SYCP1
140690,0.01570526800000005,CTCFL
100506679,0.0157025527500001,TTLL1-AS1
79816,0.015700660749999873,TLE6
57709,0.01567984275000045,SLC7A14
4064,0.015677152499999902,CD180
283738,0.01567247525000015,NTRK3-AS1
114786,0.015664950500000607,XKR4
7915,0.015664607750000226,ALDH5A1
50507,0.01566192050000037,NOX4
374973,0.015659857999999804,TEX38
27000,0.015645178249997116,DNAJC2
5017,0.015633199749999882,OVOL1
57674,0.015633152499999525,RNF213
6900,0.0156272744999999,CNTN2
157695,0.015615876999999667,TDRP
6869,0.015614559499999903,TACR1
92162,0.015613652499999908,TMEM88
10562,0.015612016750000013,OLFM4
100130950,0.015607136000000299,ZNF594-DT
285382,0.015606251749999966,C3orf70
123041,0.015604664000000046,SLC24A4
5737,0.015584302500000202,PTGFR
9515,0.01558249225000008,STXBP5L
89765,0.015572787249999553,RSPH1
6690,0.015570499749999911,SPINK1
2845,0.015558985750000254,GPR22
51233,0.015558149749999917,DRICH1
6456,0.015550010250000135,SH3GL2
84698,0.015547234000000021,CAPS2
1803,0.015543686750000063,DPP4
84858,0.015539034250000139,ZNF503
1369,0.015520928249999955,CPN1
4994,0.01551977549999961,OR3A1
735,0.015504010500000387,C9
11254,0.015503436499999967,SLC6A14
4642,0.01550324624999977,MYO1D
83866,0.015495356000000182,TTTY11
1671,0.01549482825000048,DEFA6
81704,0.015493109250000359,DOCK8
28776,0.015492824999999932,IGLV7-43
117155,0.015491205250000029,CATSPER2
84332,0.015484390750000188,DYDC2
164656,0.015475607249999523,TMPRSS6
114881,0.01547433499999995,OSBPL7
4014,0.015473097750000164,LORICRIN
100506275,0.015469174000000141,KRABD1-AS1
79400,0.015467849999999839,NOX5
6003,0.015467557750000083,RGS13
4654,0.015466895999999508,MYOD1
10499,0.01546002574999994,NCOA2
84970,0.015447872250000216,C1orf94
197003,0.015446849749999547,MGC15885
5132,0.015446601750000344,PDC
148753,0.01543503849999972,FAM163A
100130452,0.015433390500000144,LOC100130452
3718,0.01543094225000008,JAK3
5015,0.015425194250000107,OTX2
4110,0.01541056499999982,MAGEA11
283171,0.015402858250000317,LINC02873
100506319,0.01540027675000033,LINC01988
5020,0.015397359499999652,OXT
11187,0.015381161499999685,PKP3
56164,0.015369283499999664,STK31
389114,0.015368669999999973,ZNF662
2706,0.015368186750000401,GJB2
7399,0.015359475999999983,USH2A
10451,0.015346367249999382,VAV3
144742,0.015346246250000029,LINC00934
26189,0.015343419499999733,OR1A2
6524,0.015335518749999721,SLC5A2
85300,0.015332796500000079,ATCAY
150696,0.015329234750000253,PROM2
79369,0.015320612500000053,B3GNT4
79895,0.015315624999999944,ATP8B4
2047,0.015300563000000267,EPHB1
3207,0.015298003749999456,HOXA11
4868,0.015292149249999998,NPHS1
6517,0.015282419750000109,SLC2A4
5241,0.015280047000000074,PGR
147081,0.015263026000000401,LINC02210
9228,0.015255598750000043,DLGAP2
80320,0.015247113250000055,SP6
10060,0.015247006500000548,ABCC9
84630,0.015244311750000072,TTBK1
440508,0.015238263250000106,CLEC4GP1
100506380,0.015234737750000171,RNF32-DT
2566,0.015234600500000361,GABRG2
7455,0.015226455000000083,ZAN
5870,0.01521451574999988,RAB6A
378925,0.015213403250000201,RNF148
7475,0.015211804499999815,WNT6
8431,0.01520960225000012,NR0B2
1010,0.015200949249999596,CDH12
23040,0.015200477750000108,MYT1L
5197,0.015199011500000026,PF4V1
729121,0.015190305250000424,RGPD4-DT
51207,0.015178215000000161,DUSP13B
131,0.015172897249999817,ADH7
4818,0.015169695500000024,NKG7
388743,0.015165808499999933,CAPN8
1761,0.015155863749999998,DMRT1
9690,0.015151562500001603,UBE3C
3249,0.015145327249999951,HPN
400709,0.015145036499999875,SIGLEC16
140886,0.01513989725000009,PABPC5
441394,0.015139872249999797,SUGT1P1
64850,0.015132780250000089,ETNPPL
195814,0.015118016499999776,SDR16C5
340206,0.01511471075000026,TREML3P
375196,0.015112478000000262,LOC375196
83714,0.01511029974999989,NRIP2
79987,0.015107029750000223,SVEP1
100132677,0.015103606249999846,BSN-DT
340037,0.015099779500000299,PRR7-AS1
100507218,0.015091066500000139,RNF157-AS1
51458,0.015082590750000513,RHCG
79136,0.015082435750000123,LY6G6E
100130889,0.015081783000000293,PSORS1C3
645832,0.015064783749999755,SEBOX
29993,0.015063922499999993,PACSIN1
60482,0.015063596999999707,SLC5A7
5273,0.015062425750000052,SERPINB10
7710,0.015059669249999796,ZNF154
126695,0.015058564749999892,KDF1
5313,0.015053471749999936,PKLR
283578,0.015048145999999818,TMED8
2346,0.015043887749999652,FOLH1
342527,0.01502414374999983,SMTNL2
259234,0.015020940499999913,DSCR10
6326,0.014995885499999861,SCN2A
100506107,0.014971601750000119,LINC02382
151126,0.014970563249999902,ZNF385B
171177,0.014968321749999625,RHOV
93426,0.014967530249999417,SYCE1
124783,0.014961847499999958,SPATA32
100507616,0.014961382000000079,LINC02397
4435,0.014960131000000043,CITED1
3860,0.014959690249999547,KRT13
5236,0.014954557749999431,PGM1
162540,0.01495057550000034,SPPL2C
83544,0.014949860999999842,DNAL1
3765,0.014949528499999865,KCNJ9
267012,0.014948851749999825,DAOA
23676,0.01493940699999996,SMPX
55515,0.014935858249999878,ASIC4
10894,0.014935543500000037,LYVE1
2019,0.014924703249999727,EN1
6534,0.01492187275000001,SLC6A7
23359,0.014920645000000121,ENTREP2
134526,0.014913985249999762,ACOT12
2797,0.014912047249999283,GNRH2
5909,0.014911509000000489,RAP1GAP
7166,0.014910393500000119,TPH1
768096,0.014907749999999442,HAR1A
139818,0.014904662249999756,DOCK11
169693,0.014902142499999549,TMEM252
147657,0.014901607249999671,ZNF480
150,0.01489418475000015,ADRA2A
10071,0.01489352949999967,MUC12
3206,0.01488851124999968,HOXA10
100507431,0.01488458299999973,LINC02551
81796,0.014884507500000144,SLCO5A1
22865,0.014881955499999489,SLITRK3
131540,0.014875015249999901,ZDHHC19
54456,0.014868936250000075,MOV10L1
254773,0.014862695999999787,LYG2
253128,0.014861792999999679,LINC00612
100996246,0.014860698250000137,LINC02361
64100,0.014850008499999845,ELSPBP1
5886,0.014845150250000216,RAD23A
147968,0.014831856749999872,CAPN12
79748,0.014826317500000075,LMAN1L
23539,0.014825071249999766,SLC16A8
197358,0.014822311999999727,NLRC3
54988,0.014820445749999855,ACSM5
285547,0.014819903749999863,LINC01097
388780,0.014819503000000012,LINC03086
10935,0.014815884999999085,PRDX3
11255,0.014815529499999869,HRH3
283629,0.014801722000000073,TSSK4
55613,0.01479434525000034,MTMR8
919,0.01478933799999993,CD247
283480,0.014787489749999772,FGF14-IT1
441009,0.014776719249999903,CPEB2-DT
56302,0.014746236500000176,TRPV5
374655,0.014740925999999988,ZNF710
729,0.014718230249999742,C6
79037,0.014715116749999702,PVRIG
79930,0.014711786500000379,DOK3
55808,0.014711283749999637,ST6GALNAC1
4352,0.014708048999999779,MPL
51279,0.014707254499999767,C1RL
9348,0.014703776999999807,NDST3
220082,0.014695820999999665,CBY2
56981,0.014690902000000339,PRDM11
221241,0.014688227250000185,LINC00305
154661,0.014684284000000325,RUNDC3B
137868,0.014673506249999857,SGCZ
56832,0.014672523000000215,IFNK
487,0.01466213325000032,ATP2A1
2741,0.014650044249999716,GLRA1
283463,0.01464867624999977,MUC19
7222,0.014648267000000104,TRPC3
8794,0.014646373499999754,TNFRSF10C
10840,0.014637508749999917,ALDH1L1
28965,0.014636880749999914,SLC27A6
635,0.014635503749999668,BHMT
27329,0.014632123750000225,ANGPTL3
387758,0.014630927499999835,FIBIN
121643,0.014628063250000434,FOXN4
146853,0.014623158499999622,C17orf50
347344,0.014622667749999874,ZNF81
133874,0.014613820750000173,C5orf58
11095,0.014607361749999548,ADAMTS8
285346,0.014603646999999942,ZNF852
728116,0.014601286250000012,ZBTB8B
149830,0.014599663250000283,PRNT
65999,0.014597348000000121,LRRC61
118442,0.014596152500000681,GPR62
100874018,0.014592017000000013,EPN2-AS1
5213,0.014590710250001138,PFKM
64184,0.01458712949999974,EDDM3B
4653,0.014566725750000398,MYOC
2099,0.014564623250000075,ESR1
2662,0.014554840500000221,GDF10
11006,0.014553975499999705,LILRB4
3131,0.01454454325000043,HLF
1379,0.01454167649999949,CR1L
9934,0.014538895000000274,P2RY14
149685,0.014536973500000272,ADIG
259308,0.01453501050000039,SPATA31F1
2916,0.01453448500000043,GRM6
266722,0.014531483499999887,HS6ST3
9201,0.014522337499999871,DCLK1
401265,0.014521789499999826,KLHL31
80343,0.014518922750000218,SEL1L2
340146,0.014514295750000183,SLC35D3
1365,0.01450953350000006,CLDN3
23166,0.014495290750000223,STAB1
126402,0.014485497499999944,TEKTL1
55200,0.014485204500000126,PLEKHG6
256051,0.014484698000000407,ZNF549
404550,0.014478467999999634,CLMB
6752,0.014477975750000205,SSTR2
146177,0.014464433499999707,VWA3A
4153,0.014461910000000078,MBL2
219833,0.014454696500000086,KCNJ5-AS1
685,0.014453177750000545,BTC
282706,0.014437910000000276,DAOA-AS1
56903,0.014433099749999734,PAPOLB
7761,0.014432128499999752,ZNF214
23584,0.014428162749999807,VSIG2
170961,0.01442585150000042,ANKRD24
200205,0.014420033999999582,IBA57
127733,0.014411377000000059,UBXN10
2859,0.014409457749999799,GPR35
3001,0.014404299250000197,GZMA
29992,0.014400495250000311,PILRA
711,0.014396823499999822,ERC2-IT1
84467,0.014379063249999824,FBN3
547,0.014366287749999707,KIF1A
124773,0.01436137149999972,CHCT1
7010,0.014353585999999474,TEK
347365,0.014349580749999813,ITIH6
79015,0.014346195499999936,LINC01260
285368,0.01434346525000052,PRRT3
85416,0.01433949825000047,ZIC5
2691,0.014335055000000096,GHRH
173,0.01433477099999969,AFM
6779,0.014320745500000065,STATH
79841,0.014317404500000297,AGBL2
4063,0.014305935749999499,LY9
253018,0.014299761499999786,HCG27
2051,0.0142983215000001,EPHB6
80823,0.014294189000000124,GPRASP3
219539,0.014294186500000361,YPEL4
7092,0.014291921999999957,TLL1
4665,0.014283335249999585,NAB2
340069,0.014271955999999975,FAM170A
3386,0.014268128250000345,ICAM4
51807,0.014267409249999918,TUBA8
136306,0.014251556500000095,SVOPL
203076,0.014249528500000608,C8orf74
91828,0.014246610749999888,EXOC3L4
755,0.01422749674999979,CFAP410
6549,0.014216403499999863,SLC9A2
28671,0.014195695499999772,TRAV13-1
402665,0.014188104499999632,IGLON5
352909,0.014186301499999665,DNAAF3
135138,0.014185174499999675,PACRG
100874194,0.014185062249999714,CLDN10-AS1
2915,0.014173875750000064,GRM5
3381,0.014173122000000316,IBSP
93185,0.014172857500000191,IGSF8
7080,0.014171917999999728,NKX2-1
59352,0.014166644499999936,LGR6
3827,0.01416368499999976,KNG1
3906,0.0141622697499999,LALBA
93145,0.014161495750000697,OLFM2
342035,0.014160781000000178,GLDN
2157,0.014149191749999845,F8
54848,0.01414628374999971,ARHGEF38
255119,0.014145573250000432,CFAP299
286234,0.014143029499999571,SPATA31E1
53345,0.01413703799999988,TM6SF2
6007,0.014137027249999878,RHD
7047,0.01413322075000023,TGM4
11076,0.014133026750000166,TPPP
352999,0.014131769999999655,C6orf58
9290,0.014129560499999805,GPR55
6223,0.014126717499999941,RPS19
23617,0.014122743500000201,TSSK2
149699,0.014116781249999377,GTSF1L
92797,0.014103586000000057,HELB
11026,0.014099920000000044,LILRA3
116412,0.01409005125000018,ZNF837
1215,0.014089078000000033,CMA1
6295,0.014083940749999968,SAG
7984,0.014076918249999792,ARHGEF5
3158,0.014073269249999854,HMGCS2
100506895,0.014072383000000244,LUARIS
11144,0.014071432250000182,DMC1
827,0.01406191300000037,CAPN6
728621,0.014056048250000064,CCDC30
3950,0.014051104500000022,LECT2
148229,0.01404946975000021,ATP8B3
10022,0.014047944500000575,INSL5
57863,0.014040148249999884,CADM3
64168,0.014039973750000101,NECAB1
285556,0.014039212000000134,C4orf54
4438,0.014038505999999895,MSH4
9211,0.014034552250000054,LGI1
3679,0.014019309250000056,ITGA7
6439,0.013995340500000175,SFTPB
50855,0.013992802500000234,PARD6A
200931,0.01397738050000008,SLC51A
6496,0.013968966999999832,SIX3
79571,0.013962098250000388,GCC1
8086,0.013957725250000053,AAAS
284114,0.013957398749999683,TMEM102
56158,0.013956082750000043,TEX12
1043,0.013953168999999654,CD52
9468,0.01394089700000034,PCYT1B
3848,0.013939097999999817,KRT1
80258,0.0139304379999996,EFHC2
3236,0.013929737750000282,HOXD10
1600,0.013927496250000448,DAB1
5105,0.013919549249999719,PCK1
3567,0.013919110749999852,IL5
1757,0.013918021250000301,SARDH
5610,0.01391671124999938,EIF2AK2
440603,0.013913839999999844,BCL2L15
94097,0.013913612250000096,SFXN5
90134,0.013895568999999774,KCNH7
1510,0.013895448750000039,CTSE
84734,0.013894699250000198,FAM167B
159989,0.013893934249999518,DEUP1
168433,0.013887638249999501,RNF133
100302740,0.01387703724999989,FAS-AS1
123591,0.013864378750000128,TMEM266
121256,0.013859075500000095,TMEM132D
1995,0.013856458250000259,ELAVL3
100144604,0.013854678249999974,LINC00930
284382,0.01385305300000006,ACTL9
255411,0.01385241925000047,SPMIP11
7757,0.013849285000000044,ZNF208
147183,0.013842776500000209,KRT25
171392,0.013830522000000123,ZNF675
653483,0.013823140750000018,AFDN-DT
2103,0.013821185249999868,ESRRB
81628,0.013820415000000086,TSC22D4
153770,0.013816760250000115,PLAC8L1
646982,0.013813899499999671,LINC00598
101060004,0.013813847500000254,LINC01523
54932,0.013809773000000192,EXD3
11160,0.013806336500000072,ERLIN2
728084,0.013805756500000044,LINC02458
84167,0.013802733249999921,C19orf44
154092,0.013792430250000542,LINC01010
100859921,0.013787054250000264,LINC00536
100507423,0.013786505249999692,MKNK1-AS1
147495,0.01378502225,APCDD1
404220,0.013781715250000381,TEX56P
117196,0.01377990149999997,MRGPRX4
5179,0.013774683000000287,PENK
130497,0.01377228524999996,OSR1
149018,0.013768749249999601,LELP1
336,0.013767611750000075,APOA2
7038,0.013760409000000084,TG
388011,0.013757408000000027,LINC01550
80350,0.01375573224999993,LPAL2
11147,0.013746521749999907,ANKRD13C-DT
266977,0.013739766250000507,ADGRF1
3741,0.013736967249999399,KCNA5
146225,0.013730206750000029,CMTM2
5143,0.01372411249999983,PDE4C
83417,0.01372189800000001,FCRL4
4604,0.013714999750000345,MYBPC1
10009,0.013710686000000472,ZBTB33
55259,0.013705885749999869,DNAI7
100996597,0.013701837249999738,LINC00690
257101,0.013699464999999744,ZNF683
9087,0.013690399249999707,TMSB4Y
57462,0.013687328999999693,MYORG
7955,0.013677263750000446,RNF217-AS1
55796,0.013672842500000115,MBNL3
26,0.013666608999999497,AOC1
145783,0.013665663000000272,TCF12-DT
30812,0.013663098749999936,SOX8
51384,0.013658743250000605,WNT16
81888,0.01364003725000007,HYI
146512,0.013639238999999748,FLJ30679
100505741,0.013637578750000046,SPATA1
5371,0.013633675499999942,PML
374354,0.013632485249999604,NHLRC2
7069,0.013631827250000228,THRSP
91543,0.013629659499999836,RSAD2
642273,0.013617393000000089,FAM110C
23284,0.013617199750000086,ADGRL3
100996511,0.013609880249999762,LINC01355
284836,0.013589497499999492,LINC00319
4353,0.01356711949999978,MPO
5232,0.013566247249999996,PGK2
80243,0.013562037249999825,PREX2
120376,0.013561542249999725,POU2AF3
56955,0.013558098749999914,MEPE
23017,0.013557323749999739,FAIM2
222537,0.013556404250000043,HS3ST5
85026,0.013554842250000032,ARRDC1-AS1
56656,0.013545785250000053,OR2S2
135892,0.013545463500000299,TRIM50
9033,0.013539072000000374,PKD2L1
100287015,0.013538460249999495,MCPH1-DT
2846,0.013537323000000434,LPAR4
9421,0.013529932750000029,HAND1
160065,0.013527085499999814,PATE1
7273,0.013526608749999447,TTN
11219,0.013525562500000365,TREX2
1823,0.013516577499999904,DSC1
10683,0.013512209249999962,DLL3
23769,0.013510684999999967,FLRT1
30818,0.013508560750000065,KCNIP3
5029,0.013505149250000237,P2RY2
85290,0.01349791325000016,KRTAP4-3
6586,0.01349587225000004,SLIT3
80834,0.013495535500000155,TAS1R2
126075,0.013494208500000493,CCDC159
1506,0.013482645500000334,CTRL
28642,0.013468874750000026,TRAV39
116179,0.01346557025000017,TGM7
24142,0.013458646749999748,NAA80
403150,0.013458028249999643,FOSL2-AS1
677779,0.013456156749999781,LINC00488
28656,0.013453165250000065,TRAV26-2
80758,0.013448529000000153,PRR7
2533,0.013441783499999804,FYB1
162515,0.01343679249999985,SLC16A11
8513,0.013433579249999994,LIPF
7745,0.013432333000000352,ZKSCAN8
50834,0.013427491000000291,TAS2R1
133923,0.013423244500000209,ZNF474
124857,0.01341719124999985,WFIKKN2
33,0.013412281499999956,ACADL
56648,0.013408860249999766,EIF5A2
6887,0.01340625225000025,TAL2
820,0.013401675749999953,CAMP
27035,0.01340107175000016,NOX1
5449,0.013400591499999948,POU1F1
154822,0.013400540250000148,LINC00689
100505978,0.013397730999999968,LOC100505978
9333,0.013389305499999615,TGM5
170261,0.013382988750000102,ZCCHC12
50940,0.013381040750000128,PDE11A
26298,0.013378562000000205,EHF
403314,0.013376927000000371,APOBEC4
389421,0.013369381499999555,LIN28B
112744,0.013361711249999964,IL17F
374918,0.013360441500000153,IGFL1
9481,0.013354650000000134,SLC25A27
161357,0.013353827750000047,MDGA2
84466,0.013349043999999921,MEGF10
6928,0.013347848749999613,HNF1B
131450,0.013341119750000185,CD200R1
337970,0.013338571000000243,KRTAP19-3
2042,0.013337999750000051,EPHA3
181,0.013337911750000098,AGRP
388662,0.013330157249999974,SLC6A17
2167,0.013329296000000213,FABP4
84636,0.013326208250000082,GPR174
27004,0.01332049749999964,TCL6
2206,0.013316144750000092,MS4A2
206338,0.013314175499999692,LVRN
29018,0.01331297024999989,FOXN3-AS2
3228,0.013304721999999991,HOXC12
644660,0.013302796250000526,RAD21-AS1
150082,0.013302753000000056,LCA5L
2689,0.013299071500000093,GH2
83957,0.013294956750000253,FRMD8P1
113730,0.013292877250000057,KLHDC7B
55911,0.013283700750000182,APOBR
284111,0.013269995000000367,SLC13A5
164633,0.013265310999999613,CABP7
6716,0.013255233249999776,SRD5A2
57731,0.013252351999999856,SPTBN4
27012,0.013250401749999696,KCNV1
126668,0.01324405650000049,TDRD10
346562,0.013235062250000595,GNAT3
56934,0.013229985000000166,CA10
2705,0.01322262225000026,GJB1
353299,0.01322137649999977,RGSL1
283038,0.013221315500000053,LOC283038
114038,0.013220628750000074,LINC00313
29944,0.013218973499999898,PNMA3
2257,0.013205419500000204,FGF12
3231,0.01319742824999981,HOXD1
140700,0.013193987999999823,SAMD10
57823,0.013187751499999845,SLAMF7
64211,0.013185923249999565,LHX5
2027,0.013182524750000368,ENO3
4990,0.013180147499999517,SIX6
646600,0.01317848725000026,IGF2BP2-AS1
3562,0.013177146250000327,IL3
4184,0.013175454500000683,SMCP
84876,0.01316848575000007,ORAI1
129607,0.013165778750000356,CMPK2
149773,0.013165020499999347,APCDD1L-DT
6192,0.013160225000000025,RPS4Y1
84229,0.013158494250000263,DRC7
9758,0.013148965000000068,FRMPD4
84623,0.013147261749999917,KIRREL3
100506851,0.013146916500000216,LOC100506851
2928,0.013143374249999784,GSC2
285326,0.013138470749999964,LINC00692
91133,0.013137982749999999,L3MBTL4
2998,0.013136778499999835,GYS2
650655,0.013134851249999802,ABCA17P
388585,0.013134664249999872,HES5
84701,0.013129996250000442,COX4I2
150051,0.01312768200000014,TIAM1-AS1
1173,0.013116816249999275,AP2M1
284933,0.013116162499999362,TAFA5-AS1
6019,0.013112010249999972,RLN2
129049,0.013102302000000066,SGSM1
25758,0.013094470499999566,KIAA1549L
202333,0.01309140700000011,CMYA5
3128,0.013090186000000337,HLA-DRB6
3346,0.013082943499999722,HTN1
2532,0.013074710999999795,ACKR1
50487,0.01307195849999987,PLA2G3
4773,0.013067405500000184,NFATC2
6571,0.013064617249999966,SLC18A2
51172,0.013055653000000333,NAGPA
2263,0.013049847500000489,FGFR2
83482,0.013043287500000389,SCRT1
7180,0.013038226749999993,CRISP2
80157,0.013038141250000024,CWH43
9066,0.013037044749999893,SYT7
933,0.013034280999999925,CD22
122876,0.013033588500000137,GPHB5
400655,0.013033575999999769,LINC02864
23430,0.013033517500000258,TPSD1
100505893,0.013031094250000042,SLIT2-IT1
85371,0.013029327499999965,KIAA1656
28584,0.01302483075000005,TRBV10-2
100131814,0.013023232000000107,AHI1-DT
135927,0.013021440249999738,SOFU1
249,0.013021001250000275,ALPL
10213,0.01301761749999919,PSMD14
23057,0.01301010625000032,NMNAT2
79917,0.013006166000000263,MAGIX
9457,0.013001306749999664,FHL5
6618,0.013001037500000034,SNAPC2
163183,0.012999042500000169,SYNE4
29121,0.012996720499999892,CLEC2D
256957,0.01299189200000006,HEATR9
7053,0.012990938999999813,TGM3
119395,0.012981631749999334,CALHM3
84657,0.01296667199999968,LINC00852
56849,0.012965484499999569,TCEAL7
1501,0.012951658999999616,CTNND2
5320,0.012929452999999924,PLA2G2A
8913,0.012925172249999672,CACNA1G
100169989,0.012922771499999985,DBIL5P2
134145,0.01292241024999985,ATPSCKMT
25975,0.01291429050000037,EGFL6
85329,0.012911291250000012,LGALS12
3880,0.012907896500000238,KRT19
56139,0.012906307250000193,PCDHA10
127254,0.012901925250000446,ERICH3
140836,0.012896461500000012,BANF2
80774,0.01289423575000015,LIMD2
6337,0.012890491500000323,SCNN1A
2911,0.012886013499999738,GRM1
50649,0.012884883999999985,ARHGEF4
651,0.012881865000000214,BMP3
94234,0.012879590749999892,FOXQ1
353514,0.012879214500000291,LILRA5
28677,0.01287105949999967,TRAV9-2
124817,0.012863612499999899,CNTD1
84852,0.012862656249999826,ATP1A1-AS1
284338,0.012860929999999549,PRR19
255057,0.01285592049999984,CBARP
161176,0.012847997999999805,SYNE3
2529,0.01283931599999999,FUT7
3196,0.012836847750000047,TLX2
2128,0.012827635249999858,EVX1
2065,0.012824585999999805,ERBB3
126549,0.012821097249999802,ANKLE1
283392,0.012802083750000026,TRHDE-AS1
3811,0.012798202749999543,KIR3DL1
10251,0.012797884749999877,SPRY3
55472,0.012796649499999813,RBM12B-AS1
121391,0.012796506000000818,KRT74
10350,0.012795912750000138,ABCA9
4760,0.012795028250000229,NEUROD1
201158,0.012793516249999914,TVP23C
100506025,0.012791145499999601,CRPPA-AS1
645591,0.012790106999999828,LHFPL3-AS1
60467,0.012789174499999945,BPESC1
8521,0.01278864550000014,GCM1
115677,0.012784871250000052,NOSTRIN
89876,0.01278362799999977,CFAP91
23569,0.012780598249999553,PADI4
728606,0.012779031500000038,PCAT18
7448,0.012778591750000068,VTN
7113,0.012774352999999739,TMPRSS2
2838,0.012770221250000269,GPR15
2070,0.01276965100000016,EYA4
283461,0.012768986999999843,REDIC1
723809,0.012767928499999748,LHFPL3-AS2
846,0.012767411999999645,CASR
100132618,0.01276725575000004,ZRANB2-AS1
11226,0.012762514999999919,GALNT6
83592,0.01275858975000066,AKR1E2
57151,0.012755169000000066,LYZL6
29943,0.01275151874999958,PADI1
85291,0.012749956500000437,KRTAP4-2
339761,0.012749378000000533,CYP27C1
5609,0.012744603749999861,MAP2K7
203859,0.012744165500000015,ANO5
8784,0.012741195749999878,TNFRSF18
642938,0.01273428374999952,INSYN2A
8692,0.012730876000000002,HYAL2
27120,0.01272717975000015,DKKL1
23205,0.01272526674999952,ACSBG1
3358,0.012722441249999772,HTR2C
5800,0.012718181250000349,PTPRO
26254,0.012717225250000297,OPTC
56833,0.012714386749999917,SLAMF8
100874195,0.0127116970000003,DIAPH3-AS1
348808,0.012688709999999936,NPHP3-AS1
6363,0.012681476999999663,CCL19
3558,0.012675052999999714,IL2
64849,0.012672830999999718,SLC13A3
100505782,0.012667485000000589,LOC100505782
255043,0.012666159750000183,TMEM86B
54715,0.012660556999999795,RBFOX1
117157,0.012660509499999861,SH2D1B
284359,0.012654941250000107,IZUMO1
27132,0.012651273500000393,CPNE7
23538,0.012647780250000018,OR52A1
26261,0.012644194249999963,FBXO24
10319,0.01263892900000041,LAMC3
349565,0.012637098749999964,NMNAT3
6010,0.012634168499999987,RHO
118425,0.012630795500000236,PCAT4
83844,0.012626563500000021,USP26
400891,0.01262510799999994,LRRC74B
642280,0.012624785249999881,ZNF876P
140469,0.012622213999999854,MYO3B
10158,0.012620787500000397,PDZK1IP1
347732,0.01261777800000008,CATSPER3
4322,0.012616013249999725,MMP13
101055625,0.012615129499999878,OVCH1-AS1
1750,0.012613825499999898,DLX6
7223,0.012608177749999783,TRPC4
7754,0.012604731499999744,ZNF204P
8807,0.012591838749999695,IL18RAP
6323,0.012588202999999965,SCN1A
254240,0.012585934000000076,BPIFC
10326,0.012584579499999915,SIRPB1
144699,0.012571726500000047,FBXL14
51266,0.012569226750000162,CLEC1B
286077,0.012569132249999893,SACK1H
6523,0.012567351250000414,SLC5A1
3651,0.012562349750000035,PDX1
8863,0.01256147200000024,PER3
100505841,0.012557573000000488,ZNF475
93661,0.012555873499999759,CAPZA3
100506874,0.012551677999999455,LINC00933
84922,0.0125459874999998,FIZ1
440829,0.012542408500000324,SHISA8
138307,0.012542352750000152,LCN8
100170229,0.012541691499999619,SRRM5
9848,0.012535673499999955,MFAP3L
11213,0.0125314572500006,IRAK3
9068,0.012504537000000315,ANGPTL1
6002,0.012503832750000221,RGS12
9095,0.012501138249999766,TBX19
7019,0.012495036499999834,TFAM
9940,0.012493271499999459,DLEC1
10484,0.012491220000001135,SEC23A
64220,0.012481700749999991,STRA6
1538,0.012480238499999796,CYLC1
196410,0.01247973300000016,TMT1B
202374,0.012478430249999839,STK32A
26493,0.012475244500000482,OR8B8
192668,0.012474175749999983,CYS1
54766,0.012472600249999743,BTG4
100506413,0.012465914249999877,DOCK4-AS1
3046,0.012460857250000235,HBE1
340168,0.012459851250000042,DPPA5
28904,0.012454914750000157,IGKV1D-8
337878,0.012448591500000106,KRTAP7-1
127391,0.012437544750000029,TMCO2
440387,0.012434530749999784,CTRB2
389332,0.012434120250000014,SMIM32
51561,0.012432812750000632,IL23A
5013,0.012429664750000402,OTX1
2912,0.01242447499999999,GRM2
149233,0.012423815000000005,IL23R
6865,0.012422142499999733,TACR2
165631,0.012417724750000136,PARP15
6013,0.012415818000000023,RLN1
92558,0.012412523000000064,BICDL1
54768,0.012411968499999926,HYDIN
225,0.01240983100000026,ABCD2
6694,0.012409632000000226,SPP2
283143,0.012407594750000417,LINC00900
6854,0.012405037250000195,SYN2
22904,0.012401492249999979,SBNO2
9154,0.012399142750000092,SLC28A1
387707,0.012396344249999913,CC2D2B
10454,0.012372389499999858,TAB1
286042,0.012371488749999937,FAM86B3P
146513,0.01236763800000018,LINC02135
10752,0.012367599500000104,CHL1
158866,0.012358684750000126,ZDHHC15
100505658,0.012353092750000183,DIAPH1-AS1
390064,0.01234041674999986,OR51I2
5136,0.012339628750000387,PDE1A
100288801,0.01233323424999977,FRG2C
27160,0.01233147350000019,INGX
5140,0.01232658200000003,PDE3B
90634,0.012324290000000016,N4BP2L1
6503,0.012321225250000012,SLA
161635,0.012319147749999537,CSNK1A1P1
132112,0.012298227500000536,RTP1
100192386,0.012297404749999963,FLJ16779
339168,0.012291744000000104,TMEM95
8941,0.012290319999999966,CDK5R2
150372,0.01228897799999995,NFAM1
4308,0.012281892250000315,TRPM1
26468,0.012274631499999966,LHX6
25794,0.01226698199999987,FSCN2
23491,0.01226690450000012,CES3
140687,0.01225993674999959,GCNT7
728450,0.012258178499999772,LINC00687
83884,0.01225341950000014,SLC25A2
346389,0.012252178750000287,MACC1
8435,0.01223434000000001,SOAT2
2487,0.012232772000000391,FRZB
57624,0.012226369499999556,NYAP2
163589,0.01222054650000004,TDRD5
100505664,0.01221791225000013,LINC03125
27036,0.012217259749999876,SIGLEC7
5314,0.012214542249999738,PKHD1
100129460,0.012210133999999595,DPY19L1P1
100506498,0.012208214500000203,LINC02274
971,0.012206741500000007,CD72
11131,0.01220635574999962,CAPN11
10864,0.012204051000000327,SLC22A7
27283,0.012198944750000607,TINAG
5443,0.012197308750000246,POMC
4693,0.012189437500000011,NDP
2036,0.012186977749999883,EPB41L1
81850,0.012185828000000232,KRTAP1-3
151888,0.012181319500000232,BTLA
7079,0.012169129000000112,TIMP4
5317,0.01216903774999989,PKP1
57663,0.012168933750000388,USP29
2556,0.01216442549999952,GABRA3
157753,0.012162126500000259,TMEM74
150709,0.012152937500000238,ANKAR
100506475,0.01215103924999994,EGFLAM-AS2
100874107,0.01214806349999975,MTUS2-AS1
400654,0.012145552750000288,LINC01538
151790,0.012122176750000158,WDR49
3691,0.012113137499999649,ITGB4
100505811,0.012108787499999885,LINC02148
2841,0.012103262250000135,GPR18
9576,0.01209221075000011,SPAG6
90199,0.012092163499999753,WFDC8
114571,0.012090050500000338,SLC22A9
80704,0.01208508149999954,SLC19A3
63946,0.012075102750000344,DMRTC2
4703,0.012072291249999978,NEB
26154,0.012070315000000331,ABCA12
79908,0.012069695250000123,BTNL8
7479,0.012068642000000018,WNT8B
285195,0.012068136499999937,SLC9A9
80128,0.012065618249999854,TRIM46
55891,0.012056107499999857,LENEP
10777,0.01205200900000003,ARPP21
1193,0.012047717749999798,CLIC2
11054,0.012045647999999964,OGFR
8646,0.012039245499999573,CHRD
51302,0.012018816499999918,CYP39A1
6263,0.012018534500000122,RYR3
9699,0.012015386500000336,RIMS2
932,0.0120127400000003,MS4A3
100192378,0.011996584750000316,ZFHX4-AS1
54363,0.011992705499999534,HAO1
1670,0.011988158750000144,DEFA5
100505774,0.011979971749999763,LOC100505774
400710,0.011974453249999684,ZNF473CR
3748,0.011966482749999674,KCNC3
8552,0.011961675500000268,INE1
2561,0.011958535250000235,GABRB2
168507,0.01195582024999986,PKD1L1
145447,0.011942566750000161,ABHD12B
4995,0.011936846750000285,OR3A2
3767,0.011936421250000162,KCNJ11
8383,0.011936270500000123,OR1A1
429,0.011934977500000166,ASCL1
51676,0.011932228500000086,ASB2
100506834,0.011926573749999836,GAS1RR
5729,0.011918169499999909,PTGDR
6614,0.01191700849999977,SIGLEC1
79918,0.011914258250000032,SETD6
100507461,0.011912097499999774,LINC02032
2695,0.011911490999999774,GIP
3683,0.011910148250000141,ITGAL
64714,0.011904301249999971,PDIA2
100287227,0.011898627000000328,TIPARP-AS1
1826,0.01189379600000029,DSCAM
136288,0.011893428499999636,C7orf57
10141,0.0118928352499994,LINC01587
112939,0.011892687999999652,NACC1
7200,0.011891858749999429,TRH
116511,0.01188571149999973,MAS1L
80863,0.011884345499999949,PRRT1
2543,0.01188095549999968,GAGE1
100874012,0.011879381750000029,NAV2-AS5
5733,0.011876595499999976,PTGER3
378832,0.011875237249999948,COL18A1-AS1
57648,0.011874856000000378,NHSL3
2786,0.011867635999999848,GNG4
6376,0.011866455000000276,CX3CL1
6375,0.011861402000000076,XCL1
187,0.011859988000000321,APLNR
114960,0.01185686024999999,TSGA13
163131,0.011853201249999668,ZNF780B
286411,0.011831818499999702,LINC00632
8942,0.011822926750000295,KYNU
2288,0.011818291750000043,FKBP4
10861,0.011811934749999864,SLC26A1
100507642,0.011793899999999802,LINC03014
256764,0.011792823000000396,WDR72
130752,0.011792183749999907,MDH1B
284339,0.011788426750000358,TMEM145
11136,0.011787808500000052,SLC7A9
145942,0.011787763250000083,TMCO5A
11075,0.011784434249999531,STMN2
149461,0.011773975750000165,CLDN19
26707,0.011771085499999945,OR2J2
116984,0.011764656999999623,ARAP2
283869,0.01176214224999983,NPW
94086,0.01176013425000022,HSPB9
114827,0.011759895249999985,FHAD1
90379,0.011757790999999962,DCAF15
84465,0.01175688975,MEGF11
319101,0.01175484874999988,KRT73
9073,0.011754001749999965,CLDN8
732253,0.011751770250000071,TDRG1
100533107,0.011748853250000302,RTEL1-TNFRSF6B
148109,0.011748159500000188,FAM187B
55521,0.011747355750000299,TRIM36
8796,0.011742471999999893,SCEL
3035,0.011733650000001816,HARS1
375057,0.011732019500000135,STUM
8706,0.011727935750000196,B3GALNT1
9420,0.011725259500000362,CYP7B1
283358,0.011712928500000164,B4GALNT3
23224,0.011712294500000109,SYNE2
8856,0.011711209,NR1I2
148824,0.011710894250000159,GCSAML-AS1
100128590,0.011707991749999813,SLC8A1-AS1
197322,0.011704805000000373,ACSF3
100506274,0.01170211099999996,LOC100506274
100129792,0.011697760000000113,CCDC152
100506082,0.011694350500000006,LINC02749
8789,0.01169309399999996,FBP2
6345,0.011692684249999807,SRL
100505474,0.011690010749999757,LINC01539
1587,0.011688541250000295,ADAM3A
3267,0.011681529750001474,AGFG1
6691,0.011678737499999592,SPINK2
10335,0.01167411649999961,IRAG1
100507043,0.011673419000000074,TUNAR
79092,0.011669921999999833,CARD14
117579,0.011666539250000163,RLN3
54734,0.011665638250000221,RAB39A
27076,0.0116645967500002,LYPD3
125336,0.011661109999999919,LOXHD1
340205,0.011659360499999938,TREML1
2986,0.01165875974999997,GUCY2F
7022,0.01165248000000041,TFAP2C
26239,0.011652013500000002,LCE2B
285224,0.011646226750000377,DNAJB8-AS1
80342,0.011646220999999901,TRAF3IP3
284759,0.011645770500000374,SIRPB2
84735,0.01164440124999988,CNDP1
1056,0.01163715374999974,CEL
2562,0.011623476499999619,GABRB3
285220,0.011619093500000233,EPHA6
645188,0.011615729250000317,LOC645188
695,0.011610805500000154,BTK
3563,0.011609770000000186,IL3RA
55908,0.011606204250000474,ANGPTL8
1297,0.01160352575000001,COL9A1
100499194,0.011598803999999685,LINC02992
100505942,0.011593432750000243,LOC100505942
140875,0.0115933612500001,LINC00028
3559,0.011592731750000418,IL2RA
257629,0.011592396249999748,ANKS4B
6285,0.011578415249999807,S100B
128153,0.01157766050000042,SPATA17
1539,0.01157210349999982,CYLC2
2158,0.011559820250000019,F9
400410,0.011558115749999764,ST20
6579,0.011557015249999747,SLCO1A2
161823,0.011554525000000204,MAPDA
80144,0.01155356099999949,FRAS1
54328,0.011553475499999966,GPR173
90586,0.011552179500000204,AOC4P
1124,0.011547061999999553,CHN2
10645,0.011532172749999958,CAMKK2
150572,0.011530624249999732,SMYD1
319085,0.011527959749999983,ITPK1-AS1
221806,0.01152462225000006,VWDE
7503,0.011524301000000126,XIST
56923,0.011518161249999936,NMUR2
5648,0.011517786499999794,MASP1
79656,0.011512823000000338,BEND5
122618,0.01151227375000019,PLD4
85479,0.01150595399999954,DNAJC5B
4068,0.011501072749999786,SH2D1A
27164,0.0115006830000004,SALL3
647107,0.011500065999999975,LINC01192
1380,0.011497153000000093,CR2
339593,0.01149201749999973,LINC03163
26821,0.011483907750000188,SNORA74A
100505912,0.011483759750000377,LOC100505912
80333,0.011482565749999729,KCNIP4
28563,0.01148199949999995,TRBV24-1
80329,0.011480900250000037,ULBP1
166979,0.01148027950000019,CDC20B
54798,0.01146931200000001,DCHS2
23624,0.011467709750000221,CBLC
353324,0.011461515500000186,SPATA12
29958,0.011457297999999838,DMGDH
2204,0.011452875499999848,FCAR
2121,0.011448500499999792,EVC
145837,0.011439366999999478,DRAIC
266747,0.011439278249999685,RGL4
283403,0.011436400500000055,LINC02874
1142,0.011433504750000267,CHRNB3
83851,0.011419847500000024,SYT16
2018,0.011419087500000202,EMX2
5268,0.01141781350000004,SERPINB5
146754,0.011412623250000031,DNAH2
54897,0.011411751749999866,CASZ1
23390,0.01140766400000004,ZDHHC17
3237,0.011407521249999775,HOXD11
286753,0.011405840000000111,TRARG1
6954,0.011405441500000002,TCP11
122945,0.011404899250000433,NOXRED1
3934,0.011398535499999696,LCN2
85417,0.011390749499999409,CCNB3
2323,0.011390336999999917,FLT3LG
387694,0.011389912999999918,SH2D4B
2819,0.011389249999999684,GPD1
284395,0.011383350749999854,VSTM2B-DT
29119,0.011383330500000177,CTNNA3
51411,0.011383209999999977,BIN2
64699,0.011376829500000074,TMPRSS3
124045,0.01137261675000012,SPATA33
389895,0.01137031799999999,HAPSTR2
388503,0.011364356500000117,C3P1
10394,0.011363401499999704,PRG3
26270,0.011353988750000266,FBXO6
148066,0.01135310874999984,ZNRF4
51301,0.01135267750000013,GCNT4
729085,0.011352024249999815,GASK1A
149563,0.011349432749999888,SRARP
8858,0.01134395450000003,PROZ
53918,0.011333274749999234,PELO
10218,0.011330596250000102,ANGPTL7
22866,0.01132906800000022,CNKSR2
8711,0.011326323499999624,TNK1
125,0.011325869499999808,ADH1B
780776,0.011323846250000269,TVP23A
348110,0.01131616425000015,ARPIN
100996404,0.01131506850000008,GRK3-AS1
1417,0.011305372749999876,CRYBB3
221188,0.01130250099999941,ADGRG5
10343,0.011298297249999756,PKDREJ
65263,0.011293498500000165,PYCR3
153218,0.01129266974999954,SPINK13
283248,0.011287499250000277,RCOR2
56300,0.01128221000000007,IL36G
84072,0.011280858000000116,HORMAD1
80831,0.011280461249999707,APOL5
4992,0.011278296249999986,OR1F1
641365,0.011277941749999965,LINC00616
777,0.011275358499999832,CACNA1E
56244,0.01127527375000037,BTNL2
7547,0.01127259150000004,ZIC3
85293,0.011270166250000102,KRTAP3-3
9104,0.011269168999999746,RGN
85478,0.011268092499999938,DRC2
57084,0.011262169499999697,SLC17A6
196472,0.011261181499999662,GARIN6
84766,0.011249638249999805,CRACR2A
80217,0.011245744250000023,CFAP43
8452,0.011242827249999365,CUL3
79990,0.011240058250000295,PLEKHH3
54970,0.011236849749999944,TTC12
79767,0.011236602000000318,ELMO3
54474,0.011231340250000166,KRT20
127845,0.011225625749999857,GOLT1A
325,0.011225105749999909,APCS
1524,0.01122340324999982,CX3CR1
347730,0.011212412000000338,LRRTM1
6751,0.011210672250000275,SSTR1
85438,0.0112070274999998,CABS1
55061,0.011204729999999774,SUSD4
2900,0.011204144249999715,GRIK4
766,0.011197731499999808,CA7
100422737,0.011192266000000117,LINC02532
158724,0.011191353250000091,FAM47A
440335,0.011186753750000555,SMIM22
11189,0.011184502249999895,CELF3
2823,0.011183363000000224,GPM6A
221883,0.011179912749999854,HOXA11-AS
6860,0.011179911750000215,SYT4
3446,0.011175436250000281,IFNA10
100288413,0.01117294574999983,ERVMER34-1
11141,0.011169988500000283,IL1RAPL1
338557,0.011161999750000096,FFAR4
57156,0.011159643250000073,TMEM63C
23414,0.011159364999999699,ZFPM2
9912,0.011155635999999802,ARHGAP44
79727,0.01114917200000054,LIN28A
5967,0.011147633750000274,REG1A
6441,0.01114421124999998,SFTPD
28442,0.01114346725000015,IGHV3-23
100505711,0.011142115500000216,LOC100505711
54674,0.011140454500000008,LRRN3
642394,0.011140069749999704,ADARB2-AS1
402778,0.011136738249999834,IFITM10
3706,0.011136437500000262,ITPKA
140258,0.011131102000000226,KRTAP13-1
221481,0.011130904249999851,ARMC12
51270,0.01112102749999977,TFDP3
84935,0.011120462749999671,MEDAG
196968,0.01111186325000002,DNM1P46
283897,0.011111405249999873,C16orf54
100048912,0.011105946250000276,CDKN2B-AS1
647024,0.011101694249999738,C6orf132
121340,0.011100760250000175,SP7
339965,0.011099851750000056,CCDC158
8608,0.011096433750000134,RDH16
8808,0.011084221499999991,IL1RL2
5522,0.011082422999999952,PPP2R2C
57154,0.011076185999999932,SMURF1
10699,0.011066553500000076,CORIN
100507065,0.011065946500000035,MSRB3-AS1
3664,0.011065893000000049,IRF6
203062,0.011063933749999588,TSNARE1
9607,0.011063018250000223,CARTPT
9722,0.01105919374999953,NOS1AP
150568,0.011052903749999565,LINC01102
10188,0.011050634999999698,TNK2
79170,0.011046485250000071,PRR15L
100129620,0.011043485000000075,PLPPR5-AS1
51350,0.011037463250000101,KRT76
26033,0.011034737000000128,ATRNL1
11012,0.011031180499999849,KLK11
81833,0.011030815249999826,SPACA1
2571,0.011029031250000099,GAD1
27181,0.01102049400000027,SIGLEC8
7579,0.011016016250000149,ZSCAN20
6123,0.011011704249999976,RPL3L
168400,0.011010758999999926,DDX53
3761,0.011003913999999337,KCNJ4
145694,0.011003735749999688,KIF23-AS1
7480,0.01100116500000059,WNT10B
3859,0.010999448749999807,KRT12
127670,0.01098162849999973,TEDDM1
119,0.010964077000000128,ADD2
3812,0.010957333999999985,KIR3DL2
2913,0.010952891250000096,GRM3
5753,0.010952214000000016,PTK6
10369,0.01095148700000026,CACNG2
5916,0.010948886750000497,RARG
84808,0.01094539049999943,PERM1
3605,0.010944579250000253,IL17A
100996624,0.010942249000000182,LINC01981
123264,0.010941251749999825,SLC51B
8825,0.010940243499999891,LIN7A
54101,0.010940052250000498,RIPK4
57449,0.010938153249999694,PLEKHG5
6712,0.010934400249999587,SPTBN2
6725,0.01093364699999988,SRMS
100505633,0.010924234999999616,LINC01133
100996579,0.010923590749999601,LINC01806
285370,0.010922868250000217,LINC00606
3760,0.010917003250000334,KCNJ3
7029,0.010914142749999911,TFDP2
401262,0.01090104624999988,CRIP3
3004,0.010900850999999712,GZMM
2043,0.010898412999999607,EPHA4
29949,0.010895231749999734,IL19
341567,0.01088650425000015,H1-7
266919,0.010881318999999667,LINC00307
26538,0.01087885100000019,OR10H2
284600,0.010877914749999995,LOC284600
151171,0.01087751074999943,LINC01107
973,0.010872433499999445,CD79A
29909,0.010868934499999927,GPR171
29933,0.010862749499999769,GPR132
51127,0.010854655250000178,TRIM17
1842,0.010853738999999862,ECM2
731779,0.01085360425000026,LINC01300
58512,0.01085098750000002,DLGAP3
100506599,0.010850484250000125,PPP1R26-AS1
100131117,0.010848950500000232,ZBTB20-AS1
57718,0.010848091749999789,PPP4R4
284749,0.010845174249999978,LINC00494
1015,0.010842323249999897,CDH17
160428,0.01083821099999982,ALDH1L2
646658,0.01083335349999981,SYNDIG1L
286190,0.010827662500000113,LACTB2-AS1
152586,0.010826720750000352,MGAT4D
6329,0.010825389749999914,SCN4A
3242,0.010823731000000336,HPD
94233,0.010820704249999702,OPN4
50674,0.010819204749999312,NEUROG3
643714,0.010817817249999973,CASC16
114900,0.010817492250000171,C1QTNF4
4680,0.010814881499999984,CEACAM6
9856,0.010812047499999977,KIAA0319
79024,0.010808291500000067,SMIM2
10256,0.01080665699999983,CNKSR1
27165,0.010806269000000146,GLS2
9488,0.01080414124999951,PIGB
4210,0.010797408250000196,MEFV
100507480,0.010796871750000214,LINC02853
151174,0.010791161749999834,LINC02610
222234,0.010789033750000065,FAM185A
6870,0.010788828499999958,TACR3
124056,0.010785849750000409,NOXO1
100507008,0.010783929250000046,LINC00844
100507362,0.010783728749999888,LINC01015
3030,0.010781343499999707,HADHA
10398,0.010775787000000037,MYL9
92745,0.010775266500000047,SLC38A5
1620,0.010774032249999621,BRINP1
383,0.01076331300000044,ARG1
160298,0.010759317500000032,C11orf42
2016,0.01075813375000001,EMX1
283335,0.010757860000000452,TNS2-AS1
55065,0.01075312925000027,SLC52A1
4585,0.010743576499999463,MUC4
2712,0.010742769750000214,GK2
795,0.010738599000000182,S100G
55040,0.01073623924999989,EPN3
317649,0.010735979499999715,EIF4E3
283663,0.010735929500000463,LINC00926
9753,0.010731078750000123,ZSCAN12
83888,0.010721913999999444,FGFBP2
23007,0.01071921575000001,PLCH1
646023,0.010715944749999817,ADORA2A-AS1
284723,0.010714560499999859,SLC25A34
6736,0.010711301750000679,SRY
220108,0.010710744750000778,FAM124A
55220,0.010710227999999766,KLHDC8A
128553,0.010706672249999993,TSHZ2
84696,0.010704537999999708,ABHD1
8048,0.010698155500000084,CSRP3
145741,0.010691085249999954,C2CD4A
1448,0.01068322700000035,CSN3
25859,0.010677378499999612,PART1
139135,0.010668971749999923,PASD1
81285,0.010667915999999611,OR51E2
5629,0.010660121249999488,PROX1
9868,0.010658494750000358,TOMM70
27180,0.010650819749999929,SIGLEC9
51145,0.010649257249999877,PBX3-DT
149465,0.01064852599999977,CFAP57
84448,0.010638985749999996,ABLIM2
284274,0.010635120499999484,SMIM21
100128977,0.010635051000000395,MAPT-AS1
23133,0.010631558500000082,PHF8
9788,0.010629938500000158,MTSS1
5446,0.010629829750000042,PON3
151877,0.010620089499999708,MAGI1-IT1
169966,0.01061608199999986,TENT5D
91319,0.010614368500000193,DERL3
6758,0.010613070999999863,SSX5
339766,0.010611262999999926,MROH2A
345462,0.01061099749999972,ZNF879
283860,0.010604105250000107,LINC00304
83886,0.010601868250000201,PRSS27
378825,0.01060162599999992,PICSAR
83449,0.0105997440000003,PMFBP1
388882,0.010597449749999655,FAM230I
7161,0.010593445500000076,TP73
53919,0.01059143624999992,SLCO1C1
81854,0.010589280250000055,ZNF205-AS1
728485,0.010587404999999883,ZNF850-DT
100128239,0.010585600500000236,LINC02731
100506405,0.010584951749999849,LOC100506405
2822,0.010584919249999825,GPLD1
100506686,0.0105837649999998,IQCH-AS1
100288432,0.010580811250000544,IL10RB-DT
100129271,0.010577224249999961,KPLCE
54518,0.010574663499999915,APBB1IP
9745,0.010572936250000442,ZNF536
22973,0.010569747499999949,LAMB2P1
10178,0.01056296475000007,TENM1
342897,0.010558897000000123,NCCRP1
1733,0.010553937749999687,DIO1
8632,0.010549376000000166,DNAH17
374739,0.010549136250000313,SPMIP8
51465,0.010547141500000023,UBE2J1
283876,0.010545443250000286,LINC00921
147138,0.010544685499999318,TMC8
8499,0.01053901349999986,PPFIA2
2028,0.010535893249999706,ENPEP
3373,0.010533110750000407,HYAL1
7447,0.010532952249999727,VSNL1
140467,0.010526417500000385,ZNF358
401207,0.010525303750000159,C5orf63
25884,0.010518193750000293,CHRDL2
255025,0.010517425249999324,LINC00879
283471,0.010516184750000601,TMPRSS12
9509,0.010507954000000375,ADAMTS2
368,0.01050755900000011,ABCC6
128859,0.010503529250000199,BPIFB6
9365,0.010491327999999633,KL
11251,0.010491056250000241,PTGDR2
203190,0.010490163250000517,LGI3
26290,0.010480421250000482,GALNT8
10279,0.010480288000000115,PRSS16
128954,0.01047829449999993,GAB4
30811,0.010471615499999753,HUNK
84457,0.010468621749999851,PHYHIPL
8828,0.010467789500000269,NRP2
2672,0.010467738500000046,GFI1
100996583,0.010459599749999882,LOC100996583
100499489,0.010456336250000309,LINC03027
286002,0.010453183250000109,SLC26A4-AS1
5129,0.01045185049999997,CDK18
23217,0.010450182999999669,ZFR2
54558,0.010447135000000163,SPATA6
10507,0.010443310000000317,SEMA4D
2984,0.010440247000000014,GUCY2C
10612,0.010440071499999704,TRIM3
4155,0.010439028250000426,MBP
8909,0.010424386499999994,ENDOU
79098,0.010424179000000144,C1orf116
255762,0.010423339499999962,PDZD9
389336,0.010422585500000192,C5orf46
51066,0.010421973750000202,SSUH2
3909,0.010421683000000126,LAMA3
100506012,0.010418959749999956,PPP5D1P
11170,0.01041863799999998,FAM107A
152578,0.01041628750000001,LINC01618
160728,0.010414093249999645,SLC5A8
503519,0.010413744749999676,LINC00929
2693,0.010410805499999842,GHSR
642924,0.010410517499999994,CIBAR1-DT
4062,0.010398337999999452,LY6H
608,0.010396409500000203,TNFRSF17
7429,0.01038747575000043,VIL1
404266,0.010385499249999874,HOXB-AS3
100507435,0.010385115000000056,DLGAP2-AS1
27240,0.010384828999999929,SIT1
100505989,0.010383875000000042,SMIM31
221191,0.010383290999999684,PRSS54
10665,0.010382837250000332,TSBP1
85294,0.010379893750000146,KRTAP2-4
29760,0.01037128200000037,BLNK
9719,0.010370238500000184,ADAMTSL2
261729,0.010367147500000229,STEAP2
9182,0.01036355000000011,RASSF9
80309,0.010359003250000054,SPHKAP
7051,0.010358939500000108,TGM1
153328,0.010353239500000111,SLC25A48
142940,0.010350605750000241,TRUB1
2208,0.010346408750000258,FCER2
128414,0.010336924750000254,NKAIN4
5164,0.010334272250000165,PDK2
10232,0.01033316225000025,MSLN
2835,0.01033313850000006,GPR12
2330,0.010331409249999979,FMO5
100505683,0.010331002749999652,LINC01431
10563,0.010325693750000031,CXCL13
796,0.010321014999999711,CALCA
26253,0.010320557499999605,CLEC4E
440712,0.010315931499999653,RHEX
138724,0.010315058249999787,SPATA31G1
100128292,0.010311930999999941,DLG5-AS1
10655,0.010311711249999966,DMRT2
118932,0.010305573250000144,ANKRD22
51311,0.010302232249999932,TLR8
100507201,0.010299619750000044,LINC01815
122046,0.01029844124999979,TEX26
23598,0.010297298249999809,PATZ1
115795,0.010296700250000068,FANCD2OS
4923,0.010294923500000053,NTSR1
79742,0.010290566750000174,DIPK2B
1240,0.010290345500000075,CMKLR1
128408,0.010290214249999874,BHLHE23
81849,0.010290101000000274,ST6GALNAC5
126393,0.010287147499999705,HSPB6
84435,0.010275956249999885,ADGRA1
22868,0.01027438025000027,FASTKD2
10819,0.01027414974999985,OR7E14P
3674,0.010269280249999735,ITGA2B
2894,0.01026593025000011,GRID1
118856,0.010265812000000096,MMP21
1521,0.010265437249999732,CTSW
140873,0.010263214750000138,C20orf173
1007,0.010262199500000069,CDH9
27202,0.010261374500000198,C5AR2
153478,0.010255675499999839,PLEKHG4B
4888,0.010254306500000254,NPY6RP
54859,0.010252177749999092,ELP6
5947,0.01025199950000033,RBP1
57732,0.01024892349999984,ZFYVE28
131669,0.010239674749999761,UROC1
3757,0.01023538600000018,KCNH2
100506207,0.010234794250000068,LOC100506207
1133,0.010233053000000325,CHRM5
57167,0.010232893499999562,SALL4
202500,0.010232645250000338,DRC5
57586,0.010232023500000409,SYT13
400941,0.010219951750000345,LINC00487
5158,0.010218925500000253,PDE6B
10866,0.010218549499999785,HCP5
256021,0.010216903750000395,LINC01619
284427,0.010206671749999785,SLC25A41
400120,0.010205078250000277,SERTM1
3702,0.010201739500000251,ITK
5988,0.010198833749999636,RFPL1
100505967,0.010198000749999991,LINC00645
148811,0.010197118249999804,PM20D1
100874253,0.010192442249999711,LINC00853
11178,0.010192001499999659,LZTS1
9832,0.010176767999999559,JAKMIP2
375607,0.01017455750000007,NAT16
64410,0.010172284750000316,KLHL25
283624,0.010168727749999995,LINC00641
1544,0.010165678249999921,CYP1A2
2081,0.010165102249999336,ERN1
5368,0.010156202250000135,PNOC
84651,0.010155626500000015,SPINK7
284654,0.01015384725000068,RSPO1
203074,0.010146124749999874,PRSS55
29091,0.010145711749999897,STXBP6
140689,0.010137234250000127,CBLN4
388815,0.010133478000000196,MIR99AHG
1118,0.010131055249999799,CHIT1
1646,0.01011898475000006,AKR1C2
6401,0.010118082249999993,SELE
8840,0.010117367249999898,CCN4
28659,0.010115112249999836,TRAV24
79802,0.010114301500000256,HHIPL2
22983,0.01011251099999999,MAST1
152330,0.01010987849999978,CNTN4
221223,0.010106356999999733,CES5A
1411,0.010104292999999931,CRYBA1
115350,0.01010345549999947,FCRL1
401124,0.010103235750000383,DTHD1
23225,0.010096997749999392,NUP210
283761,0.010094348249999996,LINC00928
51168,0.010091960250000032,MYO15A
81569,0.010090107999999987,ACTL8
1896,0.010087471250000313,EDA
100506243,0.010087215000000427,KRABD1
100874251,0.010083470749999712,KIRREL3-AS2
56978,0.010083266250000111,PRDM8
51378,0.010082456250000149,ANGPT4
79645,0.010080445749999889,CLXN
25930,0.010078074499999978,PTPN23
54551,0.010077107500000348,MAGEL2
254559,0.01007290499999991,MIR9-3HG
389161,0.01007049099999957,ANKUB1
1311,0.010067806500000387,COMP
255926,0.010067224999999791,ADAM5
134121,0.01006534700000028,CFAP90
53347,0.010061719250000323,UBASH3A
30009,0.010059106750000435,TBX21
266629,0.010050363499999992,SEC14L3
286676,0.010049454249999812,ILDR1
80129,0.010049303500000217,CCDC170
2925,0.010046865500000113,GRPR
200298,0.010044057500000036,LINC00528
114905,0.010043694499999756,C1QTNF7
3002,0.010043404999999783,GZMB
127540,0.010042798249999763,HMGB4
50604,0.010042395749999766,IL20
158399,0.010040313999999828,ZNF483
23544,0.010039936750000145,SEZ6L
144809,0.010031715749999837,FAM216B
10428,0.01002687375000022,CFDP1
100506858,0.010025855000000305,LOC100506858
203286,0.010022666500000277,ANKS6
5406,0.010013886999999944,PNLIP
140731,0.010000037000000184,ANKRD60
54576,0.009989261749999923,UGT1A8
54429,0.009985362000000109,TAS2R5
50488,0.009983397750000123,MINK1
83551,0.009981579999999823,TAAR8
3753,0.009977517499999866,KCNE1
83942,0.009976859500000046,TSSK1B
5596,0.009974700499999933,MAPK4
51083,0.0099654935000002,GAL
100506462,0.009960416500000235,SRD5A3-AS1
63978,0.009957508499999879,PRDM14
55510,0.009956137750000149,DDX43
8740,0.009950125500000073,TNFSF14
388533,0.009949129749999841,KRTDAP
118427,0.00994821524999967,OLFM3
22806,0.00994446325000009,IKZF3
4858,0.009941662750000635,NOVA2
1776,0.009936453749999519,DNASE1L3
56245,0.009936117500000119,EPCIP
2045,0.009929585000000518,EPHA7
152195,0.009921447000000416,NUDT16L2P
5742,0.009918433750000233,PTGS1
55237,0.00991322824999985,VRTN
57495,0.009897073499999909,NWD2
100129935,0.009890534250000194,LOC100129935
57118,0.009890100249999811,CAMK1D
3495,0.009883022999999547,IGHD
51289,0.009882022750000274,RXFP3
51666,0.009878560500000688,ASB4
2978,0.00985958875000037,GUCA1A
199720,0.009856869999999684,GGN
64816,0.00985636900000042,CYP3A43
2700,0.009851031000000177,GJA3
6492,0.00984130750000034,SIM1
140881,0.009839608750000117,DEFB129
114771,0.009839019749999789,PGLYRP3
54088,0.009834079500000037,LINC00113
741,0.009830237000000075,ZNHIT2
978,0.009828115999999998,CDA
284739,0.009827907249999601,C20orf204
492307,0.009821892499999763,PPDPFL
9177,0.009817705000000121,HTR3B
400627,0.009816694750000021,LOC400627
27121,0.00980762600000018,DKK4
81491,0.00980724249999998,GPR63
145270,0.00980655824999932,PRIMA1
5617,0.009804522749999656,PRL
8832,0.009799298999999984,CD84
100505518,0.00979258000000005,EDNRB-AS1
23120,0.00978983475000006,ATP10B
10804,0.009778885499999834,GJB6
149047,0.009778792249999668,MGC27382
170850,0.009777030750000026,KCNG3
22989,0.009775578250000194,MYH15
2026,0.009774608749999913,ENO2
140625,0.009766421999999775,ACTRT2
27178,0.009765811250000311,IL37
84433,0.009765139249999777,CARD11
81696,0.009755185499999985,OR5V1
439941,0.009754820500000427,FER1L6-AS1
731789,0.009747789499999548,FAM238B
9376,0.00974464975,SLC22A8
285577,0.009742476999999639,LINC01019
80325,0.009741626249999857,ABTB1
1259,0.00973995900000002,CNGA1
83446,0.009739694249999875,CCDC70
56475,0.009738628250000048,RPRM
138255,0.00973568775000011,CFAP95
6283,0.009735383000000208,S100A12
10578,0.009735257999999636,GNLY
8756,0.00971871000000002,ADAM7
100507560,0.009714088249999975,LOC100507560
5243,0.009711372499999982,ABCB1
54627,0.009709532250000041,MAP10
85397,0.009706861250000198,RGS8
23460,0.009705513999999749,ABCA6
11093,0.009701846749999632,ADAMTS13
4901,0.009697432500000325,NRL
5653,0.009697289250000019,KLK6
83550,0.009697110500000328,GPR101
285768,0.009691856500000817,LINC01622
100131655,0.009689330000000052,ZNF236-DT
29763,0.009689170750000198,PACSIN3
6863,0.00968326450000001,TAC1
389043,0.009682916000000041,LINC01120
27294,0.009682756000000126,DHDH
28234,0.009680442000000067,SLCO1B3
354,0.00967955474999993,KLK3
8811,0.00967606200000004,GALR2
23601,0.009675943749999583,CLEC5A
2830,0.009675159499999975,GPR6
242,0.009671852250000335,ALOX12B
65975,0.009671657499999986,STK33
1237,0.009668701499999877,CCR8
284451,0.009668168000000144,CIMAP1D
66000,0.009667646999999668,TMEM108
85569,0.009664314250000583,GALP
414301,0.009663949500000157,DDI1
219770,0.009662783000000008,GJD4
8999,0.009662058500000015,CDKL2
1812,0.009659855500000258,DRD1
57007,0.009659703499999672,ACKR3
83416,0.00965848449999962,FCRL5
54738,0.009655188499999579,FEV
1030,0.009653571749999923,CDKN2B
100507098,0.00965148700000018,ADAMTS9-AS2
115273,0.009649803499999887,RAB42
80832,0.00964520124999968,APOL4
9099,0.009644983500000315,USP2
51151,0.009640976000000467,SLC45A2
7517,0.009640598000000278,XRCC3
390058,0.009639640999999699,OR51B6
57633,0.009634054749999788,LRRN1
23329,0.009627962249999733,TBC1D30
4610,0.009625169749999607,MYCL
5625,0.009620603750000178,PRODH
1232,0.009618563750000142,CCR3
284353,0.009617066499999716,NKPD1
554279,0.009613405250000095,LINC00862
55806,0.009613378000000061,HR
8547,0.009609194500000307,FCN3
168741,0.009604283999999907,PER3P1
28685,0.009603675000000145,TRAV8-1
26247,0.009602306000000116,OR2L1P
100506769,0.009599318000000245,C10orf71-AS1
284865,0.0095972759999996,LINC02891
10077,0.009596630749999946,TSPAN32
3356,0.009592915749999875,HTR2A
100128653,0.009590581999999959,LOC100128653
23237,0.009589631999999959,ARC
9037,0.009585329000000087,SEMA5A
3694,0.00958229775000019,ITGB6
100507443,0.009581319000000033,LOC100507443
79368,0.009574985500000022,FCRL2
374569,0.009563367249999732,ASPG
114036,0.009563049500000087,LINC00310
3171,0.009560716500000233,FOXA3
55964,0.00955490800000014,SEPTIN3
5925,0.009552884999999733,RB1
9398,0.0095514015,CD101
128674,0.009551166499999653,PROKR2
5923,0.009546365499999432,RASGRF1
140902,0.009546358250000164,R3HDML
400500,0.009543244249999638,BCAR4
4796,0.00954218849999977,TONSL
8074,0.00954203724999969,FGF23
747,0.009541038500000099,DAGLA
1401,0.009536491250000445,CRP
5346,0.009533927500000594,PLIN1
79958,0.00953238274999979,DENND1C
3824,0.009531653749999869,KLRD1
1029,0.009529050499999858,CDKN2A
100130987,0.009528576499999719,LOC100130987
84171,0.009527683499999773,LOXL4
3508,0.009524579749999873,IGHMBP2
976,0.00952364750000001,ADGRE5
57481,0.009523393499999866,KIAA1210
171389,0.009522251750000432,NLRP6
728882,0.009519663749999907,FAM182B
64106,0.009518538750000083,NPFFR1
100506755,0.009513114250000232,MIR497HG
56243,0.009512851749999829,KIAA1217
9730,0.009510871500000295,DCAF1
9963,0.009509988500000066,SLC23A1
9752,0.009509189750000147,PCDHA9
112885,0.00950869100000018,PHF21B
11278,0.00950812199999973,KLF12
26333,0.00950599349999992,OR7A17
2048,0.009503962500000185,EPHB2
163175,0.009503564750000137,LGI4
9830,0.00950267899999968,TRIM14
389458,0.009494482000000026,RBAKDN
462,0.009491186250000005,SERPINC1
127294,0.009488434749999719,MYOM3
55784,0.009487699749999745,MCTP2
9096,0.009479641750000045,TBX18
56977,0.009479304000000077,STOX2
128602,0.009476487500000186,CIMIP1
6092,0.009474896249999532,ROBO2
388323,0.009470636749999706,GLTPD2
100507540,0.009470320500000184,LINC01504
4887,0.009470137500000142,NPY2R
283694,0.009469576000000313,OR4N4
3233,0.009468869500000032,HOXD4
5655,0.009468440500000064,KLK10
100506681,0.009466177500000228,JARID2-AS1
2980,0.009466032249999756,GUCA2A
6011,0.009458636249999763,GRK1
3359,0.00945822800000018,HTR3A
3742,0.009453808250000417,KCNA6
797,0.009449549250000189,CALCB
6657,0.009446916999999999,SOX2
2255,0.009445068750000285,FGF10
5305,0.00944500350000066,PIP4K2A
161253,0.009444769750000415,REM2
2833,0.009443042750000075,CXCR3
1783,0.00943628250000117,DYNC1LI2
10911,0.009434377499999869,UTS2
4684,0.009434328250000235,NCAM1
121506,0.009431798750000109,ERP27
164684,0.00942894750000045,WBP2NL
100506113,0.009428835249999823,UVRAG-DT
3177,0.009424731250000207,SLC29A2
27336,0.0094167220000001,HTATSF1
4922,0.00941639549999973,NTS
56899,0.009407146250000054,ANKS1B
6588,0.009404499750000017,SLN
3882,0.009398236500000046,KRT32
3853,0.009395349000000053,KRT6A
5310,0.009394569249999929,PKD1
440854,0.009393388500000377,CAPN14
642587,0.009392594499999962,MIR205HG
10942,0.009390239750000529,PRSS21
146857,0.009390096000000181,SLFN13
2774,0.009390014250000522,GNAL
100505938,0.009389923749999696,ICA1-AS1
441355,0.009389223749999509,MIR2052HG
644139,0.009388391999999968,PIRT
9407,0.009386099999999953,TMPRSS11D
2775,0.009385828250000117,GNAO1
54714,0.009384297750000492,CNGB3
317716,0.009382045250000193,BPIFA4P
151295,0.00937991525000026,SLC23A3
5149,0.009378798500000673,PDE6H
10500,0.009378215749999974,SEMA6C
64806,0.009374886999999887,IL25
245938,0.009374676500000234,DEFB125
8128,0.009372383500000137,ST8SIA2
245802,0.009371676999999856,MS4A6E
27296,0.009367023000000252,TP53TG5
55130,0.009365162750000433,ODAD2
90865,0.009363696749999928,IL33
2914,0.00935513899999929,GRM4
100133311,0.009346337499999802,HOXA-AS3
2886,0.00934202424999997,GRB7
4958,0.009339943750000135,OMD
57113,0.009334361499999666,TRPC7
161291,0.009331651250000128,CDC50B
92292,0.009330101499999799,GLYATL1
92369,0.009326522750000343,SPSB4
84570,0.009326171250000126,COL25A1
148,0.009325415999999809,ADRA1A
5957,0.009324829749999708,RCVRN
84941,0.009321911749999856,HSH2D
51146,0.009321649250000341,A4GNT
89777,0.009311872250000075,SERPINB12
128861,0.009311191500000149,BPIFA3
50700,0.00930913649999976,RDH8
6768,0.009302756499999898,ST14
84740,0.009297713250000061,AFAP1-AS1
2740,0.009293255750000284,GLP1R
54836,0.009292921499999718,BSPRY
10047,0.009288244500000431,CST8
1137,0.009286873500000237,CHRNA4
4109,0.009282947500000027,MAGEA10
189,0.009281951000000177,AGXT
157869,0.009281254749999857,SBSPON
170575,0.009277098749999713,GIMAP1
84557,0.009275644000000138,MAP1LC3A
4969,0.00927561649999964,OGN
53616,0.009272704250000263,ADAM22
2703,0.009271774250000142,GJA8
282775,0.009270347499999332,OR5J2
116519,0.009264827750000482,APOA5
5004,0.009259735250000123,ORM1
123872,0.009258012999999732,DNAAF1
776,0.009248755249999796,CACNA1D
57795,0.009246194500000193,BRINP2
84539,0.00924147349999993,MCHR2
921,0.00923974200000055,CD5
3479,0.009236774499999711,IGF1
9705,0.009236192000000365,ST18
5322,0.009235178249999976,PLA2G5
285126,0.009234839999999966,DNAJC5G
81501,0.009232542250000364,DCSTAMP
2922,0.009231190499999986,GRP
196047,0.009228759249999996,EMX2OS
388336,0.009220698250000048,SHISA6
3762,0.009220299250000341,KCNJ5
64409,0.009217192749999992,GALNT17
7103,0.009211787999999999,TSPAN8
930,0.009206139999999863,CD19
51059,0.009206097000000302,FAM135B
198437,0.009201478749999659,LKAAEAR1
1356,0.009200628249999898,CP
388630,0.009199048750000216,TRABD2B
100129858,0.00919892124999988,SCOC-AS1
9064,0.009196631749999629,MAP3K6
56156,0.009195106249999974,TEX13B
83867,0.009192964999999997,TTTY12
4892,0.009192894999999979,NRAP
154215,0.009184221250000402,NKAIN2
100507513,0.009182120999999821,LOC100507513
80161,0.009181436500000029,ASMTL-AS1
57758,0.009178797749999745,SCUBE2
9496,0.009174599250000082,TBX4
255626,0.009173629250000204,H2BC1
5740,0.009172368749999826,PTGIS
100132356,0.009170972750000228,LOC100132356
6286,0.009164812249999876,S100P
100506660,0.009160407750000044,DDX11-AS1
51050,0.009153835250000242,PI15
57569,0.009145056499999527,ARHGAP20
338785,0.009134427500000264,KRT79
2702,0.009134423499999933,GJA5
84692,0.009134016749999585,CCDC54
219793,0.009132074750000108,TBATA
100289495,0.00912984175000009,LOC100289495
54207,0.009127847999999883,KCNK10
100996301,0.009126741750000278,FOXD3-AS1
26103,0.009125090750000009,LRIT1
1996,0.00912420975000039,ELAVL4
50945,0.009122955750000106,TBX22
84502,0.009115902249999586,JPH4
57194,0.009103921000000348,ATP10A
285598,0.00910094224999991,ARL10
153469,0.009097867249999947,JAKMIP2-AS1
440119,0.009097419750000002,FZD10-AS1
60680,0.009096652500000246,CELF5
84654,0.00909659900000026,SPZ1
11135,0.00909512775000021,CDC42EP1
3037,0.009094391499999688,HAS2
4645,0.00909419875000017,MYO5B
284076,0.009090848249999617,TTLL6
153163,0.009089853999999953,SNCAIP-AS3
1830,0.009089360749999997,DSG3
1208,0.009088167249999834,CLPS
55024,0.009078761750000108,BANK1
10610,0.009077974249999787,ST6GALNAC2
107,0.009075392249999759,ADCY1
1993,0.009074055250000157,ELAVL2
1553,0.00907340525000011,CYP2A13
2266,0.009071704250000145,FGG
57471,0.009068508500000405,ERMN
25984,0.009062050999999904,KRT23
196415,0.00905915249999989,LINC02909
57101,0.00905144499999988,ANO2
23109,0.009044913499999918,DDN
59272,0.009044307500000404,ACE2
257068,0.009039247999999667,PLCXD2
8715,0.009037930249999881,NOL4
57217,0.009035327999999954,TTC7A
6493,0.00903245750000048,SIM2
4342,0.009025331000000136,MOS
338328,0.009023173999999745,GPIHBP1
926,0.009022160500000265,CD8B
222643,0.00901875824999987,UNC5CL
668,0.009016283250000257,FOXL2
341640,0.009014974999999925,FREM2
2306,0.009012151999999496,FOXD2
7305,0.009008597499999826,TYROBP
56107,0.00900640749999937,PCDHGA9
100996295,0.009006281250000026,DNAH17-AS1
129804,0.009004592250000165,FBLN7
10278,0.009002263500000218,EFS
6369,0.009002046500000027,CCL24
100507203,0.00899807000000008,SMLR1
57111,0.008988903250000568,RAB25
10881,0.008988605999999955,ACTL7A
2880,0.008988308500000208,GPX5
100505746,0.00898524349999974,ITGB2-AS1
9569,0.008980235249999247,GTF2IRD1
3662,0.008977335749999149,IRF4
124925,0.008975364999999957,SEZ6
2215,0.008972517999999763,FCGR3B
157724,0.008971429500000294,SLC7A13
489,0.008970966750000198,ATP2A3
100132234,0.008967969750000027,LINC00543
647323,0.008964363250000051,LINC02026
3458,0.008959553999999592,IFNG
55530,0.008958632250000154,SVOP
9028,0.00895840625000055,RHBDL1
283847,0.008955886249999878,TERB1
2299,0.00895305575000016,FOXI1
85439,0.008949508500000203,STON2
7380,0.00894828574999984,UPK3A
89792,0.008947441499999709,GAL3ST3
100862704,0.00894620974999949,RB1-DT
1760,0.008941794749999676,DMPK
1630,0.008939881499999913,DCC
392465,0.008938873999999597,GLOD5
199699,0.008936042499999797,DAND5
64375,0.00893467449999985,IKZF4
7225,0.008931841999999968,TRPC6
1378,0.008929313250000348,CR1
127707,0.008927625500000147,KLHDC7A
2153,0.00892315024999979,F5
286128,0.008922912499999658,ZFP41
387104,0.008916426499999908,MTCL3
116085,0.00891612850000012,SLC22A12
8814,0.008913737999999949,CDKL1
81697,0.008911952000000056,OR2B2
266917,0.008909969499999892,D21S2088E
26872,0.008907639499999398,STEAP1
387978,0.0089067970000003,LINC01551
29881,0.00890452024999977,NPC1L1
84985,0.008901604500000104,SACK1A
63928,0.008899130749999706,CHP2
284525,0.0088964847500006,SLC9C2
7350,0.008895853249999863,UCP1
8631,0.008894944999999765,SKAP1
100131816,0.008894265249999922,UBE2DNL
126526,0.008893908750000179,C19orf47
816,0.008893672749999748,CAMK2B
125206,0.00889109325000037,SLC5A10
26047,0.008888522999999982,CNTNAP2
3232,0.008885822499999918,HOXD3
8290,0.008885257500000243,H3-4
2983,0.008883950750000036,GUCY1B1
7101,0.008883033250000505,NR2E1
732,0.00887905674999967,C8B
256126,0.008876464499999681,SYCE2
3239,0.00887313249999977,HOXD13
6656,0.008872286999999979,SOX1
4808,0.00887165550000013,NHLH2
4759,0.00886569150000005,NEU2
317701,0.008860428749999816,VN1R2
64111,0.00885993049999989,NPVF
4582,0.008859460750000103,MUC1
286370,0.00885939424999993,MIR4290HG
28514,0.00884994075000023,DLL1
9173,0.00884853225000004,IL1RL1
1088,0.0088431717500006,CEACAM8
339874,0.008840376999999844,NUDT16-DT
6338,0.008835049750000046,SCNN1B
729956,0.008834210749999905,SHISA7
283677,0.008832857249999826,REC114
7136,0.008832267500000324,TNNI2
135250,0.008825796750000059,RAET1E
118738,0.008825445749999883,ZNF488
219972,0.008819547749999934,MPEG1
414926,0.008815904750000048,LINC00593
1833,0.00881414650000023,EPYC
136853,0.008811068249999998,SSC4D
54941,0.008809086499999896,RNF125
5133,0.008808686999999704,PDCD1
81621,0.008808094749999995,KAZALD1
84281,0.008806027499999924,AKAP19
2641,0.008805122750000116,GCG
7471,0.008794277500000058,WNT1
7007,0.008794004499999897,TECTA
5918,0.008792904999999962,RARRES1
100506125,0.008786798500000081,ADCY6-DT
81786,0.008786796000000763,TRIM7
2832,0.00878595300000029,NPBWR2
7201,0.008768829999999728,TRHR
64232,0.008766244500000298,MS4A5
23228,0.008764440000000207,PLCL2
58495,0.008764088249999968,OVOL2
254956,0.008763552250000028,MORN5
2038,0.008759810749999541,EPB42
90665,0.008756200000000103,TBL1Y
339541,0.008754999749999826,ARMH1
5579,0.00875254450000007,PRKCB
92241,0.008748699499999901,RCSD1
10083,0.008748506000000322,USH1C
6750,0.008747710500000228,SST
126410,0.00874393650000016,CYP4F22
84689,0.008739734499999763,MS4A14
2646,0.008739492250000147,GCKR
13,0.008736212500000562,AADAC
785,0.008733863499999828,CACNB4
100505624,0.008729564499999398,GTF3C2-AS1
121278,0.008729156500000279,TPH2
881,0.008728628499999669,CCIN
390595,0.008727063999999896,UBAP1L
167691,0.00871473049999949,LCA5
651430,0.008714302250000028,FLJ38576
23614,0.008710487499999697,PPY2P
26027,0.008709783499999624,ACOT11
285045,0.008706687250000122,LINC00486
1446,0.008699379500000326,CSN1S1
83758,0.0086914517500003,RBP5
23630,0.008686397749999575,KCNE5
577,0.008685653249999703,ADGRB3
131920,0.008685342250000616,TMEM207
2645,0.008684143249999554,GCK
350,0.008683883000000225,APOH
4689,0.008682933000000226,NCF4
8354,0.008676641000000096,H3C11
100506115,0.0086750874999999,PELATON
91703,0.008669515499999836,ACY3
10900,0.008665998750000181,RUNDC3A
8900,0.008662449749999634,CCNA1
100507428,0.008658404250000196,LINC00458
84658,0.008645857500000353,ADGRE3
170690,0.008644137250000128,ADAMTS16
4613,0.008643056250000392,MYCN
91544,0.008642051250000282,UBXN11
6532,0.008638718499999865,SLC6A4
51802,0.00863766900000007,ASIC5
54757,0.008634037749999823,FAM20A
100130249,0.008628026999999872,LINC02961
55540,0.008625394750000126,IL17RB
4049,0.008621310999999743,LTA
169166,0.00862098875000017,SNX31
1463,0.008619503749999868,NCAN
844,0.008618292500000457,CASQ1
340390,0.008617351000000273,WDR97
55663,0.008616236999999582,ZNF446
3713,0.008615260750000076,IVL
5743,0.008609955749999898,PTGS2
9622,0.00860358225000013,KLK4
3933,0.008598037249999635,LCN1
8854,0.00859547450000031,ALDH1A2
54106,0.008592985000000386,TLR9
100852409,0.008591060499999692,NEGR1-IT1
221938,0.008588069999999615,MMD2
4129,0.008579731250000222,MAOB
10816,0.008577088750000073,SPINT3
80816,0.008574725499999936,ASXL3
100506343,0.008574630750000534,INKA2-AS1
6910,0.008574315249999742,TBX5
5456,0.00857275099999999,POU3F4
4261,0.008566927250000411,CIITA
64902,0.008553039499999748,AGXT2
8626,0.008549055000000472,TP63
8456,0.008534596499999658,FOXN1
2251,0.008534092499999701,FGF6
27133,0.008528987749999661,KCNH5
222584,0.008527947749999765,SACK1B
923,0.008524704249999626,CD6
80022,0.008523807250000015,MYO15B
57419,0.008522846500000014,SLC24A3
149954,0.008519141249999862,BPIFB4
11001,0.008518833250000135,SLC27A2
256076,0.008516991750000091,COL6A5
3362,0.008515535249999928,HTR6
254263,0.008511559500000043,CNIH2
5540,0.008510965999999787,NPY4R
219736,0.00851013775000009,STOX1
6559,0.008508516499999619,SLC12A3
26045,0.00850841775000033,LRRTM2
53336,0.008501761499999816,CPXCR1
100302650,0.00849970599999983,BABAM2-AS1
8688,0.008499185249999819,KRT37
2670,0.00849872549999997,GFAP
117245,0.00849486449999981,PLAAT5
128864,0.008494322500000262,C20orf144
55916,0.008494082500000388,NXT2
3785,0.008493340999999877,KCNQ2
79057,0.008492761249999425,PRRG3
64711,0.008491979000000427,HS3ST6
63974,0.008488245000000116,NEUROD6
1394,0.008486168250000148,CRHR1
55532,0.00848550225000011,SLC30A10
64900,0.008482647249999697,LPIN3
5003,0.008479887750000081,SLC67A1-AS
3077,0.0084797550000002,HFE
43849,0.00847447974999982,KLK12
752,0.008470349500000474,FMNL1
9704,0.008466051500000127,DHX34
9472,0.008463289500000304,AKAP6
140686,0.00846320750000018,WFDC3
83897,0.008460804749999884,KRTAP3-2
815,0.00845193100000019,CAMK2A
2538,0.00844761149999984,G6PC1
58511,0.008447098500000028,DNASE2B
84239,0.008446462500000251,ATP13A4
166012,0.008444004000000227,CHST13
7783,0.008443980000000018,ZP2
342574,0.008443280249999852,KRT27
157855,0.008442863250000432,KCNU1
11199,0.00844161475000016,ANXA10
10368,0.008438904249999712,CACNG3
54544,0.0084353092499998,CRCT1
10320,0.008435266000000219,IKZF1
339855,0.008433669249999554,KY
7287,0.008428123999999926,TULP1
285692,0.008426157999999795,LINC02112
9597,0.008416859749999617,SMAD5-AS1
55553,0.008414867499999978,SOX6
2868,0.00841390750000004,GRK4
647219,0.008413411499999857,ASCL5
25769,0.008413130000000102,SLC24A2
56901,0.008412792749999731,COXFA4L2
4118,0.008411015500000119,MAL
8857,0.008410073249999872,FCGBP
7274,0.008408313500000375,TTPA
7498,0.008408106499999679,XDH
3932,0.008396687249999424,LCK
85407,0.008395054999999818,NKD1
100128511,0.008394531250000448,NEBL-AS1
6527,0.008393730000000321,SLC5A4
135295,0.00839288874999955,SRSF12
1821,0.00839169350000013,DRP2
120224,0.008378521500000069,TMEM45B
250,0.008374660000000311,ALPP
148930,0.00836780724999997,KNCN
133688,0.008366915999999947,UGT3A1
5224,0.00836445699999988,PGAM2
155,0.00835374575000003,ADRB3
140862,0.008352469750000147,ISM1
399717,0.008351288249999644,GATA3-AS1
340074,0.008350998750000116,SLC25A48-AS1
100130717,0.008347638750000108,HDHD5-AS1
10633,0.008346920749999764,RASL10A
158584,0.008345639749999911,FAAH2
5207,0.008343065249999837,PFKFB1
79843,0.008340190000000192,FAM124B
30819,0.00833963924999992,KCNIP2
57578,0.008339424749999935,UNC79
3861,0.008337438749999926,KRT14
30837,0.008335380250000135,SOCS7
63910,0.008333126750000197,SLC17A9
5553,0.008331953499999933,PRG2
256472,0.008331858750000087,TMEM151A
64321,0.008329827749999907,SOX17
6671,0.008325595999999713,SP4
9288,0.008323574000000278,TAAR3P
284677,0.008321876250000138,SNHG28
4956,0.008316710999999977,ODF1
221981,0.008314368999999822,THSD7A
5046,0.008314304999999855,PCSK6
1298,0.008312246250000044,COL9A2
728095,0.008311501999999749,SLIT3-AS1
286006,0.008309764499999872,LSMEM1
5141,0.008307886499999917,PDE4A
150384,0.008307866000000441,GTSE1-DT
4050,0.008305514999999541,LTB
287015,0.008300677250000277,TRIM42
4007,0.008298332999999936,PRICKLE3
388182,0.00829573175000009,SPATA41
55966,0.00829486250000011,AJAP1
4647,0.008293968749999436,MYO7A
93082,0.008291377499999975,NEURL3
8368,0.008284644250000195,H4C13
728039,0.008283545500000322,SSR4P1
5078,0.008283149249999955,PAX4
140628,0.008278753249999937,GATA5
491,0.008271564000000176,ATP2B2
9687,0.008270989999999756,GREB1
389320,0.00826548675000005,SPMIP10
138240,0.008263417000000217,C9orf57
50832,0.008262774999999944,TAS2R4
9633,0.008262655999999868,TESMIN
727944,0.008262578999999715,LINC01874
92196,0.008261192249999993,DAPL1
84446,0.008260695500000637,BRSK1
2559,0.008260637249999814,GABRA6
51438,0.008259537000000261,MAGEC2
8497,0.00825764299999987,PPFIA4
390874,0.008256680250000148,ONECUT3
2301,0.008256027750000339,FOXE3
155368,0.008254436499999684,METTL27
441054,0.00825418975000014,CFAP96
9568,0.008247517250000058,GABBR2
113178,0.008247106249999803,SCAMP4
51473,0.008243163750000004,DCDC2
79012,0.00824274699999994,CAMKV
339390,0.008237943000000136,CLEC4G
100505877,0.008236454749999567,UBE2E2-DT
285796,0.008236138000000004,PACRG-AS1
3603,0.00823089450000003,IL16
388942,0.008229253250000124,LINC01913
155051,0.008228153499999724,CRYGN
26343,0.008224878249999623,OR5E1P
4633,0.008222640750000565,MYL2
10261,0.00821361825000011,IGSF6
170691,0.008207803499999944,ADAMTS17
124565,0.008206531999999989,SLC38A10
154288,0.008205032749999841,KHDC3L
356,0.008201935499999813,FASLG
942,0.008198684749999963,CD86
5502,0.008197251499999503,PPP1R1A
164312,0.00819650524999993,LRRN4
216,0.0081938815,ALDH1A1
1592,0.00819306874999981,CYP26A1
100128946,0.008190845750000175,LINC01310
57121,0.008190198249999892,LPAR5
10742,0.008189150999999839,RAI2
339345,0.008189047000000116,NANOS2
60529,0.008185622000000059,ALX4
83648,0.008182748000000295,FAM167A
5005,0.00818049324999981,ORM2
9890,0.008180458750000064,PLPPR4
387316,0.008180151499999955,VN1R10P
401145,0.008168389250000185,CCSER1
100874074,0.008167229750000171,DLEU7-AS1
55879,0.008166514999999652,GABRQ
130574,0.008165796250000135,LYPD6
6366,0.008159245499999912,CCL21
758,0.008157811000000237,MPPED1
56154,0.008156316250000017,TEX15
1438,0.008154009749999691,CSF2RA
2899,0.008144234250000437,GRIK3
285878,0.008144225000000116,VSTM2A-OT1
6356,0.008142610250000626,CCL11
1143,0.008139262499999855,CHRNB4
100287902,0.00813809199999982,LGALS8-AS1
53632,0.00813353924999971,PRKAG3
57134,0.008122837749999778,MAN1C1
3442,0.008120241249999882,IFNA5
144193,0.008119867750000065,AMDHD1
140,0.008116692749999821,ADORA3
1804,0.008116285249999855,DPP6
90527,0.008115398999999801,DUOXA1
4283,0.00810099175000012,CXCL9
730227,0.008099744999999547,BTG2-DT
2834,0.008098062000000184,PRLHR
733,0.008097114999999988,C8G
23746,0.008095574750000445,AIPL1
2857,0.008091632000000182,GPR34
100631378,0.008087688499999857,WDR87BP
10637,0.008083714500000116,LEFTY1
219670,0.008082729749999906,ENKUR
285973,0.008082571749999712,ATG9B
1268,0.00808188749999994,CNR1
100885775,0.008081748000000388,BANCR
90499,0.00807941525000011,FAM95A
27129,0.008078777749999766,HSPB7
9750,0.00807336900000033,RIPOR2
130106,0.008073115499999783,CIB4
731424,0.008069455499999822,MIR3945HG
100507274,0.008067724999999637,LINC01210
133482,0.008063841749999856,SLCO6A1
4100,0.008061966500000128,MAGEA1
51267,0.008061946999999847,CLEC1A
100289187,0.008057863249999908,TMEM225B
430,0.008056752749999951,ASCL2
2307,0.008052522499999881,FOXS1
28773,0.008045848500000119,IGLV9-49
93668,0.008042572249999935,HPYR1
10886,0.008040033250000356,NPFFR2
28809,0.008034091499999896,IGLV3-1
170302,0.008030632749999711,ARX
93034,0.008027616499999723,NT5C1B
113220,0.008020082249999838,KIF12
4993,0.008017275499999865,OR2C1
26188,0.008016223999999905,OR1C1
100131827,0.008014332999999763,ZNF717
114783,0.008014127000000482,LMTK3
1395,0.008009919500000073,CRHR2
116173,0.007999131749999666,CMTM5
148252,0.007998813750000444,DIRAS1
6688,0.00799024900000056,SPI1
222255,0.007981873249999882,ATXN7L1
140711,0.007981382250000557,TLDC2
6822,0.007981171249999974,SULT2A1
56853,0.007979464499999978,CELF4
80133,0.0079793549999998,MROH9
2780,0.00797930775000033,GNAT2
373861,0.00796977624999995,H1-9P
84929,0.007968728499999855,FIBCD1
286436,0.00796264624999976,H2BW2
6487,0.007960320250000041,ST3GAL3
100131825,0.007958715250000026,CADM3-AS1
1917,0.007954175000000063,EEF1A2
2972,0.007953966499999687,BRF1
56157,0.007953121749999514,TEX13A
200958,0.007935732750000035,MUC20
3642,0.007935179499999556,INSM1
339400,0.007931402750000593,CCDST
340554,0.007927532250000091,ZC3H12B
27201,0.007926553500000377,GPR78
810,0.007924552750000036,CALML3
115004,0.007917365750000016,CGAS
158401,0.007915600000000023,SHOC1
22797,0.007914628750000041,TFEC
94137,0.00790696000000013,RP1L1
90113,0.007905626500000373,VWA5B2
141,0.00790458724999965,ADPRH
79814,0.007904161499999951,AGMAT
80341,0.007903734250000127,BPIFB2
952,0.00790201849999983,CD38
313,0.007901948749999832,AOAH
219347,0.007900509500000208,TMEM254-AS1
2918,0.007898021000000366,GRM8
222183,0.007895060500000106,SRRM3
84647,0.00789134225000021,PLA2G12B
100093698,0.007888684999999729,GS1-600G8.3
55016,0.0078830102499996,MARCHF1
55107,0.007877907000000128,ANO1
8320,0.007876891750000059,EOMES
5992,0.007873706999999452,RFX4
54102,0.007873449499999463,CLIC6
388419,0.007871471000000074,BTBD17
9914,0.007865694499999965,ATP2C2
270,0.007865243499999952,AMPD1
645974,0.007863386749999979,PABPC1L2B
100506585,0.007858343749999719,PTPRN2-AS1
60675,0.00784958325000007,PROK2
729614,0.007844790750000108,SPEN-AS1
11045,0.00784269925000003,UPK1A
7173,0.007839781749999997,TPO
4355,0.007837056249999641,MPP2
3627,0.007836856249999968,CXCL10
199675,0.007833492750000115,MCEMP1
2862,0.00783319575000041,MLNR
10242,0.007832231999999717,KCNMB2
81607,0.007831094999999788,NECTIN4
1580,0.00783057649999952,CYP4B1
348761,0.007827198249999778,SPATA3-AS1
27023,0.007825906750000389,FOXB1
2649,0.007817561750000035,NR6A1
147011,0.00781556874999989,PROCA1
2668,0.0078126644999994,GDNF
256536,0.007808923749999863,TCERG1L
50632,0.007807899499999937,CALY
4915,0.007807237499999786,NTRK2
79695,0.00780412174999956,GALNT12
624,0.007802966499999897,BDKRB2
150291,0.007802423750000287,MORC2-AS1
7006,0.007802229500000202,TEC
340547,0.007799034749999656,VSIG1
9038,0.007798772250000141,TAAR5
157807,0.00779758099999972,CLVS1
3598,0.007793801250000065,IL13RA2
220074,0.007792443249999614,LRTOMT
2892,0.007791559250000191,GRIA3
146336,0.0077867935,SSTR5-AS1
353500,0.0077843790000002855,BMP8A
6506,0.007782102249999312,SLC1A2
126014,0.007781089999999935,OSCAR
84366,0.007780889999999818,PRAC1
7062,0.007779692000000171,TCHH
127255,0.007775619250000254,LRRIQ3
50615,0.007772743749999922,IL21R
283999,0.007772217500000345,TMEM235
348825,0.007768055499999704,TPRXL
15,0.007766501749999932,AANAT
79784,0.007763482249999676,MYH14
6457,0.007759917000000227,SH3GL3
114041,0.007752558750000027,B3GALT5-AS1
257,0.007750770249999928,ALX3
117532,0.007745001500000015,TMC2
64098,0.00774349799999996,PARVG
255082,0.00774199125000008,CASC2
338339,0.00773679025000007,CLEC4D
221400,0.0077367197500000096,TDRD6
100874051,0.007736092500000069,LZTS1-AS1
653160,0.0077315937499995435,GPR199P
27306,0.007728498000000084,HPGDS
2840,0.007725016250000216,GPR17
146212,0.007714834750000232,KCTD19
222611,0.007713560249999585,ADGRF2P
84684,0.00770727750000022,INSM2
91977,0.0077060087500000485,MYOZ3
55356,0.0077040467500002485,SLC22A15
28595,0.0076991362499998495,TRBV7-3
148808,0.007697339249999935,SLC60A1
56341,0.007693154500000077,PRMT8
4821,0.007692915749999862,NKX2-2
128821,0.007690865749999887,CST9L
4010,0.007684558250000251,LMX1B
5008,0.007678356999999636,OSM
3120,0.007678186249999719,HLA-DQB2
89822,0.007677651749999903,KCNK17
84777,0.007677434000000094,DLGAP1-AS2
125058,0.007672825750000278,TBC1D16
221409,0.0076684447500001696,SPATS1
29999,0.007667578750000459,FSCN3
27198,0.007665381749999867,HCAR1
7802,0.00766510975000001,DNALI1
2185,0.007657210749999699,PTK2B
26228,0.007655554249999863,STAP1
55607,0.007654168999999822,PPP1R9A
84694,0.00765332449999967,GJA10
9840,0.00765286049999947,TESPA1
56834,0.007652740999999796,GPR137
136259,0.007651209500000089,KLF14
3360,0.007648702000000007,HTR4
10317,0.007648372749999854,B3GALT5
196403,0.007645317749999769,DTX3
64478,0.007643052500000191,CSMD1
27128,0.00764121474999957,CYTH4
3117,0.007640106750000264,HLA-DQA1
114757,0.00763970824999971,CYGB
2638,0.007638124500000121,GC
140850,0.007632744250000378,DEFB127
85352,0.007627745000000186,SHISAL1
3587,0.0076222789999995655,IL10RA
100505540,0.007621196749999726,SLIT1-AS1
142686,0.007620792750000049,ASB14
645687,0.00761970249999977,LINC00520
3630,0.007617772250000154,INS
388284,0.0076154552500002914,C16orf86
3361,0.007615239999999801,HTR5A
2568,0.0076133545000001135,GABRP
79846,0.007612371500000492,CFAP69
259215,0.007611221749999952,LY6G6F
5588,0.007609752250000046,PRKCQ
9563,0.0076095542499996505,H6PD
51297,0.007603320000000302,BPIFA1
56547,0.0076015384999994495,MMP26
282997,0.007597294249999997,PDCD4-AS1
1044,0.007593896749999995,CDX1
165186,0.007592033000000331,TOGARAM2
9152,0.007591882000000272,SLC6A5
5644,0.007591809000000005,PRSS1
143379,0.007591616250000044,SPMIP5
26212,0.007588072750000396,OR2B6
2572,0.007587152250000173,GAD2
220296,0.007586913250000382,HEPACAM
196475,0.007585595250000132,RMST
1798,0.0075834449999998554,DPAGT1
7809,0.007581714750000579,BSND
284680,0.0075766484999997274,SPATA46
8786,0.007571025750000349,RGS11
94026,0.007570712499999743,POM121L2
79413,0.007569196750000007,ZBED2
10716,0.007566057500000056,TBR1
83639,0.007566005000000153,TEX101
647589,0.0075635320000002615,ANHX
27071,0.007561661249999574,DAPP1
83401,0.007560212250000031,ELOVL3
255101,0.00756009124999979,CFAP65
147945,0.007556161249999693,NLRP4
100507034,0.0075560225000002035,PITRM1-AS1
84889,0.007555353499999473,SLC7A3
285852,0.007554987500000276,TREML4
5657,0.007553517249999864,PRTN3
116449,0.0075527252500000586,CLNK
122042,0.007549282249999845,RXFP2
8749,0.0075491929999995655,ADAM18
85441,0.007548825250000224,HELZ2
619207,0.007546963500000281,SCART1
54210,0.007541665500000239,TREM1
887,0.007538597749999543,CCKBR
9718,0.0075372190000004835,ECE2
135656,0.007537097750000221,MUCL3
401546,0.007531727499999974,C9orf152
221391,0.007525839999999562,OPN5
2692,0.007516561999999949,GHRHR
266743,0.007515252249999715,NPAS4
2904,0.007511480499999834,GRIN2B
131873,0.007506789000000236,COL6A6
4295,0.007505517999999434,MLN
440952,0.007505219000000007,EIF1B-AS1
63904,0.007504674249999788,DUSP21
1571,0.00750413899999991,CYP2E1
10004,0.0075032397500001125,NAALADL1
23415,0.007498324000000167,KCNH4
66037,0.007487526999999883,BOLL
84952,0.007483838999999826,CGNL1
116933,0.007482949249999926,CLRN1-AS1
157983,0.007480118499999744,DOCK8-AS1
8618,0.007479058749999545,CADPS
150379,0.007478155000000264,PNPLA5
64788,0.007476513250000316,LMF1
482,0.007476100749999937,ATP1B2
7903,0.007471845500000018,ST8SIA4
1832,0.007470946999999839,DSP
474,0.007467585500000151,ATOH1
8471,0.007466248249999197,IRS4
439916,0.00746315374999984,LINC00615
338094,0.0074618740000000905,FAM151A
80852,0.007461098749999895,GRIP2
57095,0.007460656500000162,PITHD1
161725,0.007459290999999979,OTUD7A
909,0.007454969249999888,CD1A
4057,0.007452944749999801,LTF
2326,0.007449859750000343,FMO1
133558,0.007446171999999862,MROH2B
349667,0.007445806750000283,RTN4RL2
89866,0.0074443507500001616,SEC16B
57332,0.007441438999999939,CBX8
100505545,0.007439948500000071,LINC01095
238,0.0074380737499994964,ALK
1412,0.007437331250000234,CRYBA2
4072,0.007431669000000252,EPCAM
6700,0.007429838999999827,SPRR2A
2854,0.007428375499999973,GPR32
5969,0.007424657250000299,REG1CP
100129726,0.007424270750000073,LINC01126
116123,0.007423485249999473,FMO9P
150135,0.0074206499999993625,LINC00479
123099,0.007416439499999594,DEGS2
84824,0.0074162864999998135,FCRLA
150577,0.007412069999999549,LINC01104
859,0.0074108674999999735,CAV3
54991,0.0074082622500002415,C1orf159
100506733,0.007399037250000351,FAM170B-AS1
339742,0.007397432000000315,FAM201B
84643,0.0073852149999997785,KIF2B
23534,0.007383227749999222,TNPO3
4761,0.007379435499999865,NEUROD2
5284,0.007375814999999619,PIGR
51208,0.007373544500000051,CLDN18
92346,0.007372424750000217,C1orf105
6336,0.007371146000000106,SCN10A
9609,0.007368527250000145,RAB36
57116,0.007365935500000198,ZNF695
8736,0.007363259000000344,MYOM1
64579,0.007352363500000347,NDST4
57699,0.007350467000000194,CPNE5
6753,0.007347196500000042,SSTR3
100289410,0.007345946000000492,MCF2L-AS1
25818,0.007344580249999844,KLK5
79345,0.007343761500000046,OR51B2
3700,0.007343607750000203,ITIH4
1961,0.00734060850000029,EGR4
49861,0.007339510000000438,CLDN20
2100,0.0073392170000001755,ESR2
220382,0.007338754250000079,FAM181B
28452,0.007337553999999802,IGHV3-7
6545,0.007336500750000141,SLC7A4
53905,0.007335939249999868,DUOX1
115352,0.007334484500000293,FCRL3
125965,0.007334326999999918,COX6B2
339789,0.007331963499999983,LINC00299
922,0.007331626499999633,CD5L
56253,0.007329837249999471,CRTAM
4975,0.007321150750000172,OMP
3792,0.007319461249999382,KEL
10331,0.007316617749999921,B3GNT3
84000,0.007315941999999964,TMPRSS13
6402,0.007311234749999507,SELL
6444,0.0073088514999999354,SGCD
1610,0.007295552500000024,DAO
63914,0.007292844249999764,LINC01590
2688,0.0072905377500003254,GH1
2843,0.007289789999999741,GPR20
23742,0.007287304249999682,NPAP1
140683,0.0072822852499996316,BPIFA2
205147,0.007279939000000013,AMER3
7044,0.007279095249999923,LEFTY2
54345,0.00727804774999985,SOX18
84807,0.007277760250000043,NFKBID
170680,0.007277028749999914,PSORS1C2
27289,0.007270706499999502,RND1
3003,0.007269551249999395,GZMK
51412,0.007268638499999813,ACTL6B
162137,0.007266187749999986,LOC162137
7434,0.007257103750000216,VIPR2
3122,0.007256457250000015,HLA-DRA
283887,0.00724797374999997,LINC02175
8076,0.007246520499999853,MFAP5
57104,0.007244084749999491,PNPLA2
80036,0.0072437922500006025,TRPM3
247,0.00724257099999992,ALOX15B
643355,0.0072368107499998224,LINC01750
915,0.007221420749999652,CD3D
6947,0.007221409499999609,TCN1
199786,0.007210434750000161,NIBAN3
5407,0.00720703999999972,PNLIPRP1
125111,0.00720009275000022,GJD3
121793,0.007197555499999897,TEX29
5266,0.007195004249999748,PI3
8847,0.007193519499999468,DLEU2
205717,0.007192330750000142,USF3
57379,0.007192005499999876,AICDA
285051,0.0071910547499998145,STPG4
100130776,0.007190782249999916,AGAP2-AS1
6692,0.007186156750000006,SPINT1
6833,0.00718080475000038,ABCC8
80316,0.007177653999999922,PPP1R2C
100130855,0.007172460749999665,USP3-AS1
80034,0.007168713250000014,CSRNP3
26074,0.007166773749999411,CFAP61
59344,0.007164201999999786,ALOXE3
118430,0.0071588370000004176,MUCL1
1238,0.007156757499999777,ACKR2
3818,0.007153768500000268,KLKB1
285375,0.007152898000000185,LINC00620
1048,0.007151627749999889,CEACAM5
9214,0.007151289749999901,FCMR
50833,0.007151200000000024,TAS2R16
113278,0.00715023500000056,SLC52A3
158035,0.007139097999999677,REXO6P
3929,0.007137866500000145,LBP
647309,0.00713756649999997,GMNC
442194,0.007135311999999949,OR10C1
339,0.007134782750000568,APOBEC1
84525,0.0071337744999999675,HOPX
1406,0.0071330920000001186,CRX
348378,0.007129257999999972,SHISAL2A
10690,0.007128716500000021,FUT9
57469,0.007127103999999385,PNMA8B
3036,0.007118503749999672,HAS1
64582,0.007112718499999726,GPR135
10930,0.007108675750000515,APOBEC2
284294,0.00710775774999961,LINC01924
4145,0.007105947249999911,MATK
84536,0.007105192499999635,LINC01547
128209,0.007100587000000047,KLF17
339524,0.007099676499999763,LINC01140
57582,0.007098576500000231,KCNT1
286319,0.007098470749999475,TUSC1
26038,0.0070917530000000895,CHD5
399967,0.007090245750000168,PATE2
10568,0.007088421500000663,SLC34A2
149428,0.007087618999999545,BNIPL
100128126,0.007084316750000319,STAU2-AS1
57818,0.007080373500000459,G6PC2
10148,0.0070754457499999646,EBI3
93654,0.007073313999999886,ST7-AS2
28667,0.007071524249999683,TRAV16
81543,0.007067045499999924,LRRC3
4112,0.007064042500000145,MAGEB1
5624,0.007063545499999879,PROC
9455,0.007060800500000575,HOMER2
11240,0.0070604080000000735,PADI2
285954,0.007059230999999944,INHBA-AS1
26996,0.00705831899999998,GPR160
6039,0.007057649249999631,RNASE6
11238,0.0070554380000000805,CA5B
245932,0.0070539044999997635,DEFB119
28786,0.007053195749999741,IGLV4-3
10143,0.007047654750000021,CLEC3A
6318,0.0070467557499998,SERPINB4
23046,0.00704643625000001,KIF21B
83902,0.007046242749999543,KRTAP17-1
54209,0.007044040250000272,TREM2
256236,0.007042714500000269,NAPSB
57576,0.007038636750000382,KIF17
63976,0.0070341842499996865,PRDM16
260293,0.007028999000000535,CYP4X1
1441,0.007025850999999417,CSF3R
345,0.007025339500000172,APOC3
1272,0.007019444499999583,CNTN1
8398,0.0070118022499996435,PLA2G6
11285,0.007011730500000368,B4GALT7
4224,0.007006902999999731,MEP1A
100506655,0.00700686149999985,LCMT1-AS2
8822,0.00700628074999976,FGF17
442524,0.007005562749999861,DPY19L2P3
146802,0.007005479749999655,SLC47A2
90737,0.00700367625000009,PAGE5
6390,0.007001597499998624,SDHB
1669,0.006998310000000174,DEFA4
654,0.006997026500000114,BMP6
317719,0.006994599000000434,KLHL10
90678,0.006994429500000177,LRSAM1
100130933,0.006994223749999584,ERLN
655,0.0069910822500003356,BMP7
552,0.006990624250000188,AVPR1A
680,0.006986271250000176,BRS3
728743,0.006983693750000075,LOC728743
781,0.006981876250000241,CACNA2D1
409,0.006980008749999822,ARRB2
28526,0.006978713000000081,TRDC
375323,0.006978349249999738,LHFPL4
51286,0.006978079500000067,CEND1
57538,0.006975021999999775,ALPK3
84620,0.006974539749999842,ST6GAL2
55213,0.0069733240000005026,RCBTB1
9628,0.006973217249999664,RGS6
54894,0.006963528750000059,RNF43
79025,0.006954603249999636,FNDC11
55554,0.006951716500000149,KLK15
8876,0.006945771999999906,VNN1
100128998,0.006943799749999702,C20orf181
4158,0.0069394427500002465,MC2R
29800,0.006937360000000226,ZDHHC1
643650,0.006935481749999806,LINC00842
10,0.00692755750000007,NAT2
342898,0.006925139749999865,SYCN
55503,0.006922358000000184,TRPV6
2557,0.006922057749999766,GABRA4
4544,0.006921909749999955,MTNR1B
56967,0.006921878250000013,C14orf132
4583,0.006917870750000166,MUC2
116154,0.006912930249999949,PHACTR3
64979,0.006911770000002093,MRPL36
6006,0.006907171999999795,RHCE
64787,0.006903342249999778,EPS8L2
3990,0.006902582750000441,LIPC
56265,0.006899975249999635,CPXM1
6004,0.006898706749999928,RGS16
245711,0.006889984749999911,SPDYA
116447,0.006886734749999235,TOP1MT
2735,0.006883053000000139,GLI1
132228,0.006880516999999475,LSMEM2
54581,0.00687969924999976,SCAND2P
113540,0.00687386550000002,CMTM1
401494,0.006872635750000189,HACD4
100130744,0.006871257499999839,LOC100130744
81626,0.006859323250000049,SHCBP1L
150142,0.006858561000000485,ZNF295-AS1
9506,0.006857055500000264,PAGE4
7409,0.00685592175000016,VAV1
114787,0.0068557019999997415,GPRIN1
133690,0.0068552170000000245,CAPSL
100506571,0.0068466927499994945,LINC02809
26689,0.006846412749999864,OR4D1
9843,0.006839177250000272,HEPH
2781,0.006836193499999865,GNAZ
2747,0.006831121250000294,GLUD2
100133205,0.006828277000000327,LINC00240
8643,0.006823500500000357,PTCH2
23551,0.006817397250000301,RASD2
23286,0.006815616749999975,WWC1
84174,0.0068131720000002005,SLA2
84634,0.0068130504999999175,KISS1R
782,0.006803738249999913,CACNB1
65055,0.006802841499999879,REEP1
4660,0.0067982682500002944,PPP1R12B
64097,0.006798266999999747,EPB41L4A
256710,0.006791983249999856,GLIPR1L1
201501,0.006790574750000111,ZBTB7C
57010,0.006787223000000342,CABP4
171391,0.00678598649999973,GATD1-DT
130271,0.006785739499999721,PLEKHH2
130399,0.006783822250000071,ACVR1C
54440,0.006780390249999879,SASH3
339788,0.006777258999999702,LINC00298
58158,0.006776946500000491,NEUROD4
85449,0.006776334999999634,KIAA1755
3623,0.0067748134999998655,INHA
84225,0.006771514000000423,ZMYND15
57643,0.0067701247499996065,ZSWIM5
54529,0.006766257500000705,ASNSD1
2902,0.0067655167499998115,GRIN1
7356,0.006765152749999892,SCGB1A1
28,0.006759901250000588,ABO
64066,0.006759861249999943,MMP27
114780,0.006757719250000349,PKD1L2
29930,0.006754033250000013,PCDHB1
339442,0.006749993250000141,LINC01343
66004,0.006749575749999792,LYNX1
284837,0.006749171000000054,AATBC
83895,0.006748162250000078,KRTAP1-5
222487,0.0067457469999996356,ADGRG3
2322,0.006744539000000049,FLT3
10481,0.006744497750000189,HOXB13
84197,0.006738575000000413,POMK
7367,0.0067312537499994995,UGT2B17
10309,0.00673068199999971,CCNO
79856,0.006730462999999798,SNX22
54752,0.006727777000000046,FNDC8
8366,0.006726174250000216,H4C2
219938,0.0067259139999999995,SPATA19
124976,0.006720297249999785,SPNS2
84789,0.006717185750000354,MGC2889
131377,0.006713773500000464,KLHL40
1493,0.006708020500000078,CTLA4
219409,0.0067072012499993505,GSX1
400960,0.006705356499999926,PCBP1-AS1
869,0.006696746749999871,CBLN1
400643,0.006696557250000179,LINC00668
55423,0.006692256000000452,SIRPG
3903,0.006690066500000036,LAIR1
4935,0.0066872287499997185,GPR143
4916,0.006684839250000074,NTRK3
8174,0.006681836999999913,MADCAM1
26280,0.006671909499999629,IL1RAPL2
404203,0.0066714912500001056,SPINK6
146849,0.006669648499999958,CCDC42
25862,0.006669099000000234,USP49
1551,0.006668660249999903,CYP3A7
9340,0.006662614250000143,GLP2R
89790,0.006660018749999885,SIGLEC10
8115,0.006659569249999997,TCL1A
10747,0.006655770750000123,MASP2
56301,0.006648808749999624,SLC7A10
100507173,0.006644535499999549,LINC01012
53829,0.006640114249999662,P2RY13
4311,0.006636532249999938,MME
389073,0.00663635450000033,C2orf80
119369,0.00663578699999956,NUDT9P1
84989,0.00663486475000008,JMJD1C-AS1
9024,0.00663398350000044,BRSK2
100885798,0.006632853499999758,LINC00210
2906,0.006631174499999837,GRIN2D
7036,0.006620725999999966,TFR2
85442,0.006619032749999754,KNDC1
126370,0.006614532499999992,OR1I1
1041,0.006610980250000065,CDSN
6367,0.006601179999999651,CCL22
90249,0.00659949425000006,UNC5A
1672,0.00659649249999994,DEFB1
28638,0.006587068499999571,TRBC2
27019,0.006586797749999818,DNAI1
64072,0.006571580750000194,CDH23
4621,0.006569860750000434,MYH3
143425,0.006567443749999846,SYT9
10661,0.006564670750000001,KLF1
10800,0.006564404000000135,CYSLTR1
285888,0.006564266249999839,CNPY1
574407,0.006558274999999725,OBSCN-AS1
606553,0.006554169749999339,LINC02905
10205,0.006552565249999809,MPZL2
92747,0.006547040500000101,BPIFB1
3170,0.0065425072500002734,FOXA2
116,0.00654149050000008,ADCYAP1
7750,0.006537134499999375,ZMYM2
79962,0.006527472750000207,DNAJC22
340075,0.00652701475000006,ARSI
1474,0.006525262499999851,CST6
389058,0.0065248984999999315,SP5
4987,0.006521312749999897,OPRL1
3689,0.00652038125000054,ITGB2
5948,0.006516417750000336,RBP2
4793,0.006511744749999604,NFKBIB
29991,0.006511374000000458,OBP2A
119385,0.006509664249999769,AGAP11
90273,0.006509660000000306,CEACAM21
3034,0.00650662025000015,HAL
8022,0.006505830500000087,LHX3
79789,0.006500123999999996,CLMN
148281,0.006499778749999852,SYT6
3681,0.006499530000000142,ITGAD
259296,0.006497743249999743,TAS2R50
643160,0.006494279500000033,CYMP
143630,0.006493759749999661,UBQLNL
9362,0.006489253250000049,CPNE6
140828,0.006488183000000536,LINC00261
8778,0.006483822499999903,SIGLEC5
79188,0.006481285250000468,TMEM43
126069,0.006480713250000214,ZNF491
1800,0.006479552000000055,DPEP1
177,0.006477927749999779,AGER
79628,0.00647337200000031,SH3TC2
10798,0.00647048249999993,OR5I1
78992,0.006468872499999723,YIPF2
239,0.006464492999999738,ALOX12
282763,0.006460363750000475,OR51B5
2675,0.006458993500000343,GFRA2
100505583,0.006452802250000111,LINC00838
64218,0.006452713249999853,SEMA4A
12,0.006451159000000262,SERPINA3
30820,0.0064481087499999035,KCNIP1
27295,0.006442914750000028,PDLIM3
9721,0.006442684500000517,GPRIN2
53832,0.006437523249999799,IL20RA
5077,0.006437250999999922,PAX3
22877,0.00643308049999991,MLXIP
6585,0.006431255499999899,SLIT1
55615,0.006430989500000095,PRR5
3670,0.006430626250000238,ISL1
4486,0.0064301460000000255,MST1R
53947,0.006427795250000035,A4GALT
9248,0.006421986750000386,GPR50
9210,0.006421224999999975,BMP15
51198,0.006421024749999837,CDKN2A-AS1
728591,0.006418169750000313,CCDC169
144571,0.006417717499999753,A2M-AS1
10584,0.006416192249999897,COLEC10
6698,0.006413768499999861,SPRR1A
55805,0.006412470499999934,LRP2BP
1559,0.006410643250000181,CYP2C9
100128496,0.006410038499999882,SCP2D1-AS1
729522,0.006408904249999736,AACSP1
440556,0.006405080750000014,PRDM16-DT
729230,0.006404532500000393,CCR2
26093,0.006401289999999449,CCDC9
6568,0.006397589749999932,SLC17A1
51738,0.0063838532499995715,GHRL
93190,0.006381202999999669,CFAP107
25803,0.006380354250000053,SPDEF
4166,0.006379176250000285,CHST6
23581,0.006378009250000094,CASP14
64518,0.0063684112500004275,TEKT3
1791,0.0063681472499999,DNTT
29924,0.006360936500000136,EPN1
2867,0.006354050500000152,FFAR2
442184,0.006349002999999964,OR2B3
83694,0.00634656725000049,RPS6KL1
92235,0.006344782499999813,STYXL2
100130264,0.006342616250000432,SLC24A3-AS1
10538,0.006342128250000023,BATF
51513,0.0063329487499999,ETV7
9923,0.0063315517500006635,ZBTB40
79148,0.0063283484999998585,MMP28
161514,0.006328250999999341,TBC1D21
8718,0.006323706499999915,TNFRSF25
338707,0.0063233729999998545,B4GALNT4
1145,0.006323259500000233,CHRNE
441046,0.00632240425000008,GUSBP5
9227,0.006316918500000046,LRAT
399,0.006314890999999934,RHOH
6360,0.006313708500000015,CCL16
343637,0.006310636999999897,RSPO4
4319,0.006306884000000235,MMP10
55289,0.006305555750000025,ACOXL
83998,0.0063043532500000055,REG4
8292,0.0062982565000004875,COLQ
728279,0.006296948749999753,KRTAP2-2
2248,0.006295399000000312,FGF3
284186,0.006292959250000507,TMEM105
26285,0.006289653000000506,CLDN17
9287,0.006288728999999993,TAAR2
2139,0.006288497749999955,EYA2
5639,0.006283310250000174,PRRG2
50616,0.006283260999999651,IL22
8313,0.006277812500000035,AXIN2
134860,0.006275805250000044,TAAR9
400617,0.006275713249999981,KCNJ2-AS1
925,0.0062756314999994345,CD8A
9501,0.006272677750000177,RPH3AL
80835,0.006272413999999671,TAS1R1
913,0.006268595750000383,CD1E
23562,0.006267231499999859,CLDN14
4842,0.006265373750000247,NOS1
9463,0.0062651257499997115,PICK1
158506,0.006261038249999906,CBLL2
29886,0.006256599500000348,SNX8
1131,0.006256094999999906,CHRM3
4107,0.0062526132499995946,MAGEA8
943,0.006252273250000329,TNFRSF8
335,0.006249390000000243,APOA1
146279,0.00624896574999978,TEKT5
146057,0.006247328500000204,TTBK2
50801,0.006244874750000129,KCNK4
29774,0.006244405500000383,POM121L9P
100506489,0.006244246750000126,LINC03189
57119,0.006243037000000173,EPPIN
57030,0.0062407857500001995,SLC17A7
283933,0.006238744999999657,ZNF843
387895,0.0062342062499998185,LINC00944
29984,0.006230449749999423,RHOD
10692,0.0062304342499994725,RRH
5071,0.006227749749999845,PRKN
131578,0.0062257032500001586,LRRC15
3351,0.006224113000000031,HTR1B
8358,0.006222943999999231,H3C2
645682,0.00622252500000009,POU5F1P4
9982,0.0062204609999994,FGFBP1
256158,0.006217162999999637,HMCN2
165545,0.006216410750000012,DQX1
150160,0.006211685749999862,CCT8L2
8390,0.006211050500000148,OR1G1
285848,0.006210301250000327,PNPLA1
9957,0.006210128999999842,HS3ST1
1749,0.006207606999999893,DLX5
3561,0.006200735999999374,IL2RG
116986,0.00619540875000002,AGAP2
259197,0.006190386000000103,NCR3
64093,0.006189049500000099,SMOC1
1016,0.006184049499999844,CDH18
100507629,0.006183334249999728,LINC00658
114781,0.006180438749999961,BTBD9
56145,0.006179172749999573,PCDHA3
23591,0.006175438250000109,FAM215A
4168,0.006175051250000063,MCF2
57864,0.006174815749999674,SLC46A2
64174,0.006169750499999793,DPEP2
259239,0.006163800499999983,WFDC11
479,0.006162359749999791,ATP12A
56964,0.006162141750000183,WDR93
27159,0.006156288000000121,CHIA
54827,0.006150075749999928,NXPE4
440704,0.006145242250000571,LINC01720
3044,0.006145112999999647,HBBP1
23546,0.00614096999999969,SYNGR4
11202,0.0061349874999998555,KLK8
5098,0.006133894750000035,PCDHGC3
27442,0.006133085250000114,CECR3
1154,0.006129009249999928,CISH
100506098,0.006124313499999756,GIRGL
10734,0.006118969999999946,STAG3
387597,0.00611670774999995,ILDR2
8392,0.006116140500000089,OR3A3
8714,0.0061134227499999305,ABCC3
5539,0.006105444749999744,PPY
80739,0.006104623249999719,MPIG6B
54212,0.006104419750000201,SNTG1
9047,0.006103209000000165,SH2D2A
29906,0.006103037749999984,ST8SIA5
26659,0.006096839250000041,OR7A5
9153,0.006088941999999875,SLC28A2
58484,0.006084279500000456,NLRC4
11211,0.006081364249999943,FZD10
374877,0.006076158750000005,SAXO5
4914,0.006074687249999933,NTRK1
64344,0.006071897750000055,HIF3A
57540,0.0060680367500003385,DISP3
3101,0.00606800800000018,HK3
80737,0.006066433500000024,VWA7
147646,0.006064532999999983,C19orf84
79574,0.006060123500000181,EPS8L3
143098,0.006059475499999856,MPP7
50489,0.006058200000000458,CD207
7018,0.0060569840000002095,TF
50636,0.006055340250000096,ANO7
256933,0.006053607249999704,NPB
645355,0.006046924499999662,MIR3976HG
641649,0.006045034500000046,TMEM91
60506,0.0060450207499997965,NYX
100287114,0.006043937499999874,LINC00421
100128071,0.006041833250000073,FAM229A
2563,0.006040656249999721,GABRD
147,0.0060403719999999606,ADRA1B
4991,0.006038450999999778,OR1D2
284424,0.006038193999999386,MIR7-3HG
6546,0.0060343152499999775,SLC8A1
56666,0.006033898999999732,PANX2
64096,0.006033857499999851,GFRA4
22802,0.006032247749999886,CLCA4
4804,0.006030850750000205,NGFR
5818,0.006028497249999987,NECTIN1
50838,0.0060284457500001665,TAS2R13
10281,0.006028209249999916,DSCR4
10297,0.006028176000000052,APC2
27293,0.0060272320000001045,SMPDL3B
10149,0.0060209522500001,ADGRG2
221074,0.006020658000000179,SLC39A12
27185,0.0060203815000001715,DISC1
825,0.006018510749999706,CAPN3
27199,0.006017557249999861,OXGR1
80305,0.006017338500000413,TRABD
100506122,0.0060134447500002075,LINC02431
9781,0.0060112077500000805,RNF144A
22915,0.00600632550000002,MMRN1
3211,0.00600438250000046,HOXB1
3817,0.006000982499999807,KLK2
128854,0.005999707499999785,TSPY26P
1638,0.005994557500000219,DCT
285498,0.005990486500000003,RNF212
3026,0.00598956024999997,HABP2
100289678,0.005987317749999832,ZNF783
9447,0.005987075250000196,AIM2
10089,0.005985950999999989,KCNK7
10219,0.005984771000000055,KLRG1
2569,0.0059831469999998,GABRR1
399671,0.0059780064999999105,HEATR4
129684,0.005977070750000202,CNTNAP5
9986,0.0059762827499998394,RCE1
338588,0.005968075999999822,LINC00705
1149,0.005967720500000162,CIDEA
8993,0.005965528499999984,PGLYRP1
2765,0.005965442249999953,GML
100129827,0.005964893749999867,IRAG1-AS1
10407,0.005962907250000038,SPAG11B
7275,0.005962051000000024,TUB
83659,0.005957512750000227,TEKT1
56891,0.005956808250000112,LGALS14
63035,0.00595628849999974,BCORL1
56751,0.005953078499999709,BARHL1
1588,0.005952387999999864,CYP19A1
11122,0.005948362000000262,PTPRT
1404,0.005942675499999606,HAPLN1
3747,0.00594186774999983,KCNC2
4829,0.005939394000000098,NMBR
6403,0.005934893000000052,SELP
1080,0.005928694249999644,CFTR
3809,0.005923993500000169,KIR2DS4
786,0.0059236292499997845,CACNG1
64388,0.005923202500000002,GREM2
2060,0.005921122749999341,EPS15
3884,0.00591748024999994,KRT33B
283297,0.005917469249999696,OR10A4
4161,0.005915736499999991,MC5R
9938,0.005909288000000235,ARHGAP25
64090,0.005907595250000064,GAL3ST2
2249,0.00590520750000012,FGF4
28714,0.005899191000000137,TRAJ41
2974,0.005898533750000157,GUCY1B2
29974,0.005897471499999973,A1CF
8687,0.005897229000000337,KRT38
57489,0.005893937250000203,ODF2L
81797,0.005890612750000024,OR12D3
23495,0.005885330999999994,TNFRSF13B
23086,0.005884888249999776,EXPH5
1489,0.005881740499999788,CTF1
7369,0.005879744250000041,UMOD
57115,0.0058756879999999345,PGLYRP4
641339,0.005872477000000487,ZNF674
100506795,0.005868038500000061,LINC01354
495,0.005863595999999971,ATP4A
2219,0.005862232499999731,FCN1
10249,0.005853768749999766,GLYAT
64919,0.005852570250000078,BCL11B
54866,0.005850992000000055,PPP1R14D
63951,0.005847383000000317,DMRTA1
8350,0.005846855499999748,H3C1
3596,0.005845699250000003,IL13
118663,0.005843318749999993,BTBD16
26058,0.005839409250000038,GIGYF2
56956,0.005837645000000169,LHX9
25981,0.0058362434999996715,DNAH1
873,0.0058293162499998274,CBR1
653857,0.005827376500000092,ACTR3C
100130872,0.005825535249999625,LOC100130872
22953,0.005825180500000027,P2RX2
163778,0.005824779249999912,SPRR4
3291,0.005823193999999976,HSD11B2
1006,0.005822859000000236,CDH8
285093,0.005814358500000116,RTP5
64180,0.005803335500000006,DPEP3
221914,0.005803269999999916,GPC2
2290,0.005795667749999733,FOXG1
388591,0.005795552249999725,RNF207
10170,0.005792866999999813,DHRS9
2949,0.005792554749999734,GSTM5
402779,0.005791107499999892,CSMD2-AS1
23373,0.005790123500000188,CRTC1
4117,0.0057867752500002645,MAK
149069,0.005784441500000348,DCDC2B
4009,0.005782541749999925,LMX1A
414245,0.005778214750000066,DNAJC9-AS1
80164,0.00577525574999993,PRR36
23416,0.005774644499999759,KCNH3
6660,0.005771485750000416,SOX5
253650,0.005767985499999906,ANKRD18A
416,0.005764109249999816,ARSF
222223,0.005759718000000191,ELAPOR2
55283,0.005758768249999768,MCOLN3
8529,0.005758173250000276,CYP4F2
128611,0.005757629250000118,ZNF831
7021,0.0057339422499995685,TFAP2B
100507468,0.005729935000000186,CT66
6693,0.005726714750000195,SPN
969,0.005724950749999902,CD69
148345,0.005723146499999832,CIROZ
8817,0.0057227337500003195,FGF18
337879,0.005720293500000029,KRTAP8-1
778,0.0057185942500002085,CACNA1F
246744,0.005717410750000429,STH
132141,0.005713927249999973,IQCF1
10882,0.005709924500000074,C1QL1
91522,0.005706852500000359,COL23A1
152065,0.0057065887499998524,C3orf22
8328,0.005700018000000195,GFI1B
201294,0.005699489499999988,UNC13D
4778,0.005695273249999744,NFE2
11330,0.005688109749999448,CTRC
53822,0.005687390500000333,FXYD7
940,0.005687047000000334,CD28
285847,0.005686720750000207,LOC285847
201305,0.005685804000000516,SPNS3
201176,0.005679589000000096,ARHGAP27
132204,0.005676525500000196,SYNPR
126326,0.005672506499999841,GIPC3
2850,0.005669973000000272,GPR27
9726,0.005669043000000151,ZNF646
219527,0.005666608750000357,LRRC55
23541,0.005664198750000349,SEC14L2
57549,0.005661362750000176,IGSF9
157627,0.00565121774999966,MIR124-1HG
845,0.005651095749999779,CASQ2
283481,0.005648466249999817,FGF14-AS2
3645,0.005647375750000183,INSRR
866,0.005641054750000318,SERPINA6
2268,0.005640797750000148,FGR
1339,0.005639043249999975,COX6A2
1046,0.005634703500000171,CDX4
149840,0.005632959499999757,SHLD1
28673,0.005630932749999928,TRAV12-2
1770,0.00562877524999994,DNAH9
3786,0.005627361000000164,KCNQ3
57110,0.00562229950000015,PLAAT1
136332,0.005621350250000212,LRGUK
343,0.005620367499999945,AQP8
80122,0.005619388749999565,MAP3K19
284697,0.005618915249999912,BTBD8
6424,0.0056185590000001895,SFRP4
284948,0.005616135749999973,SH2D6
284788,0.005615542750000202,LOC284788
3083,0.005614914999999776,HGFAC
84077,0.005614892999999732,FAM194C
81615,0.005614116499999877,TMEM163
338651,0.005613769249999567,KRTAP5-AS1
1178,0.005610829749999713,CLC
339488,0.005610503250000232,TFAP2E
7780,0.0056102344999997555,SLC30A2
10268,0.005605764749999853,RAMP3
5568,0.005597231250000334,PRKACG
43,0.005590604000000443,ACHE
5076,0.005587718250000151,PAX2
3626,0.005587685500000328,INHBC
554,0.005586357249999896,AVPR2
4115,0.005583642750000006,MAGEB4
57565,0.005578325749999724,KLHL14
10993,0.005577452499999858,SDS
56,0.005569676749999752,ACRV1
55576,0.005565746250000281,STAB2
4135,0.005564428750000072,MAP6
1805,0.0055628857500003015,DPT
956,0.005561482750000124,ENTPD3
57828,0.005560815499999983,CATSPERG
727699,0.005554634000000114,LINC00163
4225,0.005552231999999879,MEP1B
9478,0.005546462500000349,CABP1
56098,0.005546444500000192,PCDHGC4
1013,0.005543963500000082,CDH15
79087,0.005543546750000239,ALG12
158801,0.005541598250000224,NKAPP1
147719,0.005537425250000005,LYPD4
79173,0.005537226749999791,BRME1
260425,0.005533003000000036,MAGI3
24141,0.005529491500000372,LAMP5
441151,0.005527706499999674,TMEM151B
100129175,0.005522778250000027,CFAP65-AS1
100506047,0.005520606500000191,LINC02580
222256,0.005512427999999847,CDHR3
200035,0.0055114607499997526,NUDT17
196740,0.005511367500000031,VSTM4
165829,0.005510450000000056,GPR156
100506974,0.005510054250000174,LOC100506974
5787,0.005504184249999877,PTPRB
3268,0.005504113000000199,AGFG2
574414,0.005498043749999848,PRR9
1302,0.0054962412499999225,COL11A2
116844,0.00549229200000001,LRG1
391356,0.005491627499999652,PTRHD1
388341,0.005491511249999803,LRRC75A
4974,0.0054855545000003225,OMG
10841,0.0054853155000000875,FTCD
79865,0.005476870249999877,TREML2
9651,0.005474575000000037,PLCH2
222642,0.005473712250000151,TSPO2
2560,0.005473676499999858,GABRB1
3746,0.0054682357499999945,KCNC1
11061,0.005467968250000066,CNMD
140701,0.005465058499999564,ABHD16B
404217,0.005458023499999687,CTXN1
92359,0.005457086749999895,CRB3
10590,0.005454739749999771,SCGN
254827,0.005448718499999838,NAALADL2
83786,0.005447252499999777,FRMD8
79852,0.005446369499999548,EPHX3
116369,0.00544230875000018,SLC26A8
962,0.005439072499999753,CD48
155060,0.005430588499999445,LOC155060
400604,0.0054302337499998465,TOB1-AS1
64231,0.005427228499999437,MS4A6A
23026,0.005425015000000144,MYO16
155054,0.005424671750000165,ZNF425
729506,0.0054233065000000025,LINC02226
497189,0.005411455499999995,TIFAB
115290,0.005407872000000147,FBXO17
79849,0.005405994000000192,NHERF4
774,0.005398836749999525,CACNA1B
285267,0.005398264500000138,ZNF619
100652824,0.005396233749999979,KIAA2012
165530,0.005392435999999723,CLEC4F
222553,0.005390054250000276,SLC35F1
343035,0.005379040000000224,RD3
284805,0.005377776499999598,C20orf203
56896,0.005372998249999927,DPYSL5
1813,0.005367726000000239,DRD2
162968,0.00536719175,ZNF497
116285,0.005364915749999977,ACSM1
55267,0.005363904999999836,PRR34
1582,0.005362680749999793,CYP8B1
130749,0.005357536750000058,CPO
283848,0.005351402750000123,CES4A
83876,0.005349147250000019,MRO
5973,0.0053398792499996794,RENBP
119467,0.005332813749999943,CLRN3
401172,0.005330155750000287,LINC02145
4632,0.005328371250000075,MYL1
480,0.00532298124999997,ATP1A4
113746,0.005319100499999951,CIMAP1A
4825,0.005311449750000197,NKX6-1
2528,0.0053102095000001626,FUT6
25992,0.0053091657500004,SNED1
727800,0.005309108999999923,RNF208
53828,0.005303614250000255,FXYD4
10814,0.005302190499999693,CPLX2
2852,0.005296296999999672,GPER1
23242,0.005295679000000497,COBL
100506526,0.0052956637499999015,LINC03123
54361,0.005290525749999997,WNT4
56676,0.005286272500000244,ASCL3
551,0.0052862087499998545,AVP
10518,0.0052851972500000954,CIB2
161145,0.005282542750000285,TMEM229B
8701,0.005275973499999864,DNAH11
3680,0.005269428750000138,ITGA9
492,0.00526408600000039,ATP2B3
5458,0.005259140500000203,POU4F2
163782,0.005254993000000319,KANK4
6699,0.005254946750000045,SPRR1B
339778,0.005253961999999834,CIMIP2C
84322,0.005249134250000065,ZBTB7C-AS2
23563,0.005247336499999866,CHST5
83873,0.005247194250000309,GPR61
53405,0.005246575000000142,CLIC5
167359,0.0052457292499998864,NIM1K
57829,0.0052446674999999665,ZP4
153,0.005242968500000167,ADRB1
7039,0.005241994000000361,TGFA
7621,0.005235931999999721,ZNF70
5369,0.005231974500000236,PMCHL1
85289,0.005228479249999474,KRTAP4-5
100131347,0.005223831749999963,RDM1P5
1308,0.005219671500000356,COL17A1
57094,0.005216406500000215,CPA6
404037,0.005215189249999863,HAPLN4
3061,0.005206763499999489,HCRTR1
100506779,0.005206584750000243,TSPOAP1-AS1
22898,0.0052037287499997475,DENND3
54964,0.005199727499999973,C1orf56
80326,0.005193168749999977,WNT10A
5592,0.005188607000000012,PRKG1
51213,0.005183717500000018,LUZP4
11043,0.005179460499999955,MID2
83661,0.005176847500000026,MS4A8
51179,0.0051761189999997015,HAO2
401551,0.005175616500000313,WDR38
27287,0.0051744752500002544,VENTX
50853,0.0051688084999996775,VILL
5030,0.0051687662499999565,P2RY4
1442,0.005165540750000197,CSH1
9119,0.005163941499999769,KRT75
944,0.0051631192500001255,TNFSF8
390059,0.005163049000000086,OR51M1
56114,0.005160939750000093,PCDHGA1
941,0.005154287749999931,CD80
4745,0.005144277000000086,NELL1
192111,0.005144164249999861,PGAM5
2813,0.005141662499999811,GP2
3172,0.005140343500000366,HNF4A
5726,0.005139648249999684,TAS2R38
3846,0.005129311999999331,KRTAP5-9
219557,0.005123713250000161,TEX47
100133190,0.005121582250000145,ADIRF-AS1
26281,0.005119797499999912,FGF20
54913,0.005118360250000009,RPP25
340419,0.005112569500000053,RSPO2
4150,0.00510990024999991,MAZ
100506428,0.0051059844999992166,CBR3-AS1
954,0.005099397750000012,ENTPD2
440503,0.005098578249999708,PLIN5
115361,0.005089858749999898,GBP4
8352,0.005083350249999619,H3C3
5009,0.005075679249999965,OTC
5153,0.005069074500000159,PDE1B
9899,0.005068856249999865,SV2B
3784,0.005067168249999643,KCNQ1
100506827,0.005066866000000392,LINC02475
50836,0.005063151000000321,TAS2R8
100506236,0.005062368749999546,LOC100506236
23627,0.0050617260000001,PRND
55703,0.00505853050000038,POLR3B
284439,0.005057058749999843,SLC25A42
79812,0.005056838250000251,MMRN2
100134368,0.0050555227500002076,LOC100134368
29895,0.005049935500000213,MYL11
2707,0.005049319499999427,GJB3
340094,0.005048383249999677,LINC01020
84152,0.005036154250000147,PPP1R1B
283579,0.0050353880000000295,SLIRP-OT1
886,0.005026975999999905,CCKAR
196500,0.005026045250000166,PIANP
221416,0.00502122174999986,LINC03040
5146,0.0050145920000002064,PDE6C
10647,0.005012580999999461,SCGB1D2
269,0.005010604749999814,AMHR2
115703,0.005004839750000212,ARHGAP33
100506797,0.005000051250000137,THORLNC
143503,0.004999253249999613,OR51E1
64110,0.004996251499999715,MAGEF1
4921,0.0049961897500008234,DDR2
146395,0.004994664999999898,GSG1L
80177,0.00498619850000015,MYCT1
9077,0.004984424749999938,DIRAS3
644090,0.004977625750000048,PRKAG2-AS2
10786,0.0049766660000001295,SLC17A3
407,0.004969603000000156,ARR3
100507027,0.004967844500000318,MRLN
79696,0.004964857750000107,ZC2HC1C
100144597,0.0049594390000002875,LINC01056
390066,0.004957749999999983,OR52D1
8912,0.004957437250000307,CACNA1H
283932,0.004954871000000249,FBXL19-AS1
163154,0.004948316000000119,PRR22
4640,0.0049455780000000615,MYO1A
112802,0.004942835999999895,KRT71
91862,0.0049396942499995156,MARVELD3
7134,0.004937099250000188,TNNC1
366,0.004936715499999522,AQP9
168448,0.004932659250000082,CDC14C
80741,0.004931227499999968,LY6G5C
50846,0.0049308449999996284,DHH
100192379,0.004926855249999917,PP12613
56134,0.004921645249999607,PCDHAC2
148268,0.004920035000000045,ZNF570
619279,0.004916513749999574,ZNF704
162282,0.004916031000000043,ANKFN1
255743,0.004906356750000285,NPNT
132989,0.004904642750000132,C4orf36
285548,0.004900620249999932,LINC01096
64137,0.004900610000000416,ABCG4
22871,0.0049002547500007765,NLGN1
6590,0.004887847750000063,SLPI
253769,0.004884324250000294,WDR27
10117,0.0048833479999994545,ENAM
7015,0.004874566500000288,TERT
2798,0.004871984999999857,GNRHR
79740,0.004867383500000155,ZBBX
10215,0.004852293499999938,OLIG2
51087,0.00485191825000042,YBX2
57524,0.004848593250000199,CASKIN1
1393,0.00484334399999975,CRHBP
4137,0.004840439000000085,MAPT
23766,0.004840040250000399,GABARAPL3
5081,0.004839012500000184,PAX7
221421,0.00483377049999989,RSPH9
84868,0.00483173300000006,HAVCR2
10803,0.00483134875000002,CCR9
10382,0.004827095500000045,TUBB4A
283948,0.004825524250000157,NHLRC4
285555,0.0048254902500000085,STPG2
10566,0.004825438000000126,AKAP3
653583,0.004823955250000012,PHLDB3
120066,0.004821436499999887,OR5P3
1261,0.004814443250000355,CNGA3
140947,0.00480956350000028,DCANP1
201243,0.004808283000000024,SPEM2
441204,0.004808043000000151,LINC02981
124404,0.004807823499999753,SEPTIN12
117285,0.004807388250000155,DEFB118
10537,0.004806947749999679,UBD
84219,0.004806647000000108,WDR24
131831,0.004806332249999823,ERICH6
1837,0.0048054207499999,DTNA
3543,0.004804405000000234,IGLL1
114836,0.004799155750000006,SLAMF6
135946,0.004796602000000316,OR6B1
317705,0.0047946232500000185,VN1R5
154197,0.00479191950000013,PNLDC1
55558,0.004789182500000155,PLXNA3
27232,0.004785641999999868,GNMT
775,0.004784855000000476,CACNA1C
3788,0.004781547249999907,KCNS2
2676,0.004774609500000082,GFRA3
85285,0.0047730812499997555,KRTAP4-1
80271,0.0047721630000001625,ITPKC
4618,0.004764745499999723,MYF6
100130357,0.004763875000000084,LOC100130357
3354,0.004761410250000431,HTR1E
4058,0.00476075875000026,LTK
197257,0.004756316749999989,LDHD
3565,0.004755843000000315,IL4
431707,0.004750709750000137,LHX8
128653,0.0047500512499998315,C20orf141
121952,0.004748467250000221,METTL21EP
401491,0.004742025999999733,VLDLR-AS1
3270,0.004741825500000019,HRC
6857,0.004733914250000026,SYT1
50614,0.004728807750000286,GALNT9
29850,0.004726360250000283,TRPM5
113452,0.004721805750000474,TMEM54
6357,0.0047174902500000115,CCL13
3736,0.0047124277499999145,KCNA1
26145,0.004706889499999978,IRF2BP1
400242,0.004705420500000113,DICER1-AS1
5307,0.004702531000000398,PITX1
1415,0.004699956500000102,CRYBB2
26238,0.004691349000000233,LINC01558
283867,0.0046913189999995275,LINC00922
79799,0.004690327500000091,UGT2A3
160762,0.004686016250000424,CCDC63
79836,0.004677243499999761,LONRF3
402573,0.0046743199999998986,SPACDR
100507194,0.004668477499999879,LINC02525
100862671,0.00466687549999989,TMEM265
284348,0.004664261749999898,LYPD5
92749,0.004664222000000162,DRC1
2642,0.00465805174999967,GCGR
346171,0.004657819000000174,ZFP57
375775,0.0046566707500002025,PNPLA7
656,0.004642924750000166,BMP8B
3293,0.004639995500000049,HSD17B3
202559,0.004638963250000128,KHDRBS2
89884,0.00463813575000005,LHX4
163351,0.004637698499999843,GBP6
57715,0.004629308000000165,SEMA4G
148362,0.004617752000000586,BROX
283521,0.004611106250000052,TMEM272
9414,0.004608163999999526,TJP2
9808,0.004606589249999793,KIAA0087
939,0.00460436324999991,CD27
3783,0.004603145749999982,KCNN4
386597,0.004602737749999974,GRASLND
246119,0.004601107250000069,TTTY10
100506840,0.004600136999999727,IQCF4P
55175,0.004598929249999717,KLHL11
7294,0.0045984477499998455,TXK
4619,0.004597616000000748,MYH1
729683,0.004597444499999881,LOC729683
6290,0.004596079000000142,SAA3P
54860,0.004595091749999725,MS4A12
7535,0.004579353000000008,ZAP70
149483,0.004578997749999925,CCDC17
58191,0.0045722797500000745,CXCL16
81629,0.004571243750000065,TSSK3
94160,0.004571219499999835,ABCC12
100506495,0.004556460500000359,LIFR-AS1
8938,0.004552486999999772,BAIAP3
5031,0.004552462500000409,P2RY6
124989,0.004549794499999926,EFCAB13
145845,0.004540685500000308,LOC145845
51298,0.004539209500000307,SPMAP2
1511,0.004538778999999771,CTSG
29124,0.004538507249999935,LGALS13
58524,0.0045354210000003725,DMRT3
10663,0.004533472250000337,CXCR6
251,0.004528343500000087,ALPG
9148,0.004523159499999707,NEURL1
83656,0.004522876749999849,FAM167A-AS1
100133461,0.004520432750000136,LINC02171
8831,0.004517762749999932,SYNGAP1
23181,0.004514994250000015,DIP2A
3779,0.004509257500000086,KCNMB1
126006,0.004503760750000474,PCP2
6861,0.004503710499999869,SYT5
283150,0.004501648749999809,FOXR1
128025,0.004500761750000137,WDR64
11005,0.004496990499999853,SPINK5
8647,0.004496371250000131,ABCB11
6543,0.004495578,SLC8A2
728361,0.0044935937499999135,OVOL3
9436,0.0044895834999998385,NCR2
23114,0.004489097750000504,NFASC
100507351,0.004487868750000068,LINC03161
100506504,0.004480288999999527,PRKCZ-AS1
148014,0.004476607499999563,TTC9B
8483,0.004471009500000012,CILP
145258,0.004457202250000236,GSC
100505890,0.00445377899999988,SORCS3-AS1
245,0.004451857500000322,ALOX12P2
100507277,0.004450884249999731,LINC02314
1589,0.004441716499999693,CYP21A2
3382,0.0044385787500003104,ICA1
157556,0.004436345250000251,BAALC-AS2
26166,0.0044315807499999416,RGS22
100505875,0.004430835500000008,LINC01088
57152,0.004430389999999562,SLURP1
8416,0.0044299964999998664,ANXA9
89870,0.004427752999999868,TRIM15
696,0.00442208725000004,BTN1A1
1409,0.0044137119999998475,CRYAA
259,0.004404248000000166,AMBP
440590,0.00439323224999999,ZYG11A
1418,0.004391649750000282,CRYGA
26279,0.004390486000000138,PLA2G2D
26532,0.004389131249999734,OR10H3
1244,0.0043880275000001134,ABCC2
55066,0.004387546500000283,PDPR
1129,0.00438067249999996,CHRM2
100506126,0.004379888249999908,LINC00867
417,0.0043789044999993365,ART1
116372,0.004372991749999944,LYPD1
114609,0.004368426750000154,TIRAP
90827,0.004366784749999297,ZNF479
51744,0.004359491999999854,CD244
9970,0.004359451000000014,NR1I3
5075,0.004358933750000293,PAX1
3798,0.004358093750000069,KIF5A
286204,0.004356611249999975,CRB2
2169,0.004351267000000103,FABP2
26716,0.004347223749999962,OR2H1
284367,0.004344147749999916,SIGLEC17P
57690,0.004343562499999898,TNRC6C
56904,0.0043429569999995365,SH3GLB2
8403,0.004341797499999522,SOX14
283455,0.004324991249999854,KSR2
5244,0.004316909499999966,ABCB4
84793,0.0043128627500004235,FOXD2-AS1
100316868,0.004312217249999861,HOTTIP
53831,0.004311421000000593,GPR84
390205,0.004309731749999823,LRRC10B
92211,0.004308565250000118,CDHR1
115727,0.004308345000000102,RASGRP4
55001,0.004307791749999623,TTC22
6101,0.004303837750000206,RP1
199964,0.004301098000000003,TMEM61
91807,0.004293913499999746,MYLK3
140738,0.004288068999999783,TMEM37
153643,0.004283900249999917,FAM81B
22837,0.004281869249999737,COBLL1
80069,0.00427000724999993,LINC00574
2256,0.004266495000000425,FGF11
284688,0.004257095749999884,LINC01142
2303,0.004254943250000309,FOXC2
729359,0.004252059000000141,PLIN4
100652911,0.0042435127500004555,LINC01838
100506725,0.0042351247499998745,LINC03013
199990,0.00423308475000006,FAAP20
339505,0.004232335499999795,LINC01141
55655,0.0042309202499999365,NLRP2
4902,0.0042298937499993805,NRTN
100996549,0.004221865000000102,LOC100996549
641364,0.0042217090000002955,SLC7A11-AS1
7472,0.004221514250000169,WNT2
57822,0.004218204249999857,GRHL3
283571,0.00421249924999989,PROX2
7031,0.00419714524999959,TFF1
347736,0.004194038500000108,NME9
914,0.004193636250000132,CD2
643988,0.00419302900000007,FNDC10
145226,0.004192844249999439,RDH12
28316,0.0041908427500001455,CDH20
2738,0.004188202749999981,GLI4
162494,0.0041796670000000535,RHBDL3
26232,0.004178660000000001,FBXO2
2327,0.004174438749999787,FMO2
100288079,0.004173646499999961,GS1-279B7.1
440087,0.004171340000000079,SMCO3
100190939,0.004169931749999911,TPT1-AS1
57467,0.004165755749999889,HHATL
84891,0.004159451500000078,ZSCAN10
148137,0.0041588005000003925,PROSER3
10021,0.004156759750000294,HCN4
729220,0.004156719500000072,FLJ45513
375759,0.0041501352500006305,C9orf50
285154,0.0041492732499999185,CYP1B1-AS1
5267,0.004147718250000265,SERPINA4
212,0.004139313250000054,ALAS2
7110,0.00413842999999936,TMF1
374454,0.004130863500000359,KRT77
401562,0.004130548500000053,LCNL1
100505609,0.004122561750000031,LINC02053
5309,0.004105734999999999,PITX3
1414,0.004099691250000204,CRYBB1
8277,0.004094264749999965,TKTL1
170572,0.004094070750000123,HTR3C
284716,0.00409017874999984,RIMKLA
56413,0.004086172499999874,LTB4R2
9400,0.004080077499999835,RECQL5
3849,0.004079675249999859,KRT2
440823,0.004078233749999605,MIAT
128178,0.004075103000000135,EDARADD
9350,0.00407445424999997,CER1
9924,0.004074438249999979,PAN2
2847,0.004069946499999588,MCHR1
951,0.004061225250000078,CD37
201516,0.004054778749999599,ZSCAN4
57705,0.004051661500000137,WDFY4
8638,0.0040463107500001705,OASL
1874,0.004044255749999337,E2F4
5063,0.00403987374999959,PAK3
10991,0.004037352999999744,SLC38A3
100652768,0.004035032750000056,LOC100652768
23556,0.004033977249999765,PIGN
100169752,0.004025902999999609,TEX36-AS1
286083,0.004022819750000295,LOC286083
100628307,0.00401461375000034,DIO2-AS1
153918,0.004003840249999779,ZC2HC1B
6252,0.00400001125000049,RTN1
7104,0.0039954859999999925,TM4SF4
388407,0.003993956750000027,LINC02875
56105,0.00399069824999998,PCDHGA11
2328,0.003990664749999873,FMO3
284950,0.00398863350000056,LOC284950
80352,0.003981539499999798,RNF39
158248,0.003974307750000072,TTC16
6582,0.0039740027499997055,SLC22A2
339768,0.003973742250000356,ESPNL
54811,0.00397285375000056,ZNF562
6014,0.003969303249999889,RIT2
283417,0.0039683895000002245,DPY19L2
6296,0.0039642617500001975,ACSM3
2006,0.003962210499999674,ELN
64241,0.003962058249999512,ABCG8
441476,0.003955428000000261,STPG3
6853,0.003954890500000197,SYN1
5049,0.0039546955000000494,PAFAH1B2
9839,0.003945520250000278,ZEB2
646627,0.00393235749999965,LYPD8
85301,0.0039293250000000945,COL27A1
256130,0.003929136750000062,TMEM196
84514,0.0039260489999999315,GHDC
55124,0.003915002499999876,PIWIL2
643008,0.00390985899999996,SMIM5
8788,0.003904723000000221,DLK1
100996345,0.0038987285000002814,LINC02140
1180,0.0038961997499997736,CLCN1
131368,0.0038945005000003974,ZPLD1
8911,0.0038868937499998424,CACNA1I
149998,0.00387345849999976,LIPI
91608,0.003872033499999983,RASL10B
29951,0.0038609435000003245,PDZRN4
27092,0.003860668749999796,CACNG4
27231,0.0038601707499994475,NMRK2
338579,0.0038599089999995506,ANKRD30BP3
26164,0.0038578915000000435,MTG2
150244,0.0038433042500005676,ZDHHC8BP
10462,0.0038391474999999176,CLEC10A
27299,0.0038367185000005577,ADAMDEC1
79339,0.003835951000000115,OR51B4
190,0.003835805500000067,NR0B1
100533178,0.0038342897499998863,PRORY
399670,0.0038140340000001327,RPL13AP17
23235,0.0038119779999998826,SIK2
255189,0.0038117705000000335,PLA2G4F
2057,0.0038114712500001424,EPOR
5731,0.0038110427500006594,PTGER1
3119,0.0038038227499992416,HLA-DQB1
8633,0.0038024029999998987,UNC5C
389206,0.0038023374999998083,BEND4
22924,0.0037996409999996317,MAPRE3
11074,0.003798715249999862,TRIM31
283129,0.0037959592500005357,MAJIN
83698,0.0037943562500006855,CALN1
64805,0.003793825249999827,P2RY12
363,0.0037937590000001187,AQP6
84779,0.0037920244999996022,NAA11
54869,0.0037906357499997156,EPS8L1
1235,0.0037893390000003357,CCR6
57091,0.003789124750000372,CASS4
6017,0.0037884012500000175,RLBP1
201477,0.0037874869999998673,DLGAP1-AS3
284358,0.0037759145000000327,MAMSTR
89953,0.003772667249999806,KLC4
245973,0.0037604395000001567,ATP6V1C2
924,0.0037596365000003296,CD7
9022,0.003759537500000132,CLIC3
4036,0.0037593097499994954,LRP2
59351,0.0037570697500002304,PBOV1
1001,0.0037566674999998106,CDH3
828,0.003754890999999816,CAPS
50613,0.0037530500000002576,UBQLN3
284612,0.003748824000000095,SYPL2
57605,0.003743345999999814,PITPNM2
653240,0.003740477750000082,KRTAP4-11
51471,0.003738433250000117,NAT8B
375612,0.003736738499999337,LHFPL3
51305,0.0037326369999997056,KCNK9
5890,0.003728600750000144,RAD51B
5650,0.003728085749999721,KLK7
164592,0.0037202562500002756,CCDC116
79948,0.003715980750000014,PLPPR3
171169,0.003714272000000296,SPACA4
2295,0.0037079937500004156,FOXF2
389812,0.0037046722500000406,LCN15
152940,0.003698976999999992,SPMIP2
127731,0.0036981789999996906,VWA5B1
146713,0.003692929750000129,RBFOX3
6710,0.0036910017500000336,SPTB
100128164,0.003689292000000677,FHL1P1
30012,0.00368413125,TLX3
29034,0.0036828450000001567,CPS1-IT1
4185,0.0036804999999997534,ADAM11
84519,0.0036769059999999243,ACRBP
9413,0.0036646542500000656,ENTREP1
3868,0.003663221750000112,KRT16
254122,0.0036600502499997134,SNX32
147872,0.003653896750000385,KASH5
441601,0.003653376499999972,SEPTIN7P11
326624,0.0036487760000003533,RAB37
57529,0.0036298657499997944,RTL9
54900,0.003626570500000259,LAX1
10753,0.0036264549999995843,CAPN9
339451,0.0036253759999995694,KLHL17
5026,0.003618782000000209,P2RX5
2525,0.0036167357500000996,FUT3
63970,0.0036150597499995385,TP53AIP1
320,0.0036126269999998684,APBA1
22861,0.003612592749999699,NLRP1
285025,0.0036103647499996505,CCDC141
286464,0.0035990285000000455,CFAP47
26740,0.00359892875000023,OR1J2
54933,0.003594170250000417,RHBDL2
84966,0.0035928499999999808,IGSF21
117,0.0035918237499998895,ADCYAP1R1
83881,0.0035874687499997115,MIXL1
83795,0.003587261000000286,KCNK16
9796,0.003569855000000288,PHYHIP
169611,0.003568600499999519,OLFML2A
10863,0.00356599624999987,ADAM28
100144748,0.0035657677500000595,KLLN
1549,0.0035642647500000457,CYP2A7
284276,0.0035612929999997434,LINC00908
28763,0.0035558262499995053,IGLVI-70
150356,0.003552449499999888,CHADL
50944,0.0035457450000002666,SHANK1
10214,0.003543067249999865,SSX3
646762,0.0035385757499999393,MIR550A3HG
158038,0.0035378562499999155,LINGO2
3991,0.0035366847500002407,LIPE
79370,0.0035361629999999256,BCL2L14
284889,0.0035256917499999485,MIF-AS1
4524,0.0035168690000002556,MTHFR
3111,0.0035109570000000367,HLA-DOA
23195,0.003510002499999665,MDN1
5651,0.003506181000000108,TMPRSS15
10630,0.0035010507500001786,PDPN
6898,0.003488436000000039,TAT
275,0.003484180750000121,AMT
51333,0.0034774490000000213,ZNF771
619351,0.003476840499999856,LINC00589
221833,0.0034713100000001162,SP8
100507516,0.0034706264999999625,LINC02984
254050,0.0034688417499999513,LRRC43
340591,0.0034652827499999095,CA5BP1
150678,0.003465008750000109,COPS9
643338,0.0034639904999997917,C15orf62
256646,0.0034612232499999784,NUTM1
644890,0.0034486755000000535,MEIG1
400620,0.003439384500000031,LINC02092
7102,0.003439328249999818,TSPAN7
117156,0.003438556499999912,SCGB3A2
55698,0.003438024249999838,RADIL
9023,0.003436794250000208,CH25H
1838,0.003433668749999619,DTNB
83655,0.0034320359999999717,LINC00208
152206,0.0034249475000001084,CCDC13
120065,0.003421679000000122,OR5P2
100506492,0.0034205234999999945,DSCAM-AS1
126364,0.0034149010000001923,LRRC25
29802,0.0034134502500000607,VPREB3
5225,0.0033967139999999674,PGC
4293,0.0033957272500000357,MAP3K9
57575,0.003390787500000325,PCDH10
6373,0.0033780162499996713,CXCL11
8484,0.003367508500000227,GALR3
7143,0.0033662950000001857,TNR
125704,0.003363354749999825,DIPK1C
959,0.0033614599999998163,CD40LG
85413,0.00336100100000003,SLC22A16
1188,0.0033599609999999114,CLCNKB
80152,0.003359648749999611,CENPT
5245,0.0033580927500000968,PHB1
126520,0.0033575364999998136,PLK5
22807,0.003344255250000039,IKZF2
149095,0.0033398419999999263,DCST1
23732,0.0033372280000001364,FRRS1L
338739,0.0033367915000002135,CSTF3-DT
1815,0.003331755999999908,DRD4
443,0.003316716750000115,ASPA
152789,0.003316122750000261,JAKMIP1
3274,0.003313368500000191,HRH2
255193,0.0033079507500002325,CSNK1G2-AS1
51361,0.0033072297500003067,HOOK1
401282,0.003305801750000281,DKFZp451B082
7433,0.0033042452500002817,VIPR1
344887,0.00330401775000011,NMRAL2P
84552,0.003293095999999718,PARD6G
1084,0.0032837527500002572,CEACAM3
1822,0.003283268000000561,ATN1
6519,0.0032729394999999606,SLC3A1
285962,0.0032701729999997653,WEE2-AS1
910,0.0032536057499998883,CD1B
2262,0.003240558999999976,GPC5
51176,0.003228929000000047,LEF1
253573,0.0032286027500001424,LINC02052
283576,0.0032227002499998214,ZDHHC22
339166,0.003218651250000093,LOC339166
116113,0.003209476250001231,FOXP4
145581,0.003201200749999966,LRFN5
55063,0.0032008939999998987,ZCWPW1
6440,0.0032002730000000312,SFTPC
8995,0.003186170249999787,TNFSF18
90522,0.0031844247500001366,YIF1B
100652856,0.0031764610000002413,LINC00408
170589,0.003167673750000155,GPHA2
10686,0.003165061500000288,CLDN16
3497,0.0031597604999999973,IGHE
23154,0.0031553905000003546,NCDN
10223,0.0031462384999998427,GPA33
81623,0.0031336142500002495,DEFB126
100141515,0.0031285917500003535,C17orf99
9245,0.0031279804999999605,GCNT3
50839,0.0031260264999999343,TAS2R10
6770,0.0031246930000001782,STAR
78998,0.0031162212499999953,RHPN1-AS1
5308,0.0031146994999997624,PITX2
8532,0.003111178750000221,CPZ
285819,0.0031082812500002888,LOC285819
20,0.0031074364999996718,ABCA2
54903,0.00310462200000039,MKS1
84173,0.0031033904999997475,ELMOD3
283375,0.0031015469999999823,SLC39A5
8927,0.00309229050000015,BSN
339210,0.0030916945000001306,C17orf67
255231,0.003089993749999742,MCOLN2
140680,0.0030898392500002814,C20orf96
64600,0.003078727250000579,PLA2G2F
7484,0.0030752425000000194,WNT9B
51281,0.0030735382499997854,ANKMY1
151484,0.003071857000000122,GCSIR
5697,0.0030680565000000826,PYY
57571,0.003062901249999417,CARNS1
80099,0.003059958250000161,PKD1L1-AS1
2359,0.003055288500000586,FPR3
3697,0.003054805000000105,ITIH1
100126791,0.0030390172499994428,EGOT
259287,0.0030381792500002724,TAS2R41
440173,0.0030362102499998933,LINC02893
284365,0.003035687250000141,TMEM277P
947,0.00303557174999991,CD34
642559,0.003033002750000069,POU5F1P3
10485,0.0030304119999997603,MIR9-1HG
27033,0.003030402000000043,ZBTB32
11248,0.003028917249999985,NXPH3
2829,0.003023019500000057,XCR1
50939,0.0030224674999996815,IMPG2
100133991,0.003020995750000477,MAP3K14-AS1
885,0.0030204640000000005,CCK
401,0.0030090892500003186,PHOX2A
374403,0.0030055882500001907,TBC1D10C
84706,0.002996520750000009,GPT2
7125,0.002987559500000181,TNNC2
4588,0.0029868837500002243,MUC6
196996,0.002982969250000078,GRAMD2A
4070,0.0029804742499996983,TACSTD2
57186,0.00297786149999979,RALGAPA2
140870,0.0029696354999999564,WFDC6
3219,0.0029659314999994635,HOXB9
127534,0.0029656887499998064,GJB4
80824,0.002958260250000677,DUSP16
191585,0.0029414167499997035,PLAC4
282616,0.002940214500000149,IFNL2
6536,0.002935926000000144,SLC6A9
92591,0.0029351264999999405,ASB16
57139,0.0029293384999995453,RGL3
49860,0.0029290422500001245,CRNN
5549,0.002917280000000577,PRELP
57693,0.0029055102500006313,ZNF317
169044,0.0029039849999996648,COL22A1
151050,0.002902616750000142,KANSL1L
79707,0.00290251975000011,NOL9
50651,0.0029024252500002845,SLC45A1
7691,0.0028970227500000334,ZNF132
28661,0.002894139499999504,TRAV22
282618,0.0028797744999997654,IFNL1
8818,0.002874850250000449,DPM2
79981,0.002870170249999582,FRMD1
6956,0.0028688982500000293,TRAV6
89846,0.002865900000000199,FGD3
201625,0.0028598945000002374,DNAH12
58529,0.0028484832500002,MYOZ1
203328,0.002845650499999852,SUSD3
79864,0.0028437127500002823,JHY
2837,0.002837916999999912,UTS2R
4584,0.0028180477499999412,MUC3A
4824,0.002809941499999802,NKX3-1
23209,0.0027910817500003127,MLC1
79608,0.0027861987499999685,RIC3
401190,0.002781498499999646,RGS7BP
54143,0.0027796477500001693,LINC00308
124,0.002776711250000119,ADH1A
3347,0.0027766142500000868,HTN3
28461,0.002776164249999713,IGHV1-69
54084,0.002769040500000486,TSPEAR
93986,0.002768954250000455,FOXP2
144920,0.00275853824999972,LINC00343
258,0.002757538000000004,AMBN
2066,0.0027388227500004803,ERBB4
152273,0.0027333120000001543,FGD5
83931,0.002722279999999966,STK40
55507,0.002713098249999879,GPRC5D
9942,0.002707983999999719,XYLB
9573,0.0026951445000000795,GDF3
259286,0.0026933579999997015,TAS2R40
3851,0.0026863365000000528,KRT4
3834,0.0026846629999999205,KIF25
100131733,0.0026840989999996623,USP30-AS1
159091,0.002681287250000608,PABIR3
727924,0.002668535749999812,LINC02203
54986,0.002664943000000086,ULK4
147744,0.0026632339999999033,TMEM190
6706,0.002655312499999951,SPRR2G
255738,0.0026539519999997374,PCSK9
256369,0.002649183000000388,CCDC197
84181,0.0026476397499997084,CHD6
1990,0.0026450037499996526,CELA1
79822,0.0026411247500002233,ARHGAP28
1444,0.0026403222500002155,CSHL1
23620,0.0026316030000002044,NTSR2
7481,0.002628414250000155,WNT11
5010,0.002627590000000346,CLDN11
23550,0.002621431249999695,PSD4
56100,0.002599506999999779,PCDHGB6
7264,0.0025963394999992673,GFUS
648691,0.0025953262500002516,PRAME-AS
259285,0.0025949627499999295,TAS2R39
56963,0.0025896204999993344,RGMA
284309,0.002585253500000384,ZNF776
162998,0.0025725517500001516,OR7D2
56994,0.0025646985000005174,CHPT1
100616668,0.0025547247499999592,TPTE2P5
10876,0.002549999499999789,EDDM3A
100505835,0.0025478902499997957,LINC01532
2147,0.0025470285000004367,F2
26256,0.0025464880000001244,CABYR
158158,0.002542699000000148,RASEF
79883,0.002541045000000075,PODNL1
124590,0.002533387499999762,USH1G
55118,0.0025268657499997182,CRTAC1
145873,0.002525691499999816,MESP2
440900,0.0025177900000001863,LINC01191
9127,0.002514561999999998,P2RX6
127495,0.002503792250000192,LRRC39
88,0.0025031672499999935,ACTN2
27239,0.0024949267500002925,GPR162
5145,0.002494808000000237,PDE6A
57528,0.0024941920000003392,KCTD16
148113,0.002494024500000247,CILP2
146439,0.002491744999999934,BICDL2
1008,0.002487221749999602,CDH10
131375,0.0024837455000001896,LYZL4
283303,0.0024794932500000755,MRGPRG-AS1
1071,0.0024715942499999866,CETP
2848,0.0024665522500004755,GPR25
1081,0.002455714000000331,CGA
140732,0.0024508710000001876,SUN5
11060,0.0024463484999999174,WWP2
139081,0.002446232250000069,MAGEC3
91937,0.0024367914999996465,TIMD4
84842,0.0024365440000000405,HPDL
80000,0.0024295327499999075,GREB1L
100507086,0.002426105999999706,DLG1-AS1
9623,0.002424835000000236,TCL1B
64122,0.0024228477500001233,FN3K
2709,0.0024220545000002147,GJB5
245936,0.0024178535000001222,DEFB123
439927,0.00241194325000027,LINC01555
283673,0.0024078412499999313,EWSAT1
100270679,0.0023826595000002726,LINC01432
29935,0.0023634477500000806,RPA4
163933,0.002358971000000043,FAM43B
750,0.002354831750000397,GAS8-AS1
154442,0.0023479900000000775,POPDC1-AS1
4838,0.002344390749999814,NODAL
8326,0.002336671999999318,FZD9
131177,0.0023345512499997056,FAM3D
139538,0.0023319084999995354,VENTXP1
80131,0.0023306407499998905,LRRC8E
26496,0.002320801499999803,OR10A3
4917,0.0023205744999998945,NTN3
8929,0.002315220250000083,PHOX2B
5275,0.0023094324999997085,SERPINB13
84259,0.002303022750000494,DCUN1D5
55349,0.0023010837499999326,CHDH
140803,0.0022982600000003295,TRPM6
144132,0.0022941429999998597,DNHD1
283197,0.002288340000000666,LINC00301
139285,0.002274894999999777,AMER1
3888,0.002239432500000138,KRT82
168090,0.0022316602499996563,C6orf118
285908,0.0022235237499999005,LINC00174
129685,0.0022193225000002315,TAF8
248,0.0022182522499996082,ALPI
105,0.0022137999999998215,ADARB2
2015,0.002205089749999889,ADGRE1
26330,0.0022048297499999148,GAPDHS
2999,0.0022003310000004994,GZMH
768206,0.002198077750000138,PRCD
6580,0.0021874275000004495,SLC22A1
159296,0.002186124749999685,NKX2-3
26529,0.002184926750000038,OR12D2
139170,0.0021795034999998464,DCAF12L1
121214,0.002177920249999854,SDR9C7
65083,0.0021754055000005046,NOL6
100499467,0.0021614804999998682,LINC00673
137682,0.002160417499999845,NDUFAF6
142689,0.002156621250000157,ASB12
9672,0.002155348000000057,SDC3
84688,0.0021551287500001237,SPMIP6
3902,0.002143013249999992,LAG3
58503,0.0021328392500001847,OPRPN
1773,0.002128533999999682,DNASE1
132243,0.002125279249999945,H1-8
387856,0.002125000249999953,CCDC184
30062,0.002120665749999695,RAX
11341,0.002119820999999966,SCRG1
27445,0.002104835999999999,PCLO
100996490,0.00210482100000009,LINC01206
158131,0.002098087999999887,OR1Q1
151306,0.0020973692500003693,GPBAR1
2742,0.0020877547499997817,GLRA2
3972,0.002085999500000213,LHB
136371,0.00208109125,ASB10
1908,0.0020791337500001283,EDN3
6037,0.0020688589999999785,RNASE3
1806,0.002058846249999746,DPYD
283234,0.002054960250000182,CCDC88B
100885848,0.0020515214999998754,PTGES3L
28755,0.0020467377499997497,TRAC
3787,0.0020438189999998357,KCNS1
79132,0.002025821500000191,DHX58
160419,0.0020161677499999087,ZC3H11D
100506783,0.002007219500000046,HOXD-AS2
80183,0.0020066015000002047,RUBCNL
64926,0.0020030325000002236,RASAL3
26150,0.002001684249999691,RIBC2
2864,0.0019999052499999337,FFAR1
84254,0.0019875772500004274,CAMKK1
26476,0.0019861532499998447,OR10J1
27006,0.0019828870000004883,FGF22
23078,0.0019820497499996037,VWA8
150590,0.0019805939999995026,C2orf15
6581,0.0019798199999998545,SLC22A3
401442,0.0019710915000001883,LOC401442
7099,0.001968442499999945,TLR4
126123,0.001966850999999714,IZUMO2
64581,0.001966418749999921,CLEC7A
8482,0.0019654500000001462,SEMA7A
2844,0.001962778999999859,GPR21
56142,0.0019399542500000422,PCDHA6
6547,0.0019389665000000278,SLC8A3
28674,0.0019377349999993854,TRAV12-1
85452,0.0019233232499999975,CFAP74
400084,0.0019199240000005169,LINC00939
5968,0.001916062500000315,REG1B
200010,0.0019098094999998594,SLC5A9
115704,0.001900704999999725,EVI5L
161142,0.0018964402499994648,GARIN2
340107,0.0018915847499996197,LINC02239
83999,0.0018838104999998606,KREMEN1
8120,0.0018837417500003895,AP3B2
100287216,0.0018770867499999788,SH3RF3-AS1
2694,0.0018759212499999123,CBLIF
57453,0.0018698472500000562,DSCAML1
137994,0.0018690277500001962,LETM2
126353,0.0018660624999999875,MISP
149499,0.001865602250000098,LRRC71
6097,0.0018499350000000803,RORC
116969,0.0018448259999996885,ART5
2159,0.0018386907500000937,F10
283987,0.0018368760000000428,HID1
22986,0.0018261620000004086,SORCS3
23762,0.0018250402499999652,OSBP2
65268,0.001822090249999686,WNK2
79758,0.001820215999999597,DHRS12
78986,0.0018192817499995684,DUSP26
7352,0.001810159250000165,UCP3
151121,0.0018094559999997095,LINC01854
79258,0.001803220250000237,MMEL1
8689,0.0017926175000000377,KRT36
346157,0.001786496250000269,ZNF391
440730,0.0017786132499999496,TRIM67
1428,0.0017750257500002142,CRYM
164395,0.0017731730000001278,TTLL9
2794,0.0017712539999998889,GNL1
100131691,0.0017702437500002333,MZF1-AS1
11318,0.001765275500000385,ACKR5
84103,0.001763134749999562,C4orf17
94025,0.0017566355000000478,MUC16
389932,0.0017558709999998534,AKR1C6P
9783,0.0017401415000000142,RIMS3
25771,0.0017335992499996067,TBC1D22A
140733,0.0017240642499998238,MACROD2
6344,0.0017076812500000926,SCTR
90050,0.001691640250000015,FAM181A
56171,0.0016705974999999817,DNAH7
50831,0.0016578107499998218,TAS2R3
497634,0.0016365582499999753,LINC00293
401074,0.0016309982500000153,LINC00960
100133308,0.0016250850000001371,RSU1P2
145773,0.0016208469999998698,FAM81A
169355,0.0016196452499999126,IDO2
5349,0.0016083637499999526,FXYD3
93408,0.001599715249999356,MYL10
59285,0.0015977422500004224,CACNG6
83933,0.001596264749999854,HDAC10
9121,0.0015924260000002022,SLC16A5
11249,0.0015861202499998228,NXPH2
25791,0.0015798977500005584,NGEF
390063,0.0015741385000000996,OR51I1
10847,0.0015725454999997446,SRCAP
28683,0.0015659384999999748,TRAV8-3
152404,0.0015653542500002615,IGSF11
80726,0.0015608300000002906,IQCN
100101938,0.0015482707500003023,ANKRD26P3
90019,0.0015422119999999317,SYT8
55800,0.0015260974999997678,SCN3B
50964,0.0015180052499998986,SOST
100885778,0.0015083662499999484,NALCN-AS1
6754,0.0015082242499997456,SSTR4
84440,0.0015055132500001456,RAB11FIP4
283212,0.001504673000000345,KLHL35
54566,0.0014966024999996108,EPB41L4B
642597,0.0014871297500000935,AKAIN1
201798,0.0014788419999995916,TIGD4
100271832,0.0014648634999998578,LOC100271832
259173,0.0014580187500001784,ALS2CL
57480,0.0014552474999995901,PLEKHG1
158800,0.0014414535000000228,RHOXF1
23553,0.0014259905000000295,HYAL4
692247,0.0014165412500002361,LMNTD2-AS1
574538,0.0014165120000004805,IQSEC3-AS3
2895,0.0014147129999999564,GRID2
348938,0.0014034650000001037,NIPAL4
29889,0.0014010200000011963,GNL2
147685,0.0014008520000001745,C19orf18
79152,0.0013929709999995765,FA2H
11027,0.0013768254999999563,LILRA2
124093,0.001375616750000308,CCDC78
9051,0.0013674022500000937,PSTPIP1
64067,0.0013501540000002699,NPAS3
2315,0.0013498367499997777,MLANA
6999,0.0013481710000005087,TDO2
51475,0.0013451067499996583,CABP2
27190,0.0013407457500003161,IL17B
126129,0.0013365429999998568,CPT1C
253012,0.00133575699999966,HEPACAM2
56143,0.0013325479999997114,PCDHA5
392307,0.0013208300000000506,FAM221B
5370,0.001318380999999924,PMCHL2
4004,0.0013173347499999544,LMO1
729178,0.0013147812500000633,STXBP5-AS1
1496,0.0013097827499999326,CTNNA2
80868,0.0013035812499997412,HCG4B
257044,0.001299635499999674,CATSPERE
150297,0.001298456999999864,C22orf42
100505685,0.0012684350000000677,LINC03074
2524,0.001256755999999637,FUT2
3166,0.0012453424999998575,HMX1
4025,0.0012396445000000256,LPO
127003,0.0012170142499998704,CFAP276
196872,0.0012144839999996826,VESTAR
2898,0.001211517999999856,GRIK2
84302,0.0012050574999999952,PGAP4
28451,0.0012015822500002216,IGHV3-9
1816,0.001194817499999834,DRD5
283688,0.0011891894999997987,LINC00927
89885,0.001176065000000115,FATE1
340533,0.0011710347500000218,NEXMIF
9806,0.0011654497499997696,SPOCK2
200172,0.0011643562499998872,SLFNL1
140578,0.001152135499999929,CHODL
1128,0.0011511792500003004,CHRM1
400548,0.0011508977500001016,LINC02139
6370,0.0011443175000001027,CCL25
55204,0.0011436497499994758,GOLPH3L
58189,0.0011351654999991467,WFDC1
3957,0.001131886249999603,LGALS2
255275,0.0011293912500001113,MYADML2
6469,0.0011256902499998667,SHH
79993,0.0011167350000000908,ELOVL7
5551,0.0011135609999999296,PRF1
8708,0.0011086497499999126,B3GALT1
100128881,0.001104417499999899,VPS9D1-AS1
254187,0.001099956750000075,TSGA10IP
10262,0.0010935399999998374,SF3B4
100133612,0.0010788220000002013,LINC01134
285501,0.0010752860000002862,LINC01098
80111,0.0010736282499999028,C3orf36
100507433,0.0010691787499998995,ZNF571-AS1
117531,0.0010681379999999407,TMC1
2244,0.001065229999999584,FGB
79100,0.001061304500000304,LINC00626
23274,0.0010590747500001108,CLEC16A
222546,0.0010537752499999442,RFX6
9744,0.0010494857499998567,ACAP1
83889,0.0010489924999999012,WDR87
79919,0.0010450500000001028,MAB21L4
4128,0.0010449992499999006,MAOA
1999,0.001036335250000242,ELF3
139212,0.0010330249999999097,DNAAF6
79861,0.0010245842499996272,TUBAL3
345222,0.001024124500000223,MSANTD1
54739,0.0010237822499998828,XAF1
57710,0.0010217407500001663,KIAA1614
3297,0.001018438250000031,HSF1
1005,0.0010144300000001216,CDH7
25831,0.001013252749999971,HECTD1
159162,0.001003924749999996,RBMY2FP
246176,0.0010003935000002517,GAS2L2
623,0.0009986077499997137,BDKRB1
57592,0.0009908980000004064,ZNF687
340602,0.0009846022499995222,EZHIP
27197,0.0009679077500002187,GPR82
360205,0.00095953449999997,PRAC2
100506124,0.0009549939999997648,LOC100506124
3109,0.0009502649999997281,HLA-DMB
11085,0.0009416222500000515,ADAM30
54546,0.0009408632499998681,RNF186
477,0.0009391232499997848,ATP1A2
9294,0.0009346417500002424,S1PR2
168002,0.0009345939999998443,DACT2
285492,0.0009289154999998495,LINC00955
90864,0.0009264687500003532,SPSB3
3790,0.0009162817499994702,KCNS3
51284,0.0009152114999997352,TLR7
6932,0.0009057535000005501,TCF7
114788,0.0008961907499998034,CSMD3
100144596,0.0008912689999998058,LINC00029
6975,0.0008776854999998918,TECTB
192134,0.0008663715000003513,B3GNT6
100874309,0.0008649587499998113,EPN2-IT1
93377,0.0008639774999998906,OPALIN
100132987,0.0008587907499997272,LINC00856
3898,0.0008581467500001771,LAD1
147837,0.0008565645000002675,ZNF563
128218,0.0008479542500001713,TMEM125
158055,0.0008282189999999634,C9orf163
163702,0.0008254720000002713,IFNLR1
84666,0.0008212319999998385,RETNLB
221442,0.0008064715000002387,ADCY10P1
7078,0.0007987549999999288,TIMP3
284648,0.0007957779999996362,LINC01686
285782,0.0007920340000002746,CAGE1
440836,0.0007854664999999983,CIMAP1B
647310,0.0007806554999998383,TEX22
83259,0.0007717560000002344,PCDH11Y
283194,0.0007328812500002613,GLYATL1-AS1
392459,0.0007175272499999608,CXXC1P1
282966,0.0007148462500001784,C10orf53
27237,0.000696123750000055,ARHGEF16
126308,0.0006935985000002809,MOB3A
100507140,0.0006923072499995797,LINC01792
433,0.0006852217499999647,ASGR2
3568,0.0006821454999998977,IL5RA
7849,0.0006811145000003016,PAX8
7179,0.0006776142499997917,TPTE
135932,0.000668873499999556,TMEM139
3218,0.0006671615000000131,HOXB8
440073,0.0006557667499995645,IQSEC3
80094,0.0006556242500002085,BIN3-IT1
29985,0.0006521492500000114,SLC39A3
6795,0.0006365710000002522,AURKC
50852,0.0006248742500001292,TRAT1
55584,0.0006190662499996336,CHRNA9
54413,0.0006171487499999628,NLGN3
660,0.000599348749999784,BMX
255512,0.0005987497499999606,TOLLIP-DT
100506195,0.0005728902499999577,LARGE-AS1
6539,0.0005518752500002222,SLC6A12
283383,0.0005450104999997762,ADGRD1
84866,0.0005397175000005916,TMEM25
283159,0.0005376492499999941,OR8D1
8448,0.0005297399999997232,DOC2A
4034,0.0005291712499997381,LRCH4
253017,0.0005283709999996944,TECRL
90525,0.0005189987500004989,SHF
1360,0.0005184087500005319,CPB1
100505879,0.0005044275000001264,KIF25-AS1
2623,0.0005001202500003465,GATA1
26338,0.000500030500000026,OR5L2
3891,0.0004991145000001751,KRT85
5053,0.0004933127500001966,PAH
283089,0.0004896717500000314,WDR11-DT
57165,0.0004831175000004073,GJC2
338069,0.00047777149999994606,ST7-OT4
285972,0.00047055724999989224,LINC00996
2901,0.00046107949999996123,GRIK5
57402,0.0004607569999999228,S100A14
282980,0.0004565654999999502,LINC00700
246213,0.00044613225000000867,SLC17A8
100506696,0.00044570949999966913,PCAT6
26257,0.00043310774999971713,NKX2-8
127002,0.00043024174999972686,ATXN7L2
150365,0.00042930099999960447,MEI1
222894,0.0004261397500000541,FERD3L
26658,0.0004199792499997024,OR7C2
117289,0.0004163049999998947,TAGAP
9048,0.0004153240000004388,ARTN
80125,0.000413886750000092,CCDC33
170712,0.00040809799999985685,COX7B2
1103,0.00040466349999945805,CHAT
225689,0.0004015087500000014,MAPK15
339894,0.00040134499999933126,LINC00880
286135,0.00039787350000075605,LINC02209
131096,0.0003927840000002014,KCNH8
100286938,0.00037680249999993976,VPS13A-AS1
257240,0.00036534649999975244,KLHL34
9247,0.0003557162500000821,GCM2
85451,0.0003528992500001493,UNK
11166,0.0003328805000002433,SOX21
55321,0.00032853724999970524,TMEM74B
255167,0.00032209475000000154,LINC01018
285877,0.0003156800000001514,POM121L12
643201,0.00031348674999964743,CEP192P1
6555,0.0003026174999991582,SLC10A2
151258,0.0002993994999997973,SLC38A11
64129,0.00027172850000045656,TINAGL1
118491,0.00026808750000029136,CFAP70
6462,0.0002591594999996616,SHBG
8522,0.0002556204999999423,GAS7
79804,0.00024965925000053346,HAND2-AS1
26248,0.0002460880000001442,OR2K2
2492,0.0002448272499999682,FSHR
152831,0.00024228475000009908,KLB
9836,0.00024216949999988913,LCMT2
2853,0.00024212999999995155,GPR31
7881,0.00024166749999965376,KCNAB1
100507495,0.00024138599999945498,SDCBP2-AS1
127795,0.0002103467499998679,C1orf87
4985,0.00021016850000021847,OPRD1
282973,0.00020198250000014184,JAKMIP3
81792,0.0001979622499996836,ADAMTS12
59343,0.00018316925000050333,SENP2
114884,0.00018296625000013833,OSBPL10
9032,0.00018199600000023963,TM4SF5
765,0.00017972900000007286,CA6
4056,0.00017844175000014673,LTC4S
6658,0.0001759377499999104,SOX3
9001,0.00017560875000022236,HAP1
255654,0.0001564090000005791,LINC01743
93099,0.000146015249999909,DMKN
147920,0.0001456854999997148,IGFL2
203562,0.00012881849999990536,TMEM31
84931,0.00011118825000000498,LINC01101
10912,9.435225000009595e-05,GADD45G
80168,9.163424999991676e-05,MOGAT2
768239,8.546774999995677e-05,PSAPL1
113451,7.94707500002545e-05,AZIN2
8225,6.86757499996915e-05,GTPBP6
53833,1.7353750000115298e-05,IL20RB
10990,1.6778500000036445e-05,LILRB5
6317,1.348075000029425e-05,SERPINB3
100129128,6.330750000227425e-06,KHDC1L
51379,-4.706000000354038e-06,CRLF3
84614,-2.7532000000274337e-05,ZBTB37
145820,-3.963349999969168e-05,LINC00924
100131213,-4.063850000024516e-05,ZNF503-AS2
8685,-4.60197500000703e-05,MARCO
362,-4.66064999997684e-05,AQP5
5024,-5.280899999959843e-05,P2RX3
54329,-6.564599999991927e-05,GPR85
6550,-7.303775000044865e-05,SLC9A3
6442,-8.138050000017216e-05,SGCA
56132,-8.345150000010904e-05,PCDHB3
5920,-8.557675000009368e-05,PLAAT4
401312,-8.929149999969965e-05,LOC401312
284798,-9.820474999999718e-05,LOC284798
158381,-9.956174999992129e-05,ATP8B5P
55567,-0.0001049659999998731,DNAH3
51343,-0.00010783600000019433,FZR1
55152,-0.00010784799999896677,DALRD3
1748,-0.00011199274999995623,DLX4
130888,-0.00011492374999999555,FBXO36
415,-0.00013167175000017295,ARSL
85280,-0.00014466275000013518,KRTAP9-4
5866,-0.00015174724999988953,RAB3IL1
57567,-0.00015458075000029936,ZNF319
9356,-0.00016271724999983306,SLC22A6
8224,-0.00017684799999972967,SYN3
146562,-0.0001827134999996538,DNAAF8
83887,-0.00019765899999990566,TTLL2
1364,-0.00019918825000031504,CLDN4
91464,-0.00022963850000001784,ISX
340357,-0.00023333725000007632,LINC03019
63027,-0.0002356057500003672,SLC22A23
403323,-0.00023945274999981336,LERFS
3854,-0.0002457714999999361,KRT6B
51237,-0.00027316375000019377,MZB1
2125,-0.0002807652499998703,EVPL
284661,-0.0002983460000001159,LINC01777
100130111,-0.0003325205000002107,LCIIAR
283849,-0.00033384499999988826,EXOC3L1
114819,-0.0003351099999999718,CROCCP3
374864,-0.0003430465000002769,CCDC178
11055,-0.0003461107499997951,ZPBP
7512,-0.0003499105000006608,XPNPEP2
6483,-0.00035084574999988405,ST3GAL2
8839,-0.00037156449999997676,CCN5
1368,-0.0003742502500001521,CPM
147111,-0.00037455649999973417,NOTUM
100288122,-0.0003778689999998086,LDLRAD4-AS1
57662,-0.00040504300000021587,CAMSAP3
55512,-0.0004311430000001337,SMPD3
115948,-0.0004404302499998458,ODAD3
56924,-0.0004531362499995417,PAK6
4159,-0.0004677724999999633,MC3R
2981,-0.00047004124999983077,GUCA2B
58494,-0.0004767915000001288,JAM2
9860,-0.0004790757499999465,LRIG2
122616,-0.0004818357500000481,CLBA1
729440,-0.000483756249999967,CCDC61
79933,-0.0005144867499997652,SYNPO2L
202309,-0.0005218427500000011,GAPT
158067,-0.0005240117499996089,AK8
126204,-0.0005285457499999424,NLRP13
64102,-0.000533052999999839,TNMD
352954,-0.0005567000000001876,CASTOR3P
2267,-0.0005683930000004445,FGL1
9612,-0.0005766240000002476,NCOR2
91156,-0.000577081999999951,IGFN1
84870,-0.0005795152500001066,RSPO3
100130557,-0.0005855340000002762,NFYC-AS1
28641,-0.0006008407499997759,TRAV40
100507605,-0.0006080157500001349,LINC00837
285016,-0.0006119145000003101,ALKAL2
155435,-0.0006135095000003865,RBM33
89,-0.0006227607499997845,ACTN3
27141,-0.00063054249999972,CIDEB
55539,-0.0006314215000000623,KCNQ1DN
129080,-0.0006326125000000182,EMID1
5023,-0.0006372204999998132,P2RX1
51673,-0.0006523295000002705,TPPP3
286023,-0.00065986525000028,FLJ40288
1852,-0.000667330000000188,DUSP9
79605,-0.0006718922499997504,PGBD5
122402,-0.0006774634999997531,TDRD9
80303,-0.0006851799999996189,EFHD1
200315,-0.0007051594999998301,APOBEC3A
64108,-0.0007161665000001705,RTP4
3750,-0.0007218755000000243,KCND1
128822,-0.000730039500000057,CST9
1288,-0.0007346152499998482,COL4A6
7478,-0.0007422254999998046,WNT8A
10045,-0.0007435930000001534,SH2D3A
10825,-0.0008006327499998633,NEU3
254158,-0.0008006759999998891,CXorf58
285423,-0.0008086309999999486,IQCM
54979,-0.0008212772500000298,PLAAT2
642696,-0.0008305554999998854,LOC642696
5806,-0.0008319825000011605,PTX3
9049,-0.000835979499999695,AIP
2596,-0.0008371545000001035,GAP43
745,-0.00083941774999996,MYRF
8419,-0.000844970000000167,BFSP2
339779,-0.0008516612499995801,PRR30
29986,-0.0008604609999998125,SLC39A2
151534,-0.0008750977500002755,LBX2-AS1
146325,-0.0008753162500001466,PRR35
283446,-0.0008887099999999037,MYO1H
78997,-0.0009100242499995304,GDAP1L1
54825,-0.00091467724999994,CDHR2
284080,-0.0009238560000000007,PICART1
285463,-0.0009285894999995215,CTBP1-AS
2252,-0.0009294570000002444,FGF7
337880,-0.0009347074999999094,KRTAP11-1
219578,-0.0009536762500004237,ZNF804B
160492,-0.0009583195000000266,LMNTD1
441179,-0.0009784087499999927,LOC441179
347744,-0.0009931442499997445,C6orf52
160365,-0.0010116507500002037,CLECL1
5348,-0.0010213987500002908,FXYD1
652972,-0.0010240450000003065,LRRC37A5P
257062,-0.001024450500000107,CATSPERD
7439,-0.001042058999999984,BEST1
51684,-0.0010433565000003142,SUFU
9626,-0.0010434354999997453,GUCA1C
9379,-0.001045941500000147,NRXN2
6328,-0.0010474449999997582,SCN3A
9587,-0.00104801175000091,MAD2L1BP
378828,-0.0010634087500003275,LINC00317
1674,-0.001066889499999668,DES
9293,-0.0010683777499997937,GPR52
23439,-0.0011288067500005994,ATP1B4
57594,-0.0011376270000003075,HOMEZ
388906,-0.0011391110000000815,OGFRP1
80740,-0.0011419204999998378,LY6G6C
100506403,-0.0011583347499999341,LOC100506403
730112,-0.0011717245000002485,CIMIP2B
27319,-0.0011744717499997392,BHLHE22
171558,-0.0011828122500001648,PTCRA
23223,-0.001195167749999726,RRP12
153769,-0.0012007812499996717,SH3RF2
57188,-0.001204387750000535,ADAMTSL3
79820,-0.0012059417499998837,CATSPERB
57497,-0.0012112635000001148,LRFN2
165140,-0.0012215632499996687,OXER1
9118,-0.0012246105000000007,INA
28655,-0.0012322660000001484,TRAV27
9627,-0.0012487679999999557,SNCAIP
4880,-0.001282123249999767,NPPC
284257,-0.0012824464999998675,BOD1L2
1045,-0.0012901032500001186,CDX2
3904,-0.001292172999999952,LAIR2
84818,-0.0012938354999998403,IL17RC
29937,-0.0012939822500008802,NENF
1907,-0.0012940239999998937,EDN2
9953,-0.001309392249999597,HS3ST3B1
1134,-0.0013120307499994155,CHRNA1
56135,-0.0013152120000001766,PCDHAC1
341032,-0.0013323034999999095,POU2AF2
83855,-0.0013444914999998225,KLF16
3641,-0.0013553887499995199,INSL4
8111,-0.00135826200000011,GPR68
3738,-0.0013826784999997344,KCNA3
6258,-0.0013894852500000443,RXRG
55565,-0.0013906714999998293,ZNF821
199731,-0.0013937687499998574,CADM4
5459,-0.0014135067499996268,POU4F3
23542,-0.001424190999999908,MAPK8IP2
100506406,-0.0014246607500001396,CAPSL-DT
285889,-0.0014252132499996684,LOC285889
132851,-0.0014316509999998672,SPATA4
57835,-0.0014630312500001352,SLC4A5
90523,-0.0014681132499998473,MLIP
284312,-0.0014912752500002568,ZSCAN1
245934,-0.001493469750000198,DEFB121
1262,-0.0014949302500002482,CNGA4
728723,-0.0015048777499995225,ZBED3-AS1
2831,-0.0015138547500002097,NPBWR1
100507206,-0.001534567499999806,LINC00943
83539,-0.001535995250000255,CHST9
200504,-0.0015412902500000492,GKN2
57458,-0.001551840000000304,TMCC3
148581,-0.001559514749999824,UBE2U
124599,-0.0015873662499998886,CD300LB
27245,-0.001599524249999984,AHDC1
642987,-0.0016154055000003886,TMEM232
10957,-0.0016203552500009266,PNRC1
9681,-0.0016258487499998253,DEPDC5
284415,-0.0016330187500002147,VSTM1
3698,-0.0016434670000005092,ITIH2
222545,-0.0016612384999996621,GPRC6A
327657,-0.0016665312500006024,SERPINA9
11105,-0.001688939249999688,PRDM7
112399,-0.001691514000000005,EGLN3
400618,-0.0017214992499998694,SOX9-AS1
8925,-0.0017239382499996125,HERC1
402381,-0.0017295755000001911,SOHLH1
30832,-0.0017328352499998978,ZNF354C
149086,-0.0017461655000001741,LDC1P
254173,-0.00175375500000019,TTLL10
339829,-0.0017644537499998947,CCDC39
100506175,-0.0017719902500004103,RIPOR3-AS1
8848,-0.0017745719999999743,TSC22D1
148709,-0.001827344750000126,ACTG1P25
63948,-0.0018320410000001175,DMRTB1
404216,-0.001853167249999732,LINC01561
791114,-0.001856092250000163,PWRN1
28652,-0.0018570830000004257,TRAV30
161779,-0.0018843537499999563,PGBD4
284801,-0.0018844552499999168,MIR663AHG
83733,-0.0018848707500001005,SLC25A18
6521,-0.0018977905000001627,SLC4A1
64094,-0.0018990395000000326,SMOC2
123970,-0.001908851500000086,C16orf78
1370,-0.0019193214999999597,CPN2
114897,-0.0019288865000000044,C1QTNF1
120400,-0.0019420672499999014,NXPE1
26998,-0.001970580749999673,FETUB
257000,-0.0019861329999999455,TINCR
283025,-0.00198620000000016,LINC01553
312,-0.001999687250000104,ANXA13
730101,-0.00200243050000104,LOC730101
5544,-0.002010654999999417,PRB3
28727,-0.002015685499999975,TRAJ28
93649,-0.0020176542500003336,MYOCD
79575,-0.0020205285000001183,ABHD8
55937,-0.002027095499999909,APOM
283902,-0.002033579249999473,HCCAT5
8369,-0.002042230750000318,H4C7
92304,-0.002046890500000398,SCGB3A1
2811,-0.0020571859999996,GP1BA
79998,-0.0020634257499998476,ANKRD53
26251,-0.0020844077499999614,KCNG2
84224,-0.002087557999999934,NBPF3
57801,-0.002096850749999657,HES4
196374,-0.0021035340000001845,KRT78
54665,-0.0021035560000006726,RSBN1
339807,-0.002109807249999651,LINC02579
23038,-0.0021184450000002464,WDTC1
124626,-0.0021222585000000294,ZPBP2
9615,-0.0021331189999997946,GDA
5239,-0.002134030749999738,PGM5
1769,-0.0021404122500001677,DNAH8
100286844,-0.002147509249999846,BCDIN3D-AS1
23467,-0.0021539292499999085,NPTXR
79819,-0.002157997999999939,DNAI4
100506237,-0.0021599657499997704,NKX2-1-AS1
286887,-0.0021663235000000114,KRT6C
121273,-0.0021831455000000943,C12orf54
1947,-0.002188259249999991,EFNB1
388963,-0.002190533750000334,C2orf81
56996,-0.0021933227500001706,SLC12A9
10344,-0.0022097202500006574,CCL26
149373,-0.002220813999999738,TRIM67-AS1
148696,-0.002222183500000252,LOC148696
26062,-0.0022384895000007177,HYAL6P
100885781,-0.002243220999999629,LINC00348
3805,-0.0022734247500002525,KIR2DL4
79730,-0.002276942249999969,NSUN7
1740,-0.002286097999999903,DLG2
10917,-0.0022904722499998975,BTNL3
112755,-0.002295078999999589,STX1B
126259,-0.002296559249999941,TMIGD2
283777,-0.002299440999999902,FAM169BP
80004,-0.002329583500000343,ESRP2
283856,-0.0023340152499997657,GNAO1-DT
133418,-0.00235798824999911,EMB
140456,-0.0023585889999999665,ASB11
54955,-0.0023629242499998426,AIRIM
9671,-0.0023830975000000976,WSCD2
146850,-0.0023964255000001877,PIK3R6
8516,-0.0024063537499996457,ITGA8
170392,-0.002408843750000056,OIT3
6514,-0.0024133604999998504,SLC2A2
2996,-0.002415886749999707,GYPE
3710,-0.002468230749999467,ITPR3
124912,-0.0024991217500005547,SPACA3
7686,-0.0025021910000000425,MKRN7P
1775,-0.0025024877500001708,DNASE1L2
51013,-0.0025123894999996566,EXOSC1
84700,-0.002514647499999967,MYO18B
9427,-0.002537579499999776,ECEL1
283507,-0.002541317000000376,SUGT1P3
138065,-0.0025651182500001646,RNF183
63827,-0.002575592999999987,BCAN
100505483,-0.0026173547499999117,PRKAG2-AS1
284100,-0.0026191155000001576,YWHAEP7
79847,-0.002622146499999811,SLC68A1
100507632,-0.002629705500000412,LINC00968
54039,-0.0026359774999997754,PCBP3
158314,-0.002651049249999815,LINC00475
9196,-0.0026528470000002358,KCNAB3
144486,-0.0026590794999998835,CEP83-DT
100506897,-0.0026659314999997186,DAPK1-IT1
285084,-0.0026871907500001235,LINC01305
157739,-0.0026971590000002266,TDH
3440,-0.002723589999999998,IFNA2
100289255,-0.00273282574999989,TMEM238L
166752,-0.0027441944999999635,FREM3
6339,-0.0027705325000000336,SCNN1D
84648,-0.0028131952499999002,LCE3D
3425,-0.002815480999999842,IDUA
150084,-0.0028301712499998466,IGSF5
8575,-0.0028389982500005573,PRKRA
284418,-0.002849126500000132,GARIN5B
56123,-0.0028698070000001685,PCDHB13
619434,-0.002872605499999903,LINC00051
64866,-0.002888242500000082,CDCP1
3273,-0.002900831250000291,HRG
55628,-0.0029055474999997166,ZNF407
22999,-0.0029298612500001653,RIMS1
80975,-0.0029448187500000778,TMPRSS5
4142,-0.002981955499999911,MAS1
333929,-0.0029825607500000295,SNAI3
3553,-0.0030342784999999317,IL1B
23005,-0.003035636749999515,MAPKBP1
259307,-0.003036015999999364,IL4I1
143501,-0.003045866250000362,C11orf40
220070,-0.003086597250000267,SHANK2-AS3
84107,-0.003095349500000122,ZIC4
7158,-0.003098310249999514,TP53BP1
1233,-0.003103610999999784,CCR4
100861554,-0.0031127922499996075,LINC00563
151473,-0.0031257292500002087,SLC16A14
79177,-0.0031334017500004308,ZNF576
916,-0.003140351499999916,CD3E
115584,-0.0031529897500002235,SLC5A11
57502,-0.003170074499999842,NLGN4X
26952,-0.0031747552499998832,SMR3A
84878,-0.003179636250000062,ZBTB45
139599,-0.0031813987499997864,MAGEE2
340273,-0.0031833332499999756,ABCB5
54676,-0.0031858422499997374,GTPBP2
114131,-0.003204133499999706,UCN3
114792,-0.0032121960000002225,KLHL32
5001,-0.0032161615000010357,ORC5
3816,-0.0032340687500003185,KLK1
55239,-0.003234229749999429,OGFOD1
100129961,-0.003244681249999992,CCNT2-AS1
203413,-0.0032676934999997798,CT83
6616,-0.003272921749999824,SNAP25
222698,-0.003286182000000082,NKAPL
200232,-0.0032935512499996378,FAM209A
100506446,-0.003333939000000008,LOC100506446
727897,-0.0033481652500002568,MUC5B
7504,-0.0033644012500002596,XK
79741,-0.0033693272499997207,CCDC7
164237,-0.0033922752499999653,WFDC13
400680,-0.003397900000000398,LINC00664
84883,-0.0033998564999997427,AIFM2
2046,-0.0034007022499995543,EPHA8
203430,-0.003407623500000234,RTL3
10246,-0.0034151759999998532,SLC17A2
7726,-0.0034226122499996237,TRIM26
3631,-0.0034399390000001695,INPP4A
57821,-0.0034477527500005323,CCDC181
245935,-0.0034495334999999905,DEFB122
100131187,-0.0034514382499999385,TSTD1
3705,-0.0034649589999999897,ITPK1
166863,-0.0034712439999999845,RBM46
221504,-0.00347985400000006,ZBTB9
56033,-0.0034976755000002413,BARX1
100505839,-0.0035020742499995983,SH3PXD2A-AS1
155006,-0.0035089977500004643,TMEM213
83660,-0.0035190012499999312,TLN2
283160,-0.003527364249999998,OR8D2
353149,-0.0035445680000001367,TBC1D26
4336,-0.0035523574999998253,MOBP
150147,-0.003556050749999873,UMODL1-AS1
57126,-0.0035709237500003432,CD177
140691,-0.0035788582500000388,TRIM69
64077,-0.00359054925000013,LHPP
51535,-0.003601715000000283,PPHLN1
23149,-0.003615664250000261,FCHO1
28395,-0.0036202205000002152,IGHV4-34
91355,-0.0036270134999996095,LRP5L
84295,-0.00368358124999979,PHF6
1562,-0.0036908802499997506,CYP2C18
1556,-0.0036930242500003985,CYP2B7P
59082,-0.00375699549999986,CARD18
1413,-0.003759119000000144,CRYBA4
11283,-0.0037679420000000796,CYP4F8
10044,-0.003785744750000486,SH2D3C
348807,-0.003803275000000106,CFAP100
9487,-0.0038101830000001335,PIGL
100505681,-0.003816989999999798,NAPA-AS1
55604,-0.003823934500000181,CARMIL1
9256,-0.0038453814999996894,TSPOAP1
1158,-0.003864915750000364,CKM
64651,-0.0038651307499995013,CSRNP1
85445,-0.003881359999999834,CNTNAP4
26102,-0.003897003500000107,DKFZP434A062
116931,-0.003934557250000026,MED12L
117247,-0.003946526249999582,SLC16A10
54716,-0.003949759499999761,SLC6A20
4037,-0.003951793249999724,LRP3
6677,-0.003966433499999589,SPAM1
134829,-0.0039696172499996685,CLVS2
9271,-0.003974407500000332,PIWIL1
79817,-0.003975742500000656,MOB3B
554202,-0.003983235999999835,MIR31HG
100505515,-0.003991703749999687,LINC01723
10913,-0.003994619749999817,EDAR
442213,-0.00400050750000025,PTCHD4
84616,-0.004014122749999682,KRTAP4-4
93166,-0.004021953249999655,PRDM6
79570,-0.004045943249999517,NKAIN1
5138,-0.004076247000000199,PDE2A
84076,-0.004085741249999941,TKTL2
54221,-0.004097280999999953,SNTG2
11107,-0.004097524249999651,PRDM5
2350,-0.004097988249999851,FOLR2
153684,-0.004106167250000681,ANXA2R-AS1
10595,-0.004145540999999753,ERN2
26086,-0.004146160750000405,GPSM1
100874182,-0.004148560500000009,LINC00424
3350,-0.004156215750000136,HTR1A
160364,-0.0041708544999998765,CLEC12A
5473,-0.004185142749999926,PPBP
139221,-0.004193983750000019,PWWP3B
152118,-0.004223842749999651,LINC02877
100128993,-0.004224188500000281,LOC100128993
285033,-0.0042723127500003955,STARD7-AS1
9244,-0.004289522000000101,CRLF1
768211,-0.004297940749999896,RELL1
1234,-0.004298719999999978,CCR5
3337,-0.004301708999999931,DNAJB1
390892,-0.004311790500000079,OR7A10
6093,-0.004357532499999817,ROCK1
160140,-0.0043576062500001456,C11orf65
10761,-0.004376477000000101,PLAC1
92092,-0.004384033999999648,ZC3HAV1L
90529,-0.004393375000000255,STPG1
5463,-0.00439762250000042,POU6F1
9139,-0.004401705999999894,CBFA2T2
160287,-0.004403320749999384,LDHAL6A
652995,-0.004410757999999904,UCA1
117583,-0.0044120579999997744,PARD3B
497049,-0.004412282499999698,MARK2P21
1269,-0.0044226735000001405,CNR2
56203,-0.004483731750000164,LMOD3
200539,-0.004484654499999685,ANKRD23
1361,-0.0045047952499999155,CPB2
219970,-0.004513665499999764,GLYATL2
83543,-0.004517460500000237,AIF1L
146722,-0.0045228967500001716,CD300LF
90204,-0.0045981522499989325,ZSWIM1
100507058,-0.004601972250000141,LINC00845
401497,-0.004605540000000019,LINC01242
55561,-0.004607928250000004,CDC42BPG
11035,-0.004608249249999918,RIPK3
3574,-0.00463219100000023,IL7
81616,-0.004640762500000228,ACSBG2
5790,-0.004650619249999988,PTPRCAP
353219,-0.004652825249999992,KAAG1
100131496,-0.004657824750000206,LOC100131496
158297,-0.004671064999999697,SAXO1
284551,-0.0046899407499996215,LINC01226
79977,-0.004706884750000473,GRHL2
6901,-0.0047283862500000495,TAFAZZIN
89883,-0.004746111249999352,OR6W1P
199713,-0.004752189500000004,NLRP7
3283,-0.004766577249999848,HSD3B1
6769,-0.004780669750000133,STAC
2877,-0.0048015952500000125,GPX2
100130967,-0.004801824749999906,LINC02901
161003,-0.004816299749999864,STOML3
1641,-0.004817940250000596,DCX
200373,-0.0048355330000000585,CFAP221
8823,-0.004854624750000092,FGF16
341,-0.004858383749999806,APOC1
127833,-0.004883352999999868,SYT2
81693,-0.00488500149999993,AMN
4741,-0.004893211749999793,NEFM
339456,-0.004902146250000072,TMEM52
64599,-0.004909102750000116,GIGYF1
66002,-0.004914917500000282,CYP4F12
122970,-0.004933043250000324,ACOT4
55753,-0.004935063500000059,OGDHL
100506431,-0.004942825750000157,LOC100506431
338872,-0.004945937250000032,C1QTNF9
23760,-0.004951600000001832,PITPNB
283284,-0.004960831750000061,IGSF22
80760,-0.0049671372499999755,ITIH5
199899,-0.004972072249999737,LINC00466
5652,-0.004975826750000412,PRSS8
85456,-0.004998978000000154,CNOT12
8939,-0.005043670000000944,FUBP3
54902,-0.005044216750000885,TTC19
9390,-0.005053708749999775,SLC22A13
85443,-0.005057749000000111,DCLK3
3265,-0.005071681249997795,HRAS
440956,-0.005136143250000114,IQCF6
9230,-0.005137090999999927,RAB11B
79827,-0.005141052499999965,CLMP
266,-0.00514241999999987,AMELY
346606,-0.005144898499999773,MOGAT3
2312,-0.005173640749999375,FLG
29953,-0.005231186999999693,TRHDE
23144,-0.005243178750000244,ZC3H3
7516,-0.005255553000000468,XRCC2
154313,-0.0052675205000003444,CFAP206
157273,-0.00531104700000018,LOC157273
84626,-0.005322098499999761,KRABD3
146691,-0.005342766250000075,TOM1L2
440757,-0.005352392250000282,LINC00851
283601,-0.0053700865000001485,LINC00523
3445,-0.005384635750000033,IFNA8
130132,-0.005386577250000357,RFTN2
158830,-0.005393804000000113,CXorf65
496,-0.005400354500000315,ATP4B
6134,-0.005403442499999578,RPL10
6602,-0.005407948249999794,SMARCD1
4836,-0.005417381499999152,NMT1
3250,-0.005439122499999893,HPR
10247,-0.005475823250000289,RIDA
56169,-0.005494750500000034,GSDMC
170825,-0.005508309999999739,GSX2
140894,-0.005511198499999814,CNBD2
388335,-0.00551467949999962,TMEM220
438,-0.005523869750000188,ASMT
84873,-0.005535104250000256,ADGRG7
171425,-0.00556751550000012,CLYBL
100507403,-0.005609692500000207,LNCMB2
345611,-0.005610302749999629,IRGM
54831,-0.005612447749999472,BEST2
64319,-0.005613360249999921,FBRS
8844,-0.00562293550000037,KSR1
200159,-0.005635645249999932,SPMIP3
78990,-0.005638114499999958,OTUB2
57733,-0.005645599749999786,GBA3
732275,-0.0056561502499996585,LINC00917
79935,-0.005668437250000213,CCNP
6886,-0.005671575500000081,TAL1
100873942,-0.005700600499999986,PHEX-AS1
11013,-0.005703902750000545,TMSB15A
84079,-0.005711924250000777,ANKRD27
22887,-0.00571276675000032,FOXJ3
838,-0.005719826250000004,CASP5
432,-0.0057265792499996415,ASGR1
100506555,-0.005733949750000189,NECTIN3-AS1
282996,-0.005740186499999744,RBM20
116135,-0.005755608000000301,LRRC3B
114784,-0.005770933000000422,CSMD2
3899,-0.005772560500000079,AFF3
158257,-0.0058153260000000095,LINC02603
7574,-0.005842407500000313,ZNF26
79825,-0.0058640562499996385,EFCC1
634,-0.005877835250000185,CEACAM1
256979,-0.0058887159999998495,SUN3
8359,-0.0059213327500002855,H4C1
220047,-0.0059513495000000916,CCDC83
96764,-0.005952712750000089,TGS1
647288,-0.005979045250000148,CTAGE11P
8549,-0.005990372999999494,LGR5
83597,-0.0060050060000000904,RTP3
55231,-0.006010809999999811,CCDC87
114088,-0.0060280072500003,TRIM9
100996307,-0.006051334500000394,LIPE-AS1
89882,-0.006051644999999883,TPD52L3
23682,-0.006072751749999661,RAB38
84034,-0.006084205500000106,EMILIN2
257313,-0.00608488174999966,UTS2B
80310,-0.006087159999999869,PDGFD
27098,-0.0060949570000001785,CLUL1
25858,-0.006103211249999685,CATSPERZ
6271,-0.006103707250000312,S100A1
7302,-0.006122325000000206,TYRO3P
948,-0.006131023750000075,CD36
6425,-0.006139100750000015,SFRP5
240,-0.00616260550000014,ALOX5
220202,-0.00619012874999969,ATOH7
116138,-0.006194565999999568,KLHDC3
27177,-0.006199606750000086,IL36B
27290,-0.006230209749999993,SPINK4
145501,-0.006232421250000009,ISM2
54814,-0.00626999799999961,QPCTL
51364,-0.006275392750000108,ZMYND10
4316,-0.00630038899999974,MMP7
442444,-0.006307093250000229,FAM47C
55282,-0.006332483000000444,LRRC36
100507300,-0.00635440875000004,ALKBH3-AS1
9881,-0.006363778749999938,TRANK1
10677,-0.006396135499999733,AVIL
3321,-0.006460605000000008,IGSF3
28959,-0.006483494999999895,TMEM176B
7293,-0.006490069499999862,TNFRSF4
8288,-0.006520768749999739,EPX
284029,-0.0065273924999997845,LINC00324
100996279,-0.006532588000000228,LINC00269
59283,-0.0065474279999993,CACNG8
9649,-0.0065690849999997525,RALGPS1
100874323,-0.00658156175000002,HOXA10-AS
2888,-0.006583104749999791,GRB14
221785,-0.006592408249999959,ZSCAN25
6561,-0.00659800675000044,SLC13A1
3045,-0.006605770000000177,HBD
389541,-0.006650389999999895,LAMTOR4
83849,-0.006670251000000071,SYT15
100130613,-0.006682037499999627,PRR32
3060,-0.006693755499999732,HCRT
4846,-0.006706202499999758,NOS3
11262,-0.006733549499999825,SP140
116988,-0.006734233249999555,AGAP3
80317,-0.006752957499999379,ZKSCAN3
8988,-0.006764324500000196,HSPB3
100506994,-0.006769298500000076,PTPRG-AS1
139378,-0.006789588500000221,ADGRG4
7477,-0.006813179249999912,WNT7B
246312,-0.0068186780000001335,C21orf91-OT1
130951,-0.0068223589999996115,M1AP
100287366,-0.0068271339999999014,OSTM1-AS1
1814,-0.006891642999999892,DRD3
85481,-0.006928575499999923,PSKH2
5500,-0.0069354292499994585,PPP1CB
346653,-0.00693838524999979,GARIN1A
100820829,-0.006938438000000602,MYZAP
221458,-0.006964019250000231,KIF6
54457,-0.0069649140000001,TAF7L
1991,-0.006974684749999849,ELANE
10438,-0.00700583425000012,C1D
100996671,-0.007016259749999865,LOC100996671
26275,-0.007027539499999236,HIBCH
84628,-0.007061082999999968,NTNG2
5169,-0.007104239500000276,ENPP3
222865,-0.0071113979999997134,TMEM130
23216,-0.0071312045000002655,TBC1D1
1807,-0.007133903250000184,DPYS
84132,-0.007145274750000041,USP42
254295,-0.007160432750000112,PHYHD1
8630,-0.007164852499999874,HSD17B6
100505806,-0.007194093249999867,SNHG18
124245,-0.007198189750000417,ZC3H18
79925,-0.007203689000000235,SPEF2
9495,-0.007205477500000335,AKAP5
113026,-0.007213313500000318,PLCD3
65072,-0.007218361500000103,CFLAR-AS1
11184,-0.007227529000000565,MAP4K1
59340,-0.007258098000000324,HRH4
283592,-0.007264467999999802,FAM181A-AS1
58498,-0.007273765500000362,MYL7
146556,-0.007273939500000548,C16orf89
100996694,-0.007322398000000341,LINC02502
140876,-0.007341119250000361,RIPOR3
5837,-0.0073492619999999675,PYGM
388125,-0.007374302750000172,C2CD4B
440307,-0.007379090999999782,TTLL13
3993,-0.007394190999999939,LLGL2
80263,-0.007404382249999841,TRIM45
55275,-0.007405049249999962,VPS53
162387,-0.007410116249999987,MFSD6L
2661,-0.007414870499999893,GDF9
3751,-0.00742640374999981,KCND2
23770,-0.007526978500000059,FKBP8
100129098,-0.007550974749999995,LOC100129098
80705,-0.007575665000000065,TSGA10
160,-0.0075780274999996955,AP2A1
126661,-0.007643430249999916,CCDC163
151300,-0.007656117749999858,LINC00608
79927,-0.00766369049999982,FAM110D
26499,-0.007719911999999773,PLEK2
724087,-0.007757698999999896,LINC01545
23263,-0.007772027249999702,MCF2L
8973,-0.00777820525000017,CHRNA6
60598,-0.007801458999999955,KCNK15
26747,-0.007808782749999743,NUFIP1
100507389,-0.007818689750000107,HLMR1
2952,-0.007822934749999622,GSTT1
1788,-0.007842531000000097,DNMT3A
84432,-0.00784946175000023,PROK1
100507266,-0.007878245999999756,STX18-AS1
135935,-0.007880619500000297,NOBOX
170487,-0.007882342000000264,ACTL10
50617,-0.007886189999999793,ATP6V0A4
100131755,-0.007940293499999918,ARMCX4
140856,-0.007942643499999846,SCP2D1
89801,-0.007942709749999555,PPP1R3F
84809,-0.007948767249999378,CROCCP2
3081,-0.007974584250000305,HGD
1473,-0.007979397999999804,CST5
2172,-0.007981859000000036,FABP6
64792,-0.007990314750000671,IFT22
1352,-0.008042378999999933,COX10
8153,-0.00807696999999985,RND2
6714,-0.008096740750000553,SRC
56882,-0.008114331249999829,CDC42SE1
23281,-0.00813613025000004,MTUS2
83715,-0.008166460750000049,ESPN
5603,-0.008192901250000162,MAPK13
155038,-0.008194612500000087,GIMAP8
4826,-0.008223292750000333,NNAT
80149,-0.008235381250000007,ZC3H12A
57596,-0.008283996500000335,BEGAIN
338862,-0.008289736749999665,LINC00550
114548,-0.008322715000000258,NLRP3
3578,-0.008341841250000481,IL9
729993,-0.008348013249999564,SHISA9
5173,-0.0083686902500002,PDYN
146456,-0.008368807750000151,TMED6
56159,-0.008399626250000125,TEX11
1557,-0.008422449750000283,CYP2C19
2701,-0.008470515499999998,GJA4
90411,-0.00847500500000109,MCFD2
55176,-0.008485198999999888,SEC61A2
79946,-0.008490156250000602,C10orf95
100505985,-0.008517639499999952,LOC100505985
80896,-0.00854229449999977,NPL
30835,-0.008553844000000144,CD209
197187,-0.00855396650000051,SNAI3-AS1
1956,-0.0086243395000003,EGFR
55150,-0.008629207999999888,C19orf73
100329135,-0.008629313749999756,TRPC5OS
5671,-0.00864229924999993,PSG3
400752,-0.008643140749999834,LINC01144
115265,-0.008665476750000067,DDIT4L
5139,-0.008710139250000193,PDE3A
3881,-0.00871237349999987,KRT31
3042,-0.008738195499999879,HBM
7288,-0.008759950750000023,TULP2
11334,-0.00878464000000001,TUSC2
58,-0.008921973250000104,ACTA1
222659,-0.008927525249999846,PXT1
54952,-0.008930104749999668,TRNAU1AP
284615,-0.008961214250000182,ANKRD34A
221718,-0.00896136074999987,LINC00518
84071,-0.008974867749999671,ARMC2
163259,-0.008985937249999854,DENND2C
100113407,-0.0089909825000003,TMEM170B
100507221,-0.00900386200000014,LOC100507221
84073,-0.009006625249999622,MYCBPAP
153745,-0.009051905749999367,GARIN3
80023,-0.009065354750000143,NRSN2
114798,-0.009078399249999869,SLITRK1
246778,-0.009100445999999929,IL27
10478,-0.00913641174999924,SLC25A17
161829,-0.009141057249999918,EXD1
389023,-0.009151174749999935,DPP10-AS1
149775,-0.009161916250000068,GNAS-AS1
100505555,-0.009186714499999749,LOC100505555
60437,-0.009210956249999569,CDH26
144453,-0.00921856124999998,BEST3
60495,-0.009227727999999491,HPSE2
56246,-0.009232606249999886,MRAP
64073,-0.009237042749999702,C19orf33
9451,-0.009257165999999373,EIF2AK3
100996681,-0.009269727249999526,LOC100996681
3872,-0.00930121099999992,KRT17
165904,-0.009330331749999754,XIRP1
3416,-0.009346607000001228,IDE
1747,-0.009351184250000255,DLX3
285627,-0.009370173000000204,LINC01845
100505716,-0.009370384250000363,BABAM2-AS2
4864,-0.009420426000000148,NPC1
140730,-0.009425587499999999,RIMS4
100506929,-0.009427963749999435,LOC100506929
83697,-0.009430907750000106,SLC4A9
25852,-0.009436631000000695,ARMC8
28785,-0.009445978750000528,IGLV4-60
374887,-0.009455083249999774,YJEFN3
2195,-0.009456260000000327,FAT1
57127,-0.009496222750000172,RHBG
246269,-0.009522545499999868,AFG1L
23626,-0.009553101749999904,SPO11
51110,-0.009560538749999736,LACTB2
7412,-0.009587577750000076,VCAM1
132612,-0.009628912500000197,ADAD1
5294,-0.00963162825000019,PIK3CG
57568,-0.00965819800000034,SIPA1L2
1960,-0.00968425699999953,EGR3
1720,-0.009711268249999794,DHFRP3
7957,-0.009712558749999545,EPM2A
5210,-0.009746426500000016,PFKFB4
79913,-0.009757527749998829,ACTR5
157638,-0.009799607249999731,LRATD2
2352,-0.009802373250000329,FOLR3
164045,-0.009807201749999717,HFM1
100506527,-0.0098083149999999,LINC01007
84292,-0.009819439250000173,WDR83
148789,-0.009825815500000168,B3GALNT2
117581,-0.009846684750000723,TWIST2
143689,-0.009864023249999576,PIWIL4
80313,-0.009897993749999667,LRRC27
204851,-0.009955518749999115,HIPK1
5104,-0.009957254000000137,SERPINA5
843,-0.009965282500000061,CASP10
4715,-0.009991242499998165,NDUFB9
27284,-0.009998283749999892,SULT1B1
3203,-0.010000368500000079,HOXA6
254312,-0.010009133750000121,LINC00710
50863,-0.010073073750000106,NTM
101060019,-0.010112517750000105,LINC01799
26233,-0.010172576750000495,FBXL6
606495,-0.010176940250000044,CYB5RL
29799,-0.010183941250000217,YPEL1
286046,-0.010188219999999859,XKR6
1179,-0.010213908750000389,CLCA1
147798,-0.010225172250000192,TMC4
283345,-0.010257228250000416,RPL13P5
100507156,-0.010264503999999786,LOXL2-AS1
28666,-0.010281989000000102,TRAV17
2254,-0.01028460274999965,FGF9
124751,-0.010285165249999562,KRABD2
535,-0.010292589000000074,ATP6V0A1
9499,-0.010329780999999816,MYOT
4810,-0.01033252625000003,NHS
113091,-0.010391441749999952,PTH2
153020,-0.010400592999999958,RASGEF1B
100505718,-0.010416336500000067,LINC01592
154089,-0.010422902499999775,LINC01312
200162,-0.010428441250000198,SPAG17
51702,-0.010447122249999996,PADI3
152742,-0.01045679324999993,LINC01085
79668,-0.01045738949999997,PARP8
401014,-0.010521280999999494,TEX41
23604,-0.010523265499999823,DAPK2
10269,-0.010570092500000072,ZMPSTE24
9014,-0.010604617249999393,TAF1B
114,-0.010624376750000053,ADCY8
10444,-0.010666073249999908,ZER1
90167,-0.01067357549999981,FRMD7
644794,-0.010674086249999881,LINC02604
199870,-0.010674497999999755,FAM76A
57191,-0.010730538999999872,VN1R1
28516,-0.01074650375000008,TRDV3
255403,-0.010755702249999555,ZNF718
10072,-0.010769012249999932,DPP3
7087,-0.010803096500000109,ICAM5
55998,-0.010873829750000397,NXF5
157310,-0.010877163500000009,PEBP4
55184,-0.010883505500000279,DZANK1
164127,-0.01088852125000006,CCDC185
159963,-0.010955166750000078,SLC5A12
10059,-0.010968896749998791,DNM1L
23514,-0.011069799500000421,SPIDR
374355,-0.01109190474999977,CCDC172
57834,-0.011116957000000038,CYP4F11
645321,-0.011117787999999518,LINC01896
389170,-0.01113687249999984,LEKR1
399947,-0.011192786500000551,C11orf87
114026,-0.011204722500000042,ZIM3
5172,-0.01120842100000008,SLC26A4
83657,-0.011227428749999824,DYNLRB2
4143,-0.011240610249999783,MAT1A
7299,-0.011260324749999828,TYR
7638,-0.011306164000000063,ZNF221
117177,-0.011359793750000069,RAB3IP
64101,-0.011405897499999984,LRRC4
5744,-0.011412885249999949,PTHLH
59335,-0.011446138499999758,PRDM12
26576,-0.01148493075000001,SRPK3
3000,-0.011499320250000444,GUCY2D
100506470,-0.011596885499999932,LINC01718
56254,-0.011606713500000865,RNF20
90485,-0.011640863500000265,ZNF835
147645,-0.011660828500000164,VSIG10L
338376,-0.01167187799999958,IFNE
51315,-0.01169749524999908,KRCC1
1859,-0.011700806249999918,DYRK1A
53342,-0.011738159500000567,IL17D
7551,-0.011761071750000074,ZNF3
147664,-0.011782877999999997,ERVV-1
2160,-0.011798520249999722,F11
8557,-0.011799706249999709,TCAP
26219,-0.011809963500000187,OR1J4
1119,-0.011846276250000898,CHKA
1758,-0.011865323499999914,DMP1
2243,-0.011865994000000324,FGA
84905,-0.011872532249999956,ZNF341
116448,-0.0119137152500004,OLIG1
25833,-0.0119583655000004,POU2F3
200772,-0.011964678000000006,UICLM
91948,-0.011986010999999852,LINC00923
3284,-0.012002573250000204,HSD3B2
147323,-0.012010760249999919,STARD6
401261,-0.012015211500000067,LOC401261
643332,-0.012156972750000161,RNASE2CP
1741,-0.012157252999999812,DLG3
29931,-0.012249336500000041,LINC00312
2565,-0.01226686524999998,GABRG1
779,-0.012269981749999825,CACNA1S
100506999,-0.012271505000000182,LINC02318
4515,-0.012294377000000356,MTCP1
8676,-0.012321161000000025,STX11
8842,-0.01234518299999987,PROM1
100506713,-0.012363602500000237,ALOX12-AS1
10821,-0.012365576249999677,OR7E12P
541472,-0.012366154750000025,IL6-AS1
8763,-0.01238450749999842,CD164
57159,-0.012400452500000103,TRIM54
54763,-0.012424098249999904,ROPN1
22997,-0.012430533249999876,IGSF9B
55586,-0.012481815499999716,MIOX
404281,-0.012495070000000386,YY2
283875,-0.012527009749999873,GREP1
7221,-0.012540340499999747,TRPC2
90060,-0.012544984749999877,CCDC120
64857,-0.012622973500000523,PLEKHG2
9363,-0.012647430749999966,RAB33A
151871,-0.012648865000000065,DPPA2
54553,-0.012650466750000255,MIR4453HG
100507250,-0.012663868749999807,LOC100507250
84649,-0.012675146749999477,DGAT2
161436,-0.012689414500000051,EML5
1717,-0.012718223250000271,DHCR7
10003,-0.012742533249999966,NAALAD2
256227,-0.012776536500000102,STEAP1B
26245,-0.01279842925000052,OR2M4
60401,-0.012823866750000246,EDA2R
23250,-0.012847399250000002,ATP11A
3850,-0.012877894749999896,KRT3
57611,-0.012925035499999904,ISLR2
9332,-0.012950620249999822,CD163
285696,-0.012970761750000559,BASP1-AS1
497258,-0.013022481749999315,BDNF-AS
8748,-0.013035941500000092,ADAM20
4242,-0.013051366000000009,MFNG
5594,-0.013085851999999676,MAPK1
134187,-0.013091006749999856,POU5F2
9342,-0.013099465249998943,SNAP29
219995,-0.013151480249999903,MS4A15
114815,-0.013159367500000574,SORCS1
6540,-0.013199433999999677,SLC6A13
23564,-0.013201667999999778,DDAH2
5570,-0.013242362750000236,PKIB
55435,-0.013282906249999726,AP1AR
79853,-0.013294023000000266,TM4SF20
338963,-0.013334420000000069,LOC338963
5330,-0.013336071249999915,PLCB2
146227,-0.013351578249999996,BEAN1
54460,-0.01338307750000034,MRPS21
4299,-0.013418649250000136,AFF1
730,-0.013439784000000454,C7
92086,-0.01348146224999991,GGTLC1
23526,-0.013484406499999935,ARHGAP45
2166,-0.013508038000000333,FAAH
26585,-0.013549491250000045,GREM1
11314,-0.013579993000000457,CD300A
4130,-0.013585726749999694,MAP1A
400258,-0.013600382500000396,C14orf180
267002,-0.013696996750001134,PGBD2
11176,-0.013704198750000174,BAZ2A
54810,-0.013727023750000455,GIPC2
4218,-0.013776373500002492,RAB8A
5991,-0.013811632499999504,RFX3
401022,-0.013828516250000256,HAGLR
255877,-0.013846824250000278,BCL6B
1381,-0.013889532999999954,CRABP1
339983,-0.013904003750000005,ASPNAT
60686,-0.013927146249999911,C14orf93
400958,-0.013974878250000433,LINC02245
100498859,-0.013989603250000204,LINC00881
9464,-0.013992514999999983,HAND2
23334,-0.013999763999999804,SZT2
5208,-0.014037761250000003,PFKFB2
8851,-0.01404603225000045,CDK5R1
100128124,-0.014051798000000115,HGC6.3
89797,-0.014069152000000251,NAV2
284390,-0.014117163000000321,ZNF763
116966,-0.014130133250000121,WDR17
84675,-0.014149795250000263,TRIM55
80201,-0.014157359000000369,HKDC1
57348,-0.014162648250000576,TTYH1
92960,-0.014199183499999712,PEX11G
100507547,-0.01424217099999936,LOC100507547
285331,-0.014256624250000627,CCDC66
100527964,-0.014316570999999279,LHX4-AS1
4599,-0.014320304249999527,MX1
10336,-0.014377912250000513,PCGF3
54797,-0.014483027250000724,MED18
56062,-0.014523464999999902,KLHL4
283692,-0.014525249750000135,CPEB1-AS1
4807,-0.014530290000000168,NHLH1
100132078,-0.014538023750000129,LOC100132078
91056,-0.014541104000000082,AP5B1
643224,-0.014633001749999597,TUBBP5
3589,-0.014652523750000146,IL11
2191,-0.014654263999999806,FAP
59350,-0.014674714499999908,RXFP1
89887,-0.014676599499999998,ZNF628
30814,-0.01468068775000031,PLA2G2E
100507462,-0.014715363500000134,CCDC28A-AS1
220972,-0.014717079499999564,MARCHF8
28232,-0.014720797999999924,SLCO3A1
4345,-0.014860081750000198,CD200
65012,-0.014873182750000158,SLC26A10P
100505635,-0.01488028624999993,DAAM2-AS1
254439,-0.014919789999999988,C11orf86
285533,-0.014925693499999948,RNF175
81794,-0.015075274750000034,ADAMTS10
113000,-0.01507915974999996,RPUSD1
415117,-0.015126085250000365,STX19
27107,-0.015180974250000645,ZBTB11
1236,-0.015191324999999978,CCR7
339263,-0.015219359250000064,LINC02693
55161,-0.015240452000001348,TMEM33
753,-0.0152442469999996,LDLRAD4
84290,-0.015283002750000385,CAPNS2
163255,-0.015313952749999693,ZNF540
9422,-0.015320475250000243,ZNF264
677766,-0.01535462249999986,SCARNA2
5626,-0.015375255499999962,PROP1
6812,-0.015375516749999818,STXBP1
55262,-0.015376024499999197,TRAPPC14
768,-0.01542034474999987,CA9
26504,-0.015446851500000136,CNNM4
344018,-0.015450010749999965,FIGLA
165721,-0.015506690250000066,DNAJB8
56704,-0.015535922750000264,JPH1
390927,-0.015548267750000733,ZNF793
54680,-0.015574903500000126,ZNHIT6
51067,-0.015579676750000715,YARS2
55845,-0.015598349999999428,BRK1
6799,-0.015620659000000092,SULT1A2
7441,-0.01568085549999987,VPREB1
28410,-0.01570447724999946,IGHV3-72
340267,-0.015737075749999718,COL28A1
4855,-0.015765822499999693,NOTCH4
79698,-0.015778647750000374,ZMAT4
4099,-0.015788337249999618,MAG
344752,-0.01585814799999996,AADACL2
144715,-0.015860000500000027,RAD9B
285352,-0.01592279050000034,KIF9-AS1
441072,-0.015923148250000185,IL6ST-DT
402682,-0.015929121250000566,UFSP1
387718,-0.01597741149999976,TEX36
51224,-0.015999215749999962,ELOA2
5599,-0.016018155500000297,MAPK8
54785,-0.016032596250000086,BORCS6
147906,-0.016036072249999478,DACT3
8530,-0.016059820499999766,CST7
6820,-0.016064810250000505,SULT2B1
51434,-0.01606564999999982,ANAPC7
222662,-0.016089017500000136,LHFPL5
150726,-0.016095560750000182,FBXO41
130026,-0.01610932474999993,ICA1L
60526,-0.016139668000000995,LDAH
29062,-0.016198505250000217,WDR91
26167,-0.016201600000000482,PCDHB5
79412,-0.016240758499999952,KREMEN2
442028,-0.016271463999999902,LOC442028
414332,-0.016277429750000127,LCN10
79887,-0.016295715000000044,PLBD1
8916,-0.016312906499999613,HERC3
4033,-0.0163206817499999,IRAG2
28474,-0.016359132750000338,IGHV1-2
728175,-0.016359785499999724,LINC02363
4656,-0.01636178949999989,MYOG
81688,-0.01637558575000142,C6orf62
9826,-0.016380269999999975,ARHGEF11
2891,-0.016398653250000006,GRIA2
57393,-0.01641041924999964,CLTRN
375748,-0.01641686075000015,ERCC6L2
137209,-0.016461801250000185,ZNF572
410,-0.016480796250000207,ARSA
285401,-0.01648952250000013,LINC00698
2826,-0.016509440499999695,CCR10
197350,-0.01654521925000063,CASP16P
284001,-0.016550051749999906,CCDC57
92104,-0.016551532999999452,IFT70A
100131561,-0.016563880749999704,FKSG29
8348,-0.01659298050000002,H2BC17
100506385,-0.01660997599999936,LINC01426
54033,-0.01661400824999948,RBM11
2979,-0.01670895650000004,GUCA1B
10952,-0.016721170000000285,SEC61B
92799,-0.016753982750000063,SHKBP1
93273,-0.016765873749999827,LEMD1
374786,-0.016776452999999414,EFCAB5
4356,-0.016838528750000137,MPP3
441161,-0.01686664924999981,OOEP
170679,-0.016871686500000038,PSORS1C1
8123,-0.016887884750000026,PWAR5
64377,-0.01690306574999978,CHST8
375387,-0.016906232500000007,NRROS
53353,-0.016923458750000453,LRP1B
337,-0.016938782250000006,APOA4
51733,-0.016942274250000278,UPB1
389906,-0.016956813500000223,LOC389906
55811,-0.016977038499999875,ADCY10
3889,-0.017004633750000053,KRT83
54660,-0.017012306999999893,PCDHB18P
84804,-0.017186468999999427,SLC67A2
196477,-0.01718927450000063,CCER1
203100,-0.017190968999999612,HTRA4
144568,-0.017314517750000036,A2ML1
284402,-0.01738748449999994,SCGB2B2
6387,-0.01742070749999991,CXCL12
946,-0.0174236664999996,SIGLEC6
284086,-0.017430785249999747,NEK8
80237,-0.017492324500000045,ELL3
408263,-0.01750196075000021,FNDC9
319103,-0.017551848250000113,SNORD8
2287,-0.017604835000000207,FKBP3
4543,-0.01760918300000025,MTNR1A
645784,-0.017658443749999808,ANKRD36BP2
11063,-0.017658742499999658,SOX30
53344,-0.01765950749999945,CHIC1
2069,-0.0176733677500005,EREG
54944,-0.01769419899999969,LINC01521
1495,-0.017738018000001077,CTNNA1
439931,-0.017795500000000075,THAP7-AS1
6906,-0.017815989999999893,SERPINA7
170622,-0.01783436975000008,COMMD6
8178,-0.017837403250000605,ELL
25980,-0.017954076499999694,AAR2
10871,-0.01804219600000012,CD300C
5045,-0.018043438249999433,FURIN
114794,-0.018083346250000076,ELFN2
474344,-0.01808964950000025,GIMAP6
90121,-0.01811019149999904,TSR2
100129973,-0.018148348500000022,CERNA1
2527,-0.01815578050000033,FUT5
27034,-0.01816826700000007,ACAD8
100507506,-0.018184123500000204,ECI2-DT
116349,-0.01819002249999979,EXOC3-AS1
4317,-0.018210948749999734,MMP8
80757,-0.018238890999999757,TMEM121
253962,-0.01827278249999953,CACNA1G-AS1
10038,-0.018293894750000206,PARP2
11172,-0.01831605699999983,INSL6
146547,-0.018372758499999975,PRSS36
148898,-0.01838717674999968,ZNF436-AS1
646736,-0.018392275499999666,LOC646736
54947,-0.018407555000000464,LPCAT2
51250,-0.018521177500000263,MTRES1
134285,-0.018534477250000236,TMEM171
26013,-0.01866632200000007,L3MBTL1
100507040,-0.018691636999999872,LINC00427
4303,-0.018694228250000222,FOXO4
151242,-0.01876273199999945,PPP1R1C
1762,-0.018774973250000215,DMWD
9717,-0.01877587874999964,SEC14L5
5037,-0.018850657499999812,PEBP1
63906,-0.01889192425000008,GPATCH3
23536,-0.01891081399999983,ADAT1
158809,-0.018919877999999724,MAGEB6
5972,-0.018945025749999456,REN
494558,-0.01897300175000005,CFAP95-DT
26007,-0.01898791175000003,TKFC
129530,-0.019086505000000198,LYG1
144406,-0.0191745227500002,CFAP251
54918,-0.019274817499999486,CMTM6
10440,-0.01931911025000055,TIMM17A
434,-0.019356644500000186,ASIP
6150,-0.0193568102499988,MRPL23
84893,-0.019373872750000132,FBH1
9149,-0.019383549250000076,DYRK1B
2058,-0.01944268449999953,EPRS1
28981,-0.019456384250000625,IFT81
8872,-0.019520222500000628,CDC123
9132,-0.019533745749999998,KCNQ4
405,-0.019555910499999385,ARNT
8424,-0.0196993377500001,BBOX1
81493,-0.01971029599999996,SYNC
10969,-0.01972269499999868,EBNA1BP2
414157,-0.019734592250000293,C10orf62
5097,-0.019806291000000087,PCDH1
11016,-0.019810278750000077,ATF7
51027,-0.019825474750000183,BOLA1
9841,-0.019836477999999325,ZBTB24
4205,-0.019851274249999662,MEF2A
471,-0.019871880000000175,ATIC
27315,-0.01995457025000036,PGAP2
149076,-0.01999510499999957,ZNF362
11148,-0.020035649999999627,HHLA2
2444,-0.02006137525000007,FRK
146760,-0.020102021000000025,RTN4RL1
28419,-0.020139262999999907,IGHV3-54
11281,-0.020172553000000537,POU6F2
25850,-0.020183963250000048,ZNF345
59284,-0.020209563749999493,CACNG7
84659,-0.020248208499999976,RNASE7
5799,-0.02025289674999975,PTPRN2
283080,-0.020285684750000144,C10orf126
3777,-0.020350028250000207,KCNK3
90120,-0.020404215499999268,TMEM250
1628,-0.020410451249999628,DBP
154881,-0.020446292749999984,KCTD7
84787,-0.020455354750000154,KMT5C
10738,-0.020552141750000086,RFPL3
7348,-0.020576768749999808,UPK1B
23288,-0.020609138999999388,IQCE
729420,-0.020695194500000014,LMO7DN
79171,-0.020704758499999087,RBM42
55813,-0.02074768075000044,UTP6
338692,-0.02075105099999952,ANKRD13D
56670,-0.020759966750000025,SUCNR1
5730,-0.02076630125000012,PTGDS
10850,-0.020793377249999967,CCL27
54531,-0.020823469249999782,MIER2
84196,-0.020864826499999545,USP48
7301,-0.020887602500000213,TYRO3
100996455,-0.020888030250000078,LINC02724
3320,-0.020917337500000244,HSP90AA1
4694,-0.0209578300000004,NDUFA1
23619,-0.02096582749999998,ZIM2
1780,-0.021010315499999876,DYNC1I1
1731,-0.02108127699999951,SEPTIN1
126074,-0.021237637250000496,SWSAP1
157567,-0.021293219500000404,ANKRD46
144110,-0.021385536250000392,TMEM86A
100130155,-0.02141528299999962,MIR124-2HG
128272,-0.021446448000000284,ARHGEF19
10308,-0.021484032500000083,ZNF267
8082,-0.021497383749999877,SSPN
54514,-0.021506153750000312,DDX4
22872,-0.021507507500000855,SEC31A
5763,-0.02155094850000072,PTMS
2101,-0.021570346749999914,ESRRA
126205,-0.021633271249999808,NLRP8
5962,-0.021681771499999947,RDX
100144602,-0.02168758199999976,EPHA5-AS1
140766,-0.021739778000000154,ADAMTS14
81793,-0.021772365999999987,TLR10
100873954,-0.021815986749999627,SNRK-AS1
124872,-0.021818081250000176,B4GALNT2
7940,-0.021819739500000157,LST1
1844,-0.021869499499999723,DUSP2
280,-0.02188442449999961,AMY2B
127428,-0.021895407500000186,TCEANC2
83896,-0.021906523750000018,KRTAP3-1
57642,-0.02191183749999981,COL20A1
64779,-0.021948968750000297,MTHFSD
405754,-0.021990337500000123,ERVFRD-1
273,-0.022009419000000197,AMPH
3484,-0.022033689999999773,IGFBP1
10290,-0.02204002574999997,SPEG
84450,-0.022043802250000688,ZNF512
7276,-0.022068712249999844,TTR
8928,-0.022120695249999933,FOXH1
389898,-0.02212981500000044,UBE2NL
8620,-0.02218559324999969,NPFF
120892,-0.022211992000000347,LRRK2
1105,-0.02223743499999742,CHD1
5680,-0.022271568999999936,PSG11
50856,-0.022307615500000377,CLEC4A
283742,-0.02235087225000143,FAM98B
8820,-0.022379146999999655,HESX1
100506258,-0.02239329775000032,SYT9-AS1
202459,-0.02247999200000006,OSTCP1
51068,-0.022482743250002102,NMD3
100129722,-0.022547347750000224,STPG3-AS1
2230,-0.022561790000000137,FDX1
114987,-0.022598466750000767,WDR31
534,-0.022624039500000137,ATP6V1G2
255631,-0.022652662249999622,COL24A1
54492,-0.022700613499999633,NEURL1B
388951,-0.022739600750000033,TSPYL6
197320,-0.022751308250000157,ZNF778
401474,-0.022752284249999644,SAMD12
253044,-0.022806908250000202,LINGO1-AS1
53820,-0.022809724750000093,RIPPLY3
91433,-0.02283840849999974,RCCD1
56884,-0.022841943500000017,FSTL5
129852,-0.022897708749999968,CIMIP6
79643,-0.02294633900000065,CHMP6
27039,-0.022996675499999952,PKD2L2
1382,-0.023005056749999753,CRABP2
23389,-0.023011442250000513,MED13L
255022,-0.023012634000000087,CALHM1
27291,-0.023038632000000447,R3HCC1L
100652929,-0.023061091499999797,LINC02078
10207,-0.023126658749999862,PATJ
84983,-0.023212118500000045,FAM222A-AS1
84162,-0.023218769999999722,BLTP1
54847,-0.023223778000000195,SIDT1
83869,-0.023293120499999986,TTTY14
63950,-0.023334055249999874,DMRTA2
85458,-0.02334880475000034,DIXDC1
150159,-0.023362448750000375,SLC9B1
387837,-0.02340183450000044,CLEC12B
92283,-0.023557734750000225,ZNF461
85509,-0.023618109750000116,MBD3L1
51761,-0.02363166449999987,ATP8A2
9217,-0.023665500750000845,VAPB
93556,-0.02371315875000013,EGFEM1P
100506866,-0.023875453000000046,TTN-AS1
9080,-0.02388571000000006,CLDN9
117286,-0.02395318074999997,CIB3
8795,-0.023987334250000103,TNFRSF10B
4248,-0.02399995474999983,MGAT3
7918,-0.024021203000000213,GPANK1
286256,-0.024033553499999805,LCN12
4294,-0.024077513000000383,MAP3K10
161247,-0.024149990499999774,FITM1
152405,-0.024221596499999887,TEX55
64763,-0.024230239499999584,ZNF574
6522,-0.024345498749999805,SLC4A2
440193,-0.024349475500000217,CCDC88C
116093,-0.024451320750000338,DIRC1
6948,-0.024453728249999696,TCN2
116444,-0.02449735300000011,GRIN3B
84693,-0.024532677499999878,MCEE
5707,-0.024603737500001444,PSMD1
23140,-0.024658345250000657,ZZEF1
57654,-0.024704800250000325,UVSSA
7773,-0.02470509899999973,ZNF230
254013,-0.02475596750000042,ETFBKMT
3299,-0.024790196750000604,HSF4
26525,-0.024948548749999855,IL36RN
5296,-0.02497444400000015,PIK3R2
8200,-0.02502273300000013,GDF5
100506046,-0.025042828000000128,GAS5-AS1
8564,-0.02517521300000025,KMO
65217,-0.02521137849999988,PCDH15
399876,-0.02534316549999982,NAV2-AS4
9450,-0.025390201249999578,LY86
8669,-0.02545690150000013,EIF3J
223075,-0.02554550599999983,ITPRID1
149473,-0.025613665249999862,CCDC24
811,-0.02564687750000072,CALR
6817,-0.025739599250000467,SULT1A1
192666,-0.025806816999999427,KRT24
744,-0.02590314249999981,MPPED2
6239,-0.025954304749999935,RREB1
84190,-0.02598344000000008,METTL25
4284,-0.026000131500000023,MIP
114132,-0.026024131499999825,SIGLEC11
51406,-0.02606182999999973,NOL7
57216,-0.026081916000000316,VANGL2
10718,-0.02612803525000018,NRG3
8712,-0.026130517250000374,PAGE1
5914,-0.026146996000000033,RARA
154754,-0.02624418074999957,PRSS3P2
23780,-0.02628413074999969,APOL2
688,-0.026350015249999803,KLF5
9476,-0.026368222249999906,NAPSA
84695,-0.026376544250000133,LOXL3
149603,-0.026501393000000206,RNF187
51206,-0.026503958249999737,GP6
9330,-0.026533759250000344,GTF3C3
80072,-0.02654038149999982,HEXA-AS1
29113,-0.026812787249999914,C6orf15
5589,-0.026837533250000156,PRKCSH
2687,-0.026876931000000326,GGT5
27332,-0.02689511850000237,ZNF638
57096,-0.026908878249999546,RPGRIP1
54906,-0.026915703249999368,TASOR2
55089,-0.026950502250000063,SLC38A4
51332,-0.027066040500000277,SPTBN5
84618,-0.027150784499999858,NT5C1A
23136,-0.0272757807499997,EPB41L3
8882,-0.027301711000000672,ZPR1
28688,-0.027315623999999872,TRAV5
642636,-0.027332648249999814,RAD21L1
37,-0.02733699475000151,ACADVL
10600,-0.027389471999999415,USP16
6046,-0.027403087999999798,BRD2
2138,-0.027451387749999778,EYA1
149620,-0.02747471225000009,CHIAP2
7252,-0.027477547999999352,TSHB
84101,-0.027512379749999205,USP44
6386,-0.027513619999998795,SDCBP
22895,-0.02755478524999999,RPH3A
11051,-0.027616480500000762,NUDT21
79667,-0.027662045000000468,KLF3-AS1
54587,-0.027697657750000104,MXRA8
2053,-0.02771756174999984,EPHX2
283050,-0.027766246000000105,ZMIZ1-AS1
338322,-0.02777836374999998,NLRP10
3344,-0.027785338749999777,FOXN2
245937,-0.02778685900000033,DEFB124
10333,-0.027798771250000076,TLR6
2793,-0.027817293500000062,GNGT2
8787,-0.027820423500000135,RGS9
51780,-0.02783454200000257,KDM3B
79734,-0.027915467249999715,KCTD17
129880,-0.02793611624999981,BBS5
5444,-0.027967377500000445,PON1
7597,-0.02798913724999963,ZBTB25
3772,-0.028038036499999475,KCNJ15
85001,-0.028059611749999824,MGC16275
9855,-0.02807762100000044,FARP2
11190,-0.0280851430000002,CEP250
57125,-0.028146338750000055,PLXDC1
728081,-0.02821218099999978,LINC00290
79632,-0.02838774725000004,FAM184A
3294,-0.028394377249999714,HSD17B2
6594,-0.028479375999999945,SMARCA1
130827,-0.02854815300000002,TMEM182
6354,-0.02857840249999999,CCL7
100507600,-0.028700469499999937,LCT-AS1
286114,-0.028738148750000025,LINC02153
23473,-0.028852661000000168,CAPN7
440131,-0.028872029499999563,LINC00544
286514,-0.02893767624999999,MAGEB18
54431,-0.028970787249997798,DNAJC10
7384,-0.029028355999999533,UQCRC1
9094,-0.029091809000000524,UNC119
58475,-0.029183354500000203,MS4A7
83546,-0.029191393250000086,RTBDN
2977,-0.029198509999999622,GUCY1A2
26984,-0.029266205749999052,SEC22A
84305,-0.029288773750000274,PYM1
55679,-0.029298833999999996,LIMS2
4589,-0.0293078815000003,MUC7
84532,-0.02931516175000004,ACSS1
347,-0.02931600849999949,APOD
129025,-0.029317621249999704,ZNF280A
221120,-0.02934138949999987,ALKBH3
252969,-0.02935925825000041,NEIL2
146861,-0.02937987475000048,SLC35G3
4088,-0.02939220624999983,SMAD3
57799,-0.02944425025000008,RAB40C
79625,-0.029461060999999678,NDNF
143662,-0.02951568999999976,MUC15
284217,-0.029528873499999886,LAMA1
23498,-0.02953466999999943,HAAO
2570,-0.02954876775000015,GABRR2
1734,-0.02956043574999967,DIO2
135,-0.029645872750000635,ADORA2A
57019,-0.0297132849999997,CIAPIN1
653140,-0.02980674699999941,FAM228A
57061,-0.029899689500000548,HYMAI
25775,-0.029919927500000387,YWHAH-AS1
9810,-0.029948532749999757,RNF40
9202,-0.030007340499999202,ZMYM4
221264,-0.030009517499999916,AK9
80332,-0.030020837749999973,ADAM33
91147,-0.030037194249999732,TMEM67
4762,-0.03004425849999981,NEUROG1
5892,-0.03009916949999969,RAD51D
55051,-0.030105662750000484,NRDE2
100652853,-0.030239109250000062,LINC01023
124359,-0.030242340999999673,CDYL2
7454,-0.030248397249999837,WAS
9477,-0.030282668499999943,MED20
84336,-0.030515727500000978,TMEM101
79885,-0.030563736750000015,HDAC11
414260,-0.03058398600000034,LINC00619
441025,-0.03065146200000024,LINC02483
51046,-0.0307621039999999,ST8SIA3
509,-0.03090078750000025,ATP5F1C
84759,-0.031039569999999905,PCGF1
100507463,-0.031105005749999748,PSMB8-AS1
858,-0.031168312250000163,CAV2
2168,-0.031234528249999727,FABP1
100996702,-0.03125485449999976,LINC01356
8546,-0.03126255325000038,AP3B1
8427,-0.03129541650000034,ZNF282
3104,-0.03137238199999981,ZBTB48
149643,-0.03140412949999982,SPATA45
56667,-0.03145242175000007,MUC13
55501,-0.031472906749999474,CHST12
387923,-0.03155197325000003,SERP2
150596,-0.03159364949999954,LINC01931
22981,-0.03163598874999973,NINL
5623,-0.03164044975000069,PSPN
53940,-0.03165516650000022,FTHL17
93621,-0.0316865425000028,MRFAP1
54993,-0.03169098425000039,ZSCAN2
123606,-0.03186982750000045,NIPA1
146330,-0.03193633850000044,FBXL16
353497,-0.03211125600000031,POLN
100507391,-0.032118071749999366,LINC01968
7329,-0.032147201749999965,UBE2I
50805,-0.03220802075000018,IRX4
55739,-0.032214682000001105,NAXD
6364,-0.03222104299999984,CCL20
26578,-0.032405128750001566,OSTF1
165324,-0.03241858575000034,UBXN2A
1300,-0.0324699690000001,COL10A1
80206,-0.03252487625000011,FHOD3
4943,-0.032525490999999906,TBC1D25
56829,-0.032555927499998916,ZC3HAV1
25837,-0.0325728875000002,RAB26
100129427,-0.03258774349999971,DDC-AS1
50512,-0.03266245249999944,PODXL2
79774,-0.03285251950000001,GRTP1
54777,-0.032877163499999806,CFAP46
613212,-0.032921619500000165,CTXN3
56127,-0.0329389627500003,PCDHB9
285095,-0.033012698000000285,FAM240C
11101,-0.03306566375000042,ATE1
79160,-0.03313251049999977,LINC01711
100506680,-0.03314329400000027,SACS-AS1
284379,-0.03318255325000008,LOC284379
80270,-0.03322575800000038,HSD3B7
5192,-0.03322902024999985,PEX10
26073,-0.03324448374999989,POLDIP2
389203,-0.0333111117499989,SMIM20
112950,-0.03331786349999888,MED8
138046,-0.033344887749999774,RALYL
286205,-0.03336235574999957,SCAI
7410,-0.03342942524999959,VAV2
11162,-0.03349103025000044,NUDT6
100506724,-0.03349987699999968,LINC00901
14,-0.0336417602500001,AAMP
253868,-0.03371606575000019,CRMA
50511,-0.033717801500000366,SYCP3
170394,-0.03372384924999983,PWWP2B
1455,-0.03372670099999997,CSNK1G2
821,-0.033733600000001474,CANX
23519,-0.033828813249999534,ANP32D
2696,-0.033874004749999465,GIPR
51264,-0.03391076224999878,MRPL27
64417,-0.03401332049999972,TMEM267
100505498,-0.034017613999999696,LOC100505498
154790,-0.034058248750000075,CLEC2L
643866,-0.03413052274999995,CBLN3
56925,-0.03416293275000015,LXN
147746,-0.03421910100000014,HIPK4
285386,-0.034269196000000335,TPRG1
11196,-0.03435409575000037,SEC23IP
6184,-0.03447021999999933,RPN1
223082,-0.03447254249999965,ZNRF2
10329,-0.03456233900000072,RXYLT1
26205,-0.03473583974999972,GMEB2
6715,-0.034790974749999926,SRD5A1
1296,-0.03485798025000042,COL8A2
146310,-0.034889968499999924,RNF151
4103,-0.03493411600000007,MAGEA4
348793,-0.03495922749999991,WDR53
84896,-0.03496745775000143,ATAD1
836,-0.03497667249999914,CASP3
55454,-0.035005445249999934,CSGALNACT2
814,-0.03501539124999997,CAMK4
27434,-0.035093063749999764,POLM
84691,-0.035095485249999836,GARIN1B
3730,-0.035130834499999875,ANOS1
378805,-0.035156212500000006,LINC-PINT
344838,-0.035292634749999774,PAQR9
23516,-0.03529669000000002,SLC39A14
145748,-0.03532370050000022,LYSMD4
146542,-0.0353691089999999,ZNF688
64762,-0.03539136024999978,GAREM1
255130,-0.03548778024999999,IGFBP7-AS1
5996,-0.03563899124999992,RGS1
100506860,-0.03580078550000021,LINC00513
399665,-0.035804464249999945,EEIG1
23339,-0.03586604449999964,VPS39
728431,-0.035867475999999954,LITATS1
55885,-0.035914910250000265,LMO3
460,-0.035955381750000015,ASTN1
121355,-0.035955502500000236,GTSF1
79943,-0.03601418600000006,ZNF696
5101,-0.036015941000000495,PCDH9
9861,-0.03609052500000054,PSMD6
84066,-0.03612121899999998,TEX35
121274,-0.036211027249999805,ZNF641
9852,-0.03626695425000026,EPM2AIP1
113622,-0.03627923125000043,ADPRHL1
114904,-0.0364313837500001,C1QTNF6
57664,-0.03657015224999993,PLEKHA4
100129387,-0.0367696202500003,GABPB1-AS1
1585,-0.03677454450000006,CYP11B2
11155,-0.03681449749999999,LDB3
9537,-0.03683981124999969,TP53I11
83642,-0.03694794150000025,SELENOO
84944,-0.0370205600000002,MAEL
8766,-0.03703562925000092,RAB11A
9552,-0.03703868750000083,SPAG7
374491,-0.03706017724999988,TPTE2P6
100129617,-0.037082871750000024,LOC100129617
55035,-0.03720523574999923,NOL8
26130,-0.037228363749999716,GAPVD1
84263,-0.037308456000001655,HSDL2
2874,-0.03731398100000005,GPS2
24149,-0.037352680749999756,ZNF318
54504,-0.03735647749999993,CPVL
84417,-0.03739592099999989,ECRG4
63940,-0.037414522500000214,GPSM3
148823,-0.03745082675000022,GCSAML
2012,-0.037510182500000155,EMP1
5074,-0.03764943900000084,PAWR
22928,-0.037669167499998935,SEPHS2
27314,-0.037710421749999945,RAB30
57222,-0.037721024499997924,ERGIC1
7738,-0.037722782249999476,ZNF184
573,-0.037771667999999536,BAG1
5130,-0.03780838299999978,PCYT1A
100132596,-0.03781311424999956,XGY2
286333,-0.03788463374999962,FAM225A
6505,-0.037891462750000215,SLC1A1
100294720,-0.03789383924999967,NHEG1
79857,-0.03798036675000027,FLJ13224
3780,-0.03798103450000001,KCNN1
64794,-0.038062644000000034,DDX31
1953,-0.038151065500000136,MEGF6
100506108,-0.038196443999999996,SIX3-AS1
1436,-0.0381982169999997,CSF1R
100129662,-0.03822293824999967,FGF13-AS1
4233,-0.038249205500000105,MET
533,-0.038319299999997725,ATP6V0B
144577,-0.0383387260000001,KICS2
255104,-0.03834204425000021,TMCO4
23236,-0.038402646499999804,PLCB1
894,-0.03852562249999991,CCND2
2994,-0.03852692250000045,GYPB
101060091,-0.038654531749999776,ACTR3-AS1
100506757,-0.03870148399999973,LINC00629
342979,-0.03872990350000016,PALM3
283152,-0.03875897574999998,DRC12
54751,-0.038828565500000245,FBLIM1
387521,-0.03889388625000034,PEDS1
196446,-0.03899275574999983,MYRFL
641467,-0.039013791500000394,TSC22D1-AS1
440132,-0.03903561624999963,LINC00545
158228,-0.03908159649999954,FAM201A
2938,-0.03909148249999994,GSTA1
54881,-0.03910900550000207,TEX10
283450,-0.03920620874999958,HECTD4
128710,-0.039228143749999944,SLX4IP
387496,-0.03923011999999959,RASL11A
57501,-0.03932607600000004,CFAP92
100505622,-0.03952061050000033,LNROP
57701,-0.03960669775000003,NCKAP5L
5581,-0.03962822999999993,PRKCE
4925,-0.03963346999999828,NUCB2
23353,-0.03963522975,SUN1
1,-0.03969573475000043,A1BG
9075,-0.03973969325000004,CLDN2
582,-0.03979731949999987,BBS1
84816,-0.03985888075000066,RTN4IP1
205564,-0.039884458749999574,SENP5
9620,-0.04026433649999994,CELSR1
284521,-0.04027576224999985,OR2L13
128876,-0.04030195699999961,SACK1C
56971,-0.04031104824999954,CEACAM19
5576,-0.04040407150000025,PRKAR2A
79685,-0.04040485849999964,SAP30L
51272,-0.040416798249999886,BET1L
57677,-0.04045133525000022,ZFP14
84750,-0.040536364499999866,POFUT3
134864,-0.040575688249999686,TAAR1
91833,-0.04058920524999898,WDR20
160777,-0.04059892549999988,CCDC60
7704,-0.04062318850000013,ZBTB16
7098,-0.040806291250000015,TLR3
23148,-0.0408738607500001,NACAD
283214,-0.04089598774999992,DGAT2-DT
4929,-0.04089666975000039,NR4A2
100288730,-0.04105574499999998,PAN3-AS1
6279,-0.041057280500000015,S100A8
29948,-0.041168315499999775,OSGIN1
197407,-0.041280833750000134,ZNF48
79778,-0.041306674499999474,MICALL2
146434,-0.04132280274999989,ZNF597
27146,-0.04133779400000037,FAM184B
23394,-0.04147631775000171,ADNP
10893,-0.041504612749999836,MMP24
259217,-0.041594775500000125,HSPA12A
84335,-0.04174996725000035,AKT1S1
283314,-0.041798294499999944,C1RL-AS1
23172,-0.04190601900000068,ABRAXAS2
100507062,-0.041936996250000025,PSMD6-AS2
374387,-0.042051357999999706,LINC02716
147670,-0.04214068074999977,SMIM17
5325,-0.04220027174999963,PLAGL1
64598,-0.04224742975000062,MOSPD3
283298,-0.0422890387499999,OLFML1
197135,-0.042308412249999705,PATL2
283149,-0.04245314924999999,BCL9L
729678,-0.04250602800000003,LINC00847
80763,-0.042536094249999934,SPX
145978,-0.04260985900000014,LINC00052
80821,-0.04261262549999989,DDHD1
644844,-0.042716080499999975,PHGR1
5340,-0.042736500749999795,PLG
221424,-0.04280025125000009,LRRC73
9629,-0.042821347249999864,CLCA3P
4199,-0.04291245124999987,ME1
4620,-0.042921954000000095,MYH2
10810,-0.04295782625000033,WASF3
10755,-0.04297852149999937,GIPC1
10120,-0.04306018775000009,ACTR1B
285613,-0.04308476025000019,RELL2
22993,-0.043184939249999665,HMGXB3
152877,-0.043446294749999836,FAM53A
64645,-0.043567485000000516,SLC71A1
100996342,-0.04357043650000003,LINC01664
221303,-0.04363866025000007,FAM162B
375295,-0.04372759724999975,LINC01116
3094,-0.0439767075000006,HINT1
28425,-0.04418028024999998,IGHV3-47
646268,-0.04419627375000035,LINC01704
253738,-0.04434829674999996,EBF3
124583,-0.044351611249999756,CANT1
200523,-0.04441683825000009,SPMIP9
9725,-0.04442963975000014,TMEM63A
25912,-0.04446239500000004,LTAP1
125988,-0.044505577500000726,MICOS13
2002,-0.04455696025,ELK1
441461,-0.04459358825000059,STX17-DT
51093,-0.04461769499999946,METTL25B
144717,-0.04467064349999994,PHETA1
25900,-0.04478391324999986,IFFO1
139716,-0.04492876925000022,GAB3
9677,-0.0450840712499998,PPIP5K1
91801,-0.04511623249999985,ALKBH8
161424,-0.045134235250000376,NOP9
104,-0.04517816525000029,ADARB1
56605,-0.04520147449999978,ERO1B
5694,-0.04534161499999989,PSMB6
164781,-0.04538314950000055,DAW1
147947,-0.04540036325000063,ZNF542P
10294,-0.045502691750000324,DNAJA2
5216,-0.045524314999997983,PFN1
79810,-0.04565270449999925,PTCD2
340578,-0.04566042800000014,DCAF12L2
64927,-0.04566448949999913,TTC23
84902,-0.04571754425000041,CEP89
8968,-0.04586333275000021,H3C7
100506476,-0.04598466124999945,MIDEAS-AS1
54926,-0.046122388249997925,UBE2R2
148231,-0.04626887724999973,LINC00905
7982,-0.04630603975000014,ST7
746,-0.046330660000000634,TMEM258
254048,-0.046567740750000475,UBN2
60625,-0.04658936000000047,DHX35
100996654,-0.04661147074999983,SEC61G-DT
10048,-0.04674359500000058,RANBP9
579,-0.04674475599999983,NKX3-2
5155,-0.04677300350000024,PDGFB
126147,-0.04686128949999979,NTN5
23295,-0.04694343799999867,MGRN1
23254,-0.046973853499999496,KAZN
1301,-0.04698505525000041,COL11A1
440078,-0.04704644775000055,FAM66C
79623,-0.04706150350000016,GALNT14
57595,-0.04717719299999956,PDZD4
10190,-0.047195637499999776,TXNDC9
136242,-0.04720772549999985,PRSS37
317671,-0.047365983249999744,RFESD
79661,-0.04740560399999971,NEIL1
84957,-0.04744603625000021,RELT
134,-0.04747848674999977,ADORA1
11180,-0.047492180249999905,WDR6
166824,-0.047548507249999705,RASSF6
860,-0.047588003750000496,RUNX2
27112,-0.047652231749999885,NALF2
92979,-0.047669431999999734,MARCHF9
28465,-0.04767545625000014,IGHV1-46
114569,-0.04768731074999977,MAL2
79184,-0.047713666249999065,BRCC3
54905,-0.04773233674999977,CYP2W1
83854,-0.047755542250000005,ANGPTL6
3460,-0.04785447649999952,IFNGR2
84612,-0.047915081750000255,PARD6B
1419,-0.04792982425000014,CRYGB
414899,-0.04802964075000027,BLID
23251,-0.04808085925000016,MINAR1
100009676,-0.04815194725000005,ZBTB11-AS1
396,-0.048252967749999875,ARHGDIA
123775,-0.048263795,C16orf46
6315,-0.048376213749999675,ATXN8OS
136895,-0.04840648275000037,SPMIP4
140710,-0.04845218750000013,MTCL2
54927,-0.048560159499999145,CHCHD3
79033,-0.048681182999999795,ERI3
10154,-0.04890218025000026,PLXNC1
9162,-0.04894310575000027,DGKI
3305,-0.049005487249999646,HSPA1L
55327,-0.04907812499999764,LIN7C
10589,-0.04910880200000012,DRAP1
8161,-0.04919720974999997,COIL
8495,-0.04923228725000017,PPFIBP2
6748,-0.04927079000000134,SSR4
2186,-0.04944063774999918,BPTF
54841,-0.049510345250000753,BIVM
7564,-0.049515180000000214,ZNF16
7185,-0.04962008899999981,TRAF1
9519,-0.04982110699999964,TBPL1
115950,-0.04984884125000022,ZNF653
729238,-0.04987188274999976,SFTPA2
29099,-0.05000208049999966,COMMD9
4499,-0.05003680025000001,MT1M
83937,-0.05031594349999979,RASSF4
7867,-0.05034769624999935,MAPKAPK3
10474,-0.05050101025000009,TADA3
100506540,-0.05050541725000013,MISFA
27285,-0.05070544024999979,TEKT2
527,-0.050770688249999196,ATP6V0C
80298,-0.05089919574999957,MTERF2
85450,-0.05093780275000004,ITPRIP
5271,-0.05098072949999999,SERPINB8
58526,-0.05101615800000037,MID1IP1
10564,-0.05112610024999853,ARFGEF2
2304,-0.051156124499999844,FOXE1
7852,-0.05133460975000026,CXCR4
710,-0.05141622574999971,SERPING1
55303,-0.051433841999999785,GIMAP4
55092,-0.05143536025000017,TMEM51
11156,-0.051520857249999885,PTP4A3
10244,-0.051589232999999624,RABEPK
653808,-0.051641077999999396,ZG16
26339,-0.051653361250000085,OR5K1
388,-0.05166677375000006,RHOB
4123,-0.05173893100000093,MAN2C1
147687,-0.05174740825000024,ZNF417
123169,-0.051774437250001526,LEO1
91179,-0.05178712375000005,SCARF2
203102,-0.05183701049999989,ADAM32
4828,-0.05184094874999978,NMB
4092,-0.05202209800000013,SMAD7
284385,-0.052067838000000144,ZNF561-AS1
114898,-0.052196947500000146,C1QTNF2
50,-0.05220212550000003,ACO2
100505876,-0.05237088550000024,CEBPZOS
6819,-0.05241509199999994,SULT1C2
10463,-0.05250343749999864,SLC30A9
100506358,-0.052637230999999396,LOC100506358
100505547,-0.05271679074999991,LINC01208
10636,-0.05273843300000003,RGS14
9480,-0.052785431999999854,ONECUT2
11133,-0.052834172250000755,KPTN
84307,-0.052857946500000086,ZNF397
43847,-0.05295061024999992,KLK14
153364,-0.0529717987499998,MBLAC2
79886,-0.05326659024999891,CAAP1
83872,-0.05341441475000064,HMCN1
7157,-0.053420537250000066,TP53
493,-0.053590351250000445,ATP2B4
89932,-0.05370786275000006,PAPLN
221476,-0.05374053525000022,PI16
56914,-0.05378880325000024,OTOR
29123,-0.05399353650000016,ANKRD11
56970,-0.05399941875000014,ATXN7L3
22839,-0.05410356824999951,DLGAP4
148254,-0.05415308999999979,ZNF555
4041,-0.05441570250000005,LRP5
25962,-0.05449160175000056,VIRMA
4803,-0.05455737875000022,NGF
9807,-0.05455866024999967,IP6K1
28996,-0.05457234049999915,HIPK2
155061,-0.05457660074999904,ZNF746
30001,-0.054588667749999154,ERO1A
64593,-0.05465497899999949,RBMY3AP
8576,-0.05485007874999992,STK16
54784,-0.05498787124999982,ALKBH4
55892,-0.05501290550000082,MYNN
100132386,-0.05507044724999943,KRTAP4-9
202781,-0.055196037249999996,PAXIP1-DT
25801,-0.055233155749999874,GCA
1346,-0.0554213610000005,COX7A1
5593,-0.05544081549999991,PRKG2
114785,-0.05552151225000035,MBD6
100506371,-0.05552385925000003,LINC02091
4852,-0.055580547499999966,NPY
9570,-0.05569332349999989,GOSR2
128637,-0.055704133000000766,TBC1D20
140612,-0.05582487625000043,ZFP28
57179,-0.05585601499999804,KIAA1191
56892,-0.05589501050000001,TCIM
1943,-0.05598895699999984,EFNA2
9869,-0.0560927252499992,SETDB1
38,-0.05610633850000113,ACAT1
3107,-0.05615007749999812,HLA-C
23307,-0.05623277549999983,FKBP15
3671,-0.05631458849999982,ISLR
55924,-0.05642892450000003,INKA2
29978,-0.056443682499999426,UBQLN2
1306,-0.05650742650000007,COL15A1
11153,-0.05651431124999995,FICD
22845,-0.05660145299999986,DOLK
8428,-0.056669665000001146,STK24
388567,-0.056778823250000166,ZNF749
7130,-0.056803085249999885,TNFAIP6
9158,-0.05690254574999898,FIBP
304,-0.056916771499999186,ANXA2P2
440574,-0.05702993000000012,MICOS10
10110,-0.05706772825000028,SGK2
9235,-0.05709797299999986,IL32
55929,-0.05712660749999987,DMAP1
55284,-0.057149725750000435,UBE2W
54629,-0.05717052799999944,MINDY2
8780,-0.05718140249999948,RIOK3
2170,-0.05732984249999973,FABP3
152992,-0.05734447049999991,TRMT44
1742,-0.05734525450000039,DLG4
1983,-0.05744346799999889,EIF5
140823,-0.05745508500000085,ROMO1
1738,-0.05747374649999948,DLD
5586,-0.05750763100000178,PKN2
8468,-0.05757381475000001,FKBP6
23275,-0.057837445749999716,POFUT2
2104,-0.05815663674999971,ESRRG
55699,-0.058313442500001145,IARS2
1951,-0.05832264500000006,CELSR3
158880,-0.05837810525000009,USP51
51341,-0.0586684764999994,ZBTB7A
112609,-0.058715872749999676,MRAP2
1021,-0.058914907249999704,CDK6
56965,-0.05898395025000003,PARP6
64078,-0.05902094574999994,SLC28A3
9352,-0.059293252500001614,TXNL1
64743,-0.05933159675000077,WDR13
81932,-0.05955666525000014,HDHD3
100288198,-0.059567737500000106,HMGN3-AS1
79567,-0.05957570699999959,RIPOR1
94032,-0.059721738999999996,CAMK2N2
11069,-0.05985867399999911,RAPGEF4
100134040,-0.05992883200000021,LOC100134040
9531,-0.060025022499999636,BAG3
151636,-0.06006991675000073,DTX3L
6734,-0.060205962999999585,SRPRA
9053,-0.060299675,MAP7
23293,-0.06032048425000003,SMG6
253635,-0.06032207249999999,GPATCH11
55844,-0.06034021174999982,PPP2R2D
51276,-0.060383925250000026,ZNF571
100132911,-0.060387736000000025,DPH3P1
151194,-0.060451160500000434,METTL21A
8454,-0.06052226024999996,CUL1
79156,-0.06053085299999994,PLEKHF1
4677,-0.06066055249999991,NARS1
79671,-0.06072241300000014,NLRX1
53826,-0.06076942824999998,FXYD6
8342,-0.06108215174999998,H2BC14
27254,-0.061144924749999774,CSDC2
81034,-0.061160759249998975,SLC25A32
58486,-0.06117585024999883,ZBED5
55254,-0.06122262649999932,TMEM39A
84081,-0.06123893224999932,NSRP1
113444,-0.06137988074999967,SMIM12
56121,-0.061634879499999684,PCDHB15
100506844,-0.06165665299999912,GIHCG
136263,-0.06177839950000008,SSMEM1
57498,-0.06188142625000026,KIDINS220
51032,-0.06190364799999992,CELA2B
23291,-0.06191027499999979,FBXW11
10103,-0.061984430750000374,TSPAN1
63917,-0.062096470249999314,GALNT11
5509,-0.062151720500000174,PPP1R3D
55156,-0.06215489799999929,ARMC1
2052,-0.06251567950000059,EPHX1
6228,-0.06270771699999855,RPS23
56957,-0.06273656449999976,OTUD7B
57684,-0.0628169104999996,ZBTB26
50626,-0.06287592199999992,ZFTRAF1
80723,-0.0630614774999998,SLC35G2
92421,-0.06308547599999992,CHMP4C
5778,-0.0631064535000001,PTPN7
100169890,-0.06318377274999998,PEG3-AS1
2395,-0.06345943474999993,FXN
51605,-0.06347437774999953,TRMT6
92126,-0.06355771999999948,DSEL
2280,-0.06356482450000023,FKBP1A
9863,-0.06357533725000053,MAGI2
79839,-0.06360000425000045,CCDC102B
3275,-0.06375695625000066,PRMT2
63924,-0.06382698574999957,CIDEC
54540,-0.06383370675000055,FAM193B
10221,-0.06383659875000003,TRIB1
11040,-0.06385444974999999,PIM2
7586,-0.06392643050000046,ZKSCAN1
29956,-0.06403400025000039,CERS2
2909,-0.06410309775000034,ARHGAP35
6297,-0.06411223175000025,SALL2
23014,-0.06423740650000198,FBXO21
7494,-0.06432473300000119,XBP1
57636,-0.0643304127500004,ARHGAP23
100507316,-0.06434693824999993,MINCR
6617,-0.064388687000001,SNAPC1
3007,-0.06448333325000055,H1-3
5253,-0.06470599975000013,PHF2
494115,-0.06514589324999953,RBMXL1
150275,-0.06514620999999998,CCDC117
114907,-0.0651978027500002,FBXO32
55824,-0.06521438000000002,PAG1
54826,-0.06528192449999892,GIN1
27087,-0.06532722624999998,B3GAT1
55744,-0.06534903250000035,COA1
8678,-0.06535629250000241,BECN1
79782,-0.06544273424999991,LRRC31
1767,-0.06546971624999998,DNAH5
1555,-0.06547903675000022,CYP2B6
1314,-0.0655588835000005,COPA
546,-0.0656775117499997,ATRX
386758,-0.06584513100000056,ZNF582-DT
84847,-0.0658688129999998,LINC00525
728568,-0.06590290324999959,UQCC6
63935,-0.06595086075000012,PCIF1
57610,-0.06601992024999959,RANBP10
26267,-0.0660311874999997,FBXO10
3099,-0.06608631350000005,HK2
57128,-0.0662035285,LYRM4
54987,-0.06630053724999918,CZIB
7060,-0.06630934850000036,THBS4
8705,-0.0663614619999997,B3GALT4
10181,-0.06645058424999917,RBM5
643072,-0.06648589749999978,BAZ2B-AS1
10078,-0.06655878950000105,TSSC4
4245,-0.06656520325000059,MGAT1
4211,-0.06660699075000043,MEIS1
9637,-0.06660932499999994,FEZ2
153657,-0.06662656499999953,TTC23L
80339,-0.06669822474999965,PNPLA3
140838,-0.06671246975000145,NANP
6741,-0.0668045725000006,SSB
9600,-0.0668688779999993,PITPNM1
51588,-0.06697530125000029,PIAS4
5336,-0.0670790560000003,PLCG2
58508,-0.067094816,KMT2C
25800,-0.06718140325000022,SLC39A6
54439,-0.06719853925000052,RBM27
728024,-0.06729234825000008,STEEP1P1
1594,-0.06734670399999976,CYP27B1
3106,-0.06738228000000035,HLA-B
100359394,-0.06745274975000015,LINC00102
11250,-0.06756309975000008,GPR45
314,-0.06764338099999989,AOC2
29883,-0.0677048460000016,CNOT7
219333,-0.06773471325000013,USP12
100128288,-0.06779310524999937,LOC100128288
83744,-0.06794394349999999,ZNF484
8000,-0.06798025299999955,PSCA
54832,-0.06801105350000114,VPS13C
23214,-0.06831552924999862,XPO6
53836,-0.06840513650000002,GPR87
132200,-0.06844658424999972,C3orf49
2768,-0.06865132525000028,GNA12
7008,-0.06878256024999985,TEF
80274,-0.06881055424999971,SCUBE1
400831,-0.0690004860000002,C20orf202
26953,-0.06912255349999974,RANBP6
3263,-0.06913204049999999,HPX
4495,-0.06922625925000014,MT1G
55138,-0.06930970699999994,FAM90A1
9367,-0.06939524449999901,RAB9A
388753,-0.06956302649999913,COA6
200558,-0.06960029225000008,APLF
6392,-0.06962955750000077,SDHD
79657,-0.06975623949999932,RPAP3
83938,-0.0698157880000001,LRMDA
55630,-0.06995952425000018,SLC39A4
23071,-0.06997831775000041,ERP44
124808,-0.06999514450000177,CCDC43
254128,-0.07001266324999911,NIFK-AS1
51619,-0.07003327299999995,UBE2D4
9789,-0.0702684037500001,SPCS2
26521,-0.07037732675000008,TIMM8B
26268,-0.07048594274999864,FBXO9
84661,-0.07059368999999904,DPY30
4327,-0.07062282600000014,MMP19
93589,-0.07069067225000003,CACNA2D4
57474,-0.0707435115000008,ZNF490
84176,-0.07076336049999954,MYH16
4700,-0.0710057967500024,NDUFA6
100506068,-0.07101279149999984,DACT3-AS1
4478,-0.0710141550000003,MSN
5341,-0.07102469624999941,PLEK
27430,-0.07109444750000193,MAT2B
6774,-0.07110649374999944,STAT3
326,-0.07114127600000053,AIRE
64328,-0.07123671799999975,XPO4
113251,-0.0712733757499997,LARP4
3620,-0.07147234499999966,IDO1
440356,-0.07159402750000021,CDIPTOSP
79726,-0.07166669875000053,WDR59
6322,-0.0718453982499998,SCML1
79004,-0.07184702450000024,CUEDC2
7486,-0.07199176800000018,WRN
5905,-0.07202740375000083,RANGAP1
143888,-0.07203932974999994,POGLUT3
100129917,-0.07210040774999982,PCGF3-AS1
92291,-0.07225047574999977,CAPN13
11258,-0.07234517250000039,DCTN3
10164,-0.07270905974999975,CHST4
1060,-0.07290072425000105,CENPC
5670,-0.0729031555000006,PSG2
163115,-0.07291786974999992,ZNF781
3032,-0.07294132250000018,HADHB
5281,-0.07316436875000143,PIGF
4784,-0.07326047449999962,NFIX
84859,-0.07333824175000014,LRCH3
658,-0.07333918774999937,BMPR1B
3396,-0.073634230999998,MRPL58
6477,-0.07381401825000022,SIAH1
56172,-0.07383159025000019,ANKH
58491,-0.07388403499999985,ZNF71
9326,-0.07396414225000036,ZNHIT3
8565,-0.07409121250000084,YARS1
26003,-0.07409549850000019,GORASP2
10845,-0.07423388775000106,CLPX
221656,-0.07430004074999985,KDM1B
5007,-0.07436060624999996,OSBP
100507257,-0.07453284025000029,MEG9
8572,-0.07460798649999978,PDLIM4
55827,-0.07461760949999885,DCAF6
5295,-0.07470619124999978,PIK3R1
55018,-0.07480393725000001,ANKRD40CL
55191,-0.07481913124999995,NADSYN1
57570,-0.0748908789999998,TRMT5
54708,-0.07504483424999897,MARCHF5
22875,-0.07504799124999995,ENPP4
79048,-0.07510844950000095,SECISBP2
441549,-0.07531858049999984,CDNF
57158,-0.07537504824999997,JPH2
5464,-0.07542418249999905,PPA1
58513,-0.07560226375000045,EPS15L1
23053,-0.07561448449999952,ZSWIM8
80169,-0.07561869474999972,CTC1
8976,-0.07562431850000095,WASL
9797,-0.07574169599999969,TATDN2
8455,-0.0757945754999998,ATRN
27005,-0.07582943974999967,USP21
400759,-0.07592825874999942,GBP1P1
2628,-0.07595408725000041,GATM
2863,-0.07610293399999968,GPR39
9871,-0.0761200882500006,SEC24D
51157,-0.076153778000001,ZNF580
6302,-0.07622520699999935,TSPAN31
4289,-0.07623070075000093,MKLN1
84294,-0.07627145925,UTP23
51271,-0.07648409274999945,UBAP1
7637,-0.07652195550000052,ZNF84
4190,-0.0766406650000011,MDH1
51123,-0.07671056100000051,ZNF706
55253,-0.07672439924999885,TYW1
6843,-0.07694340799999999,VAMP1
79874,-0.07706025274999995,RABEP2
51426,-0.07707201099999939,POLK
83451,-0.07720154249999922,ABHD11
79992,-0.07736786174999999,AGPAT4-IT1
646576,-0.07737758825000007,HHIP-AS1
65264,-0.07739592950000151,UBE2Z
5580,-0.07744321075000027,PRKCD
84329,-0.0774842935000013,HVCN1
5436,-0.07752914824999912,POLR2G
83481,-0.0775377077499999,EPPK1
4815,-0.07755016650000046,NINJ2
23452,-0.07767542024999985,ANGPTL2
91603,-0.07767828450000014,ZNF830
9734,-0.07785736599999993,HDAC9
83986,-0.07805057349999878,FAM234A
5830,-0.07827902199999937,PEX5
7511,-0.07830483575000002,XPNPEP1
138050,-0.07830533699999975,HGSNAT
57232,-0.07839480124999998,ZNF630
4646,-0.07840514699999979,MYO6
64083,-0.07848989000000017,GOLPH3
1460,-0.07878307250000027,CSNK2B
100216546,-0.07885203100000027,LINC01004
51196,-0.07887316924999954,PLCE1
339327,-0.07890955875000039,ZNF546
7482,-0.07894221000000012,WNT2B
7570,-0.078961843250001,ZNF22
56052,-0.0789985122500001,ALG1
10464,-0.07904254150000067,PIBF1
55610,-0.07907158600000042,VPS50
5566,-0.07918995949999985,PRKACA
646962,-0.07924934275000028,HRCT1
126792,-0.07928479350000028,B3GALT6
79586,-0.07958888350000004,CHPF
148932,-0.07969914575000026,MOB3C
50509,-0.07975707900000018,COL5A3
5430,-0.07981160850000002,POLR2A
91353,-0.07983412050000016,IGLL3P
60684,-0.0798744947500003,TRAPPC11
9097,-0.0799102974999979,USP14
5051,-0.08009371724999959,PAFAH2
25786,-0.08009974125000019,DGCR11
7323,-0.08011250000000203,UBE2D3
8883,-0.08012709499999815,NAE1
112703,-0.08017781624999998,GARIN5A
259293,-0.08032099800000037,TAS2R30
196513,-0.08038905875000069,DCP1B
4635,-0.08040848274999979,MYL4
728489,-0.08041536949999983,DNLZ
23210,-0.08053052875000066,JMJD6
9904,-0.08071175124999996,RBM19
2595,-0.0807165809999999,GANC
137964,-0.08086608825000141,GPAT4
5986,-0.08090893674999933,RFNG
255488,-0.0810736632500002,RNF144B
9282,-0.08110960424999902,MED14
157769,-0.08111712500000046,FAM91A1
1291,-0.0813349957499998,COL6A1
358,-0.08144712200000015,AQP1
285268,-0.08147400250000025,ZNF621
10573,-0.08159874024999958,MRPL28
144402,-0.08162911750000035,CPNE8
55260,-0.08169374849999977,TMEM143
100129195,-0.08183989824999971,ZSCAN16-AS1
287,-0.0818869667500004,ANK2
9760,-0.08189661224999956,TOX
11182,-0.08193191850000048,SLC2A6
7473,-0.08210311449999974,WNT3
100874239,-0.08218415350000008,ARHGAP26-AS1
219541,-0.08227567525000268,MED19
9440,-0.08236728400000093,MED17
1437,-0.08251512550000006,CSF2
3174,-0.0825225189999994,HNF4G
3606,-0.08254053075000023,IL18
51750,-0.08255098725000032,RTEL1
3074,-0.08258440250000021,HEXB
80851,-0.08260685824999925,SH3BP5L
2940,-0.08300187675000004,GSTA3
100287177,-0.08302633449999997,EML2-AS1
282890,-0.08309575899999988,ZNF311
100499177,-0.0831885519999993,THAP9-AS1
51129,-0.08328184950000006,ANGPTL4
9592,-0.08340423974999922,IER2
1650,-0.08346300500000048,DDOST
23549,-0.08352137199999987,DNPEP
80776,-0.08369883674999956,B9D2
283638,-0.0838503102499999,CEP170B
79587,-0.08391153275000018,CARS2
2683,-0.08392504075000007,B4GALT1
6257,-0.08394268824999962,RXRB
79947,-0.08396888550000003,DHDDS
29903,-0.08411159224999976,CCDC106
23765,-0.08411941274999979,IL17RA
283385,-0.08417592075000035,MORN3
4791,-0.0842676227500001,NFKB2
10168,-0.08441697700000006,ZNF197
7528,-0.0845457224999997,YY1
64895,-0.08463829974999992,PAPOLG
55186,-0.08475557750000107,SLC25A36
253943,-0.08476084274999884,YTHDF3
54806,-0.08489044349999997,AHI1
89848,-0.08489698799999967,FCHSD1
79931,-0.0849545195000001,TNIP3
140706,-0.08503153000000019,CCM2L
22859,-0.08509305300000003,ADGRL1
57680,-0.08517841625000067,CHD8
7936,-0.08519143774999804,NELFE
51592,-0.08519457725000201,TRIM33
54879,-0.0852645514999999,ST7L
84376,-0.08530087749999993,HOOK3
2302,-0.0853808964999998,FOXJ1
728637,-0.08548110649999963,MEIKIN
57535,-0.08552229599999972,ELAPOR1
5362,-0.08559068525000058,PLXNA2
23089,-0.08560856825000007,PEG10
84812,-0.08563233249999991,PLCD4
81562,-0.08582866525000021,LMAN2L
257396,-0.08588444599999967,MOCS2-DT
85016,-0.0859483984999998,CFAP300
7980,-0.08596906249999936,TFPI2
6775,-0.08598197325000001,STAT4
83862,-0.08640315475000016,TMEM120A
83445,-0.08644411849999978,GSG1
93624,-0.08651810225000034,TADA2B
6508,-0.08660073475000019,SLC4A3
3304,-0.08669558174999992,HSPA1B
79842,-0.08680458675000047,ZBTB3
100506368,-0.08684555800000027,FZD4-DT
121512,-0.08691631850000014,FGD4
5796,-0.08715762249999948,PTPRK
7430,-0.08739001425000037,EZR
157680,-0.08741087774999912,VPS13B
130507,-0.08760457450000025,UBR3
2963,-0.08768109375000055,GTF2F2
9990,-0.08786184975000033,SLC12A6
333,-0.08794688525000005,APLP1
84875,-0.08795483375000002,PARP10
10848,-0.08801443499999984,PPP1R13L
8940,-0.08805885325000018,TOP3B
100132116,-0.0883339464999997,ACTA2-AS1
51022,-0.0883503955000009,GLRX2
23378,-0.08840620275000077,RRP8
11344,-0.08855882150000127,TWF2
56006,-0.08858528950000011,SMG9
3665,-0.08861349599999979,IRF7
4597,-0.08873879275000007,MVD
54344,-0.08906145100000007,DPM3
92181,-0.08912265524999974,UBTD2
8548,-0.08941363874999997,BLZF1
85865,-0.0894600342499996,GTPBP10
411,-0.0894820687500002,ARSB
26099,-0.08984365450000009,SZRD1
127435,-0.09006075175000028,PODN
23163,-0.0900612194999999,GGA3
81856,-0.09022516899999955,ZNF611
57496,-0.09033000750000042,MRTFB
9857,-0.09040685349999933,CEP350
7905,-0.09050493500000201,REEP5
138716,-0.0905134254999993,RPP25L
92691,-0.0905235947499996,TMEM169
4850,-0.09057102650000015,CNOT4
10693,-0.09064777275000013,CCT6B
57404,-0.09077325575000117,CYP20A1
10695,-0.09096681825000097,CNPY3
51166,-0.09109015049999947,AADAT
80267,-0.09133330750000113,EDEM3
728224,-0.09133779300000011,KRTAP4-8
1457,-0.09137521949999972,CSNK2A1
54505,-0.09151492999999888,DHX29
120379,-0.09168525275000006,PIH1D2
4799,-0.09187332599999998,NFX1
91949,-0.09189929500000016,COG7
5372,-0.09218330699999999,PMM1
90589,-0.09240057050000017,ZNF625
9374,-0.09244841899999967,PPT2
4090,-0.09257983800000069,SMAD5
348262,-0.0926669427500002,MCRIP1
79858,-0.09271864799999996,NEK11
9778,-0.09275573075000043,KIAA0232
791115,-0.09289551324999978,PWRN2
387751,-0.09293187625000021,GVINP1
134957,-0.09318871324999911,STXBP5
27115,-0.09319652950000012,PDE7B
8908,-0.09341651150000008,GYG2
51409,-0.09352074925000053,HEMK1
10184,-0.09365628975000106,LHFPL2
8888,-0.09365712699999929,MCM3AP
8216,-0.09377960875000024,LZTR1
10672,-0.09397501499999983,GNA13
23381,-0.09397569274999906,SMG5
55258,-0.09414934650000006,THNSL2
339535,-0.09435120574999978,LINC01139
9054,-0.09445310625000047,NFS1
2063,-0.09448347450000005,NR2F6
5970,-0.09450631824999967,RELA
92610,-0.09453686649999948,TIFA
23547,-0.09455055499999965,LILRA4
1657,-0.09459420149999964,DMXL1
11078,-0.09480933025000038,TRIOBP
100188953,-0.09486139799999993,LINC00092
4209,-0.09487601975000004,MEF2D
192670,-0.09503566525000018,AGO4
140564,-0.09523564474999979,APOBEC3D
5361,-0.09573042600000026,PLXNA1
79634,-0.09578271624999957,SCRN3
51171,-0.0959384889999999,HSD17B14
55330,-0.09601628424999831,BLOC1S4
1676,-0.09611321499999992,DFFA
9984,-0.09633831524999792,THOC1
5562,-0.09635745625000158,PRKAA1
7145,-0.09680596274999997,TNS1
11154,-0.09704562149999951,AP4S1
10808,-0.09708056849999913,HSPH1
4430,-0.097237411750001,MYO1B
57209,-0.09724609775000026,ZNF248
79034,-0.09725915324999868,INTS15
100129550,-0.09726559599999973,LINC02035
10741,-0.0975166289999998,RBBP9
5510,-0.09755232375000134,PPP1R7
64393,-0.09761750774999989,ZMAT3
29954,-0.09781249349999932,POMT2
10542,-0.09781487249999898,LAMTOR5
22894,-0.0983381044999998,DIS3
79640,-0.09838878899999992,C22orf46P
10411,-0.09839401099999989,RAPGEF3
2739,-0.09842469750000049,GLO1
26157,-0.09843013150000024,GIMAP2
9185,-0.09848163674999988,REPS2
121053,-0.0985602279999993,NOPCHAP1
54949,-0.09857815075000076,SDHAF2
5423,-0.09866247949999973,POLB
51291,-0.09870312325000041,GMIP
54539,-0.09879954500000032,NDUFB11
57448,-0.09882124249999968,BIRC6
4772,-0.0988338247499998,NFATC1
89853,-0.09893807100000007,MVB12B
79637,-0.09907489500000022,ARMC7
10644,-0.09912948199999994,IGF2BP2
5781,-0.09917257100000043,PTPN11
23094,-0.09920580300000026,SIPA1L3
84002,-0.09935357525000121,B3GNT5
2585,-0.09956207674999895,GALK2
25822,-0.09982874875000025,DNAJB5
55713,-0.09990097025000022,ZNF334
10781,-0.10006056350000136,ZNF266
57102,-0.10010021600000041,FERRY3
3912,-0.10013020250000082,LAMB1
130940,-0.10014361250000015,CCDC148
3654,-0.10026356725000074,IRAK1
1213,-0.10035144750000136,CLTC
55336,-0.1003760210000002,FBXL8
55054,-0.10039474075000143,ATG16L1
2674,-0.10082723600000065,GFRA1
83548,-0.10085131249999968,COG3
3866,-0.10093709999999989,KRT15
92285,-0.101000918,ZNF585B
56673,-0.10104368299999944,C11orf16
5754,-0.10106911825000076,PTK7
63929,-0.10113378875000034,XPNPEP3
5537,-0.10125584024999945,PPP6C
10975,-0.1013752267500001,UQCR11
84365,-0.1014376125000016,NIFK
6615,-0.10146259224999987,SNAI1
84549,-0.10150427249999971,MAK16
51255,-0.10154832749999976,RNF181
84524,-0.10159942425000068,ZC3H8
389337,-0.1016819025000002,ARHGEF37
84445,-0.1018473240000004,LZTS2
83956,-0.10212357975000019,RACGAP1P1
3953,-0.10226819550000021,LEPR
100289361,-0.10256504175000014,U2SURP-AS1
158572,-0.1026147599999998,USP27X-DT
64755,-0.1026209765000008,RUSF1
134553,-0.10262588599999845,C5orf24
178,-0.10270410599999913,AGL
220963,-0.10279638075000008,SLC16A9
11223,-0.10284363099999982,MST1L
126789,-0.10316661824999951,PUSL1
78991,-0.10320437800000004,PCYOX1L
124739,-0.10367697274999976,USP43
8907,-0.10373427075000041,AP1M1
116437,-0.10380996224999972,LINC01257
28663,-0.10402600174999987,TRAV20
9724,-0.10410047824999857,UTP14C
23029,-0.10419854349999991,RBM34
148423,-0.10425086324999988,C1orf52
10758,-0.10441213075000011,TRAF3IP2
333926,-0.10457690500000005,PPM1J
9314,-0.10471144075000005,KLF4
4698,-0.10472536575000113,NDUFA5
50814,-0.10503831324999968,NSDHL
90736,-0.10514490899999984,VCF2
6713,-0.10528427574999988,SQLE
23070,-0.10535607624999965,CMTR1
55593,-0.10536855200000073,OTUD5
5826,-0.10541731374999941,ABCD4
1902,-0.10548205149999923,LPAR1
55599,-0.10552540424999979,RNPC3
51389,-0.10558683000000002,RWDD1
23410,-0.10572970449999941,SIRT3
26118,-0.10574336800000061,WSB1
119504,-0.10590558200000011,ANAPC16
55359,-0.10613349475000033,STYK1
79896,-0.10659191374999955,THNSL1
8508,-0.10683054174999906,NIPSNAP1
100506776,-0.10758765874999954,TRG-AS1
604,-0.10768624525000092,BCL6
153090,-0.10769558925,DAB2IP
7544,-0.10773612175000036,ZFY
100506190,-0.10775958725000034,LINC00963
100506229,-0.10811710100000038,LINC01093
6274,-0.10819846025000057,S100A3
9168,-0.10823482749999869,TMSB10
5452,-0.10824772475,POU2F2
80198,-0.10839568225000029,MUS81
537,-0.1084191897500002,ATP6AP1
440434,-0.10843189624999905,NPEPPSP1
404672,-0.1087969572499996,GTF2H5
51162,-0.10891911474999993,EGFL7
2804,-0.10947923750000044,GOLGB1
1499,-0.10959724124999859,CTNNB1
121441,-0.10969821850000105,NEDD1
100507398,-0.1097190802500001,INTS6-AS1
340152,-0.10977308424999999,ZC3H12D
55898,-0.1098717697499989,UNC45A
131034,-0.10995877249999975,CPNE4
80024,-0.11003201424999975,SLC8B1
3093,-0.11040485874999995,UBE2K
2137,-0.11040972775000002,EXTL3
9278,-0.11043769000000037,ZBTB22
83706,-0.11052009975000043,FERMT3
91316,-0.1105383997499998,GUSBP11
6834,-0.11053908374999999,SURF1
114803,-0.11060880750000024,MYSM1
8772,-0.11074195974999945,FADD
80231,-0.11086605100000035,TASL
26030,-0.11099819374999997,PLEKHG3
23386,-0.11100522875000074,NUDCD3
84872,-0.11181661125000009,ZC3H10
284323,-0.11188998950000029,ZNF780A
100271722,-0.11192055875000007,LINC00899
84271,-0.11195778424999947,POLDIP3
9958,-0.11214113424999983,USP15
2071,-0.11232983699999988,ERCC3
338321,-0.11269819549999993,NLRP9
29068,-0.11275845149999952,ZBTB44
140831,-0.11276187175000008,ZSWIM3
84978,-0.1127859632499999,FRMD5
127700,-0.11295639125000001,OSCP1
1889,-0.11304287874999996,ECE1
7556,-0.11324306325000011,ZNF10
6275,-0.11349811799999987,S100A4
6277,-0.1137563027499997,S100A6
163486,-0.11404806125000011,DENND1B
8061,-0.11409239950000005,FOSL1
5163,-0.11411849475000002,PDK1
4702,-0.11415305025000144,NDUFA8
3064,-0.1141615250000001,HTT
49856,-0.11420857350000002,WRAP73
54554,-0.11430725725000102,WDR5B
386618,-0.11431911949999973,KCTD4
9590,-0.11463102399999947,AKAP12
153733,-0.11464540475000096,CCDC112
338811,-0.11495175874999974,TAFA2
65250,-0.11505679199999985,CPLANE1
55257,-0.1152261607499998,MRGBP
7263,-0.11526999150000083,TST
5291,-0.11528778450000132,PIK3CB
9866,-0.11530413299999998,TRIM66
124997,-0.11542002399999962,WDR81
8654,-0.11553518325000045,PDE5A
23108,-0.1156925495000003,RAP1GAP2
5775,-0.11578647400000008,PTPN4
55105,-0.11597093474999998,GPATCH2
1452,-0.1161491564999988,CSNK1A1
8802,-0.11617615499999978,SUCLG1
55324,-0.11627767125000066,ABCF3
138428,-0.11644288825000082,PTRH1
8650,-0.11644562100000044,NUMB
220930,-0.11652919874999945,ZEB1-AS1
25,-0.11656676399999988,ABL1
22883,-0.11669000574999888,CLSTN1
11018,-0.11690175249999868,TMED1
1185,-0.11708397274999971,CLCN6
176,-0.11716317025,ACAN
5919,-0.1173570934999999,RARRES2
27433,-0.11745291049999995,TOR2A
100996539,-0.11755998374999965,ITPR1-DT
79646,-0.11759296475000092,PANK3
148979,-0.11767615949999977,GLIS1
64840,-0.11770673049999969,PORCN
9605,-0.11771457149999964,VPS9D1
196743,-0.1177484729999998,PAOX
79091,-0.11778232449999937,METTL22
3814,-0.11779188675000007,KISS1
8367,-0.11793162450000061,H4C5
4343,-0.11821964549999997,MOV10
1716,-0.11832443224999878,DGUOK
6009,-0.11832917275000021,RHEB
100130700,-0.11839354775000022,TP53TG3HP
25789,-0.11846727724999973,TMEM59L
26973,-0.11854790824999917,CHORDC1
79677,-0.11855640874999906,SMC6
10771,-0.11856697999999888,ZMYND11
23405,-0.11886239499999895,DICER1
203197,-0.11892083424999988,TMEM268
170425,-0.11913190875000002,LINC00858
3048,-0.11941514450000001,HBG2
115827,-0.11950582450000002,RAB3C
55250,-0.1195403917500002,ELP2
55968,-0.11977760825000061,NSFL1C
56674,-0.12000351825000077,TMEM9B
4077,-0.1200246962499989,NBR1
115749,-0.12006034149999989,C12orf56
54552,-0.12016383174999978,GNL3L
79230,-0.12020437424999963,ZNF557
6574,-0.12022950499999929,SLC20A1
79934,-0.12025770850000006,COQ8B
23529,-0.12029975150000016,CLCF1
221301,-0.12029985425000023,CALHM4
202243,-0.1204682104999999,CCDC125
5635,-0.12052811800000107,PRPSAP1
56124,-0.12054202900000055,PCDHB12
57180,-0.12057061050000062,ACTR3B
63925,-0.12060930325000019,ZNF335
2550,-0.12094011675000083,GABBR1
79175,-0.12097608199999987,ZNF343
5711,-0.12102553300000096,PSMD5
26084,-0.12110774524999979,ARHGEF26
131965,-0.1211470289999994,METTL6
2072,-0.12128199775000015,ERCC4
126823,-0.12155982375000018,KLHDC9
9145,-0.12167275050000015,SYNGR1
646282,-0.12178746974999966,AZGP1P1
55322,-0.12186275050000006,C5orf22
7058,-0.12206021874999973,THBS2
55224,-0.12207891100000001,ETNK2
154467,-0.12224744125000164,CCDC167
9967,-0.12236169774999972,THRAP3
54851,-0.1226508162499993,ANKRD49
9657,-0.12292029825000039,IQCB1
9435,-0.12311708100000018,CHST2
9318,-0.12312305250000044,COPS2
2971,-0.12317774499999956,GTF3A
130612,-0.12345325500000026,TMEM198
342977,-0.12347407550000034,NANOS3
54934,-0.12359350250000034,KANSL2
25987,-0.12359865599999953,TSKU
401577,-0.12362883249999967,CD99P1
7760,-0.12363665574999949,ZNF213
201627,-0.12372748750000007,DENND6A
440498,-0.12380340125,HSBP1L1
6916,-0.12401689150000017,TBXAS1
84105,-0.12413354550000033,PCBD2
79905,-0.12416494149999968,TMC7
55690,-0.1243867747499996,PACS1
271,-0.12454051674999977,AMPD2
2615,-0.12457411875000002,LRRC32
51571,-0.1247853667499994,CYRIB
8303,-0.12481929600000008,SNN
407026,-0.12483697749999978,MIR29C
50937,-0.12492744899999986,CDON
10737,-0.12495424524999965,RFPL3S
84154,-0.12552036125000043,RPF2
22931,-0.12562707524999794,RAB18
55276,-0.12563687000000012,PGM2
283404,-0.12577514999999995,LINC00592
7266,-0.1258673687500007,DNAJC7
6553,-0.1259673070000007,SLC9A5
221078,-0.12597149549999997,NSUN6
399979,-0.1260161012500003,SNX19
5829,-0.1260659692500008,PXN
7337,-0.12633718224999946,UBE3A
10795,-0.12639376899999988,ZNF268
81545,-0.12643357600000016,FBXO38
92922,-0.1264480084999997,CCDC102A
3636,-0.12656327524999966,INPPL1
116841,-0.12664955475000017,SNAP47
285367,-0.12672461874999996,RPUSD3
85360,-0.12676183325000068,SYDE1
51126,-0.12681956999999855,NAA20
113655,-0.12711366724999973,SLC33A2
374443,-0.12724303300000006,LOC374443
2357,-0.1272628637500004,FPR1
197258,-0.12741311425000035,FCSK
56983,-0.12746918024999943,POGLUT1
257397,-0.1275993299999998,TAB3
55056,-0.12787466899999966,GABPB1-IT1
26548,-0.1279262154999996,ITGB1BP2
23774,-0.1279735939999993,BRD1
145864,-0.12823112050000018,HAPLN3
8220,-0.12832731149999965,ESS2
6742,-0.12836234000000069,SSBP1
81789,-0.12840630300000022,TIGD6
7529,-0.12845069499999973,YWHAB
64928,-0.12880139250000155,MRPL14
148479,-0.1292038527500008,PHF13
55633,-0.12934205750000016,TBC1D22B
284459,-0.12936450049999948,ZNF875
9147,-0.12964115149999955,NEMF
163081,-0.1296432989999996,ZNF567
100506714,-0.12968695225000015,NUP50-DT
83882,-0.1298042315000001,TSPAN10
83874,-0.12980776900000013,TBC1D10A
79882,-0.12996733149999962,ZC3H14
128434,-0.13001303950000054,VSTM2L
135228,-0.13040703249999996,CD109
6045,-0.1304209854999998,RNF2
60314,-0.13042541075000091,MYG1
204962,-0.13059506425000045,SLC44A5
115196,-0.13079066350000002,ZNF554
54414,-0.13085188775000134,SIAE
25819,-0.13094411075000023,NOCT
133022,-0.13096933899999996,TRAM1L1
549,-0.1309799917499994,AUH
54957,-0.1311043237499998,TXNL4B
51371,-0.1311551049999995,POMP
1528,-0.13122606099999956,CYB5A
8312,-0.1312798945,AXIN1
1635,-0.13165293474999906,DCTD
85369,-0.13174505849999996,STRIP1
57415,-0.13206685324999956,CEP15
11057,-0.1321286060000011,ABHD2
6905,-0.13213673675000237,TBCE
1677,-0.13261138200000033,DFFB
8897,-0.13263524350000022,MTMR3
57547,-0.13267714199999947,ZNF624
22985,-0.13272909224999996,ACIN1
282566,-0.13283343850000007,LINC00515
440738,-0.1329874772499995,MAP1LC3C
55020,-0.13315417000000007,TTC38
9360,-0.13321181625000023,PPIG
10570,-0.13325399449999864,DPYSL4
55022,-0.1333951757499996,PID1
10466,-0.13341994374999988,COG5
23474,-0.13362373474999956,ETHE1
10522,-0.13380143624999974,DEAF1
348094,-0.13444395699999978,ANKDD1A
376940,-0.1344675259999999,ZC3H6
9046,-0.1346995514999998,DOK2
1642,-0.13475206249999871,DDB1
57447,-0.13495074949999974,NDRG2
64428,-0.1351227997500004,CIAO3
112869,-0.13520808799999973,SGF29
55750,-0.13533426950000038,AGK
51320,-0.13534494774999928,MEX3C
11119,-0.13549436949999993,BTN3A1
3281,-0.1355361850000012,HSBP1
55139,-0.1355548737500003,ANKZF1
9736,-0.13557936625,USP34
8737,-0.13561379099999993,RIPK1
255031,-0.13564243774999962,LINC00957
118,-0.1356766642500009,ADD1
55738,-0.1360062890000009,ARFGAP1
54482,-0.1360549674999998,TRMT13
23351,-0.13607171400000073,KHNYN
6892,-0.13610423175000008,TAPBP
3655,-0.13664152399999896,ITGA6
2791,-0.13665671250000244,GNG11
54977,-0.13669210249999963,SLC25A38
25778,-0.13685232050000007,DSTYK
56260,-0.13701322399999993,C8orf44
253959,-0.13715424175000024,RALGAPA1
9491,-0.13753946475000056,PSMF1
56521,-0.13768889875,DNAJC12
114899,-0.13771775600000025,C1QTNF3
2329,-0.13775179225,FMO4
7355,-0.1377753567500002,SLC35A2
6334,-0.13794964474999993,SCN8A
7376,-0.1379704395000001,NR1H2
100129034,-0.1379773172500003,LOC100129034
64087,-0.13798454750000122,MCCC2
4704,-0.13815382750000182,NDUFA9
100134713,-0.138173997,NDUFB2-AS1
220064,-0.1382988457500005,LTO1
4795,-0.13860891524999985,NFKBIL1
284346,-0.13868356950000038,ZNF575
116540,-0.13870728500000062,MRPL53
23229,-0.1387609847500002,ARHGEF9
118424,-0.13905106749999963,UBE2J2
7109,-0.1391665479999995,TRAPPC10
131583,-0.13940057574999987,FAM43A
54700,-0.13960312650000084,RRN3
55142,-0.13977232675000018,HAUS2
10351,-0.1398630007499997,ABCA8
29071,-0.13996476174999906,C1GALT1C1
81537,-0.14007772925000062,SGPP1
55100,-0.14016592399999972,WDR70
84640,-0.1402361394999989,USP38
7020,-0.140338636500001,TFAP2A
55171,-0.14047420200000005,TBCCD1
9135,-0.14077844574999965,RABEP1
4154,-0.14087084524999938,MBNL1
27248,-0.1410060675000011,ERLEC1
79768,-0.14120321124999968,KATNBL1
80145,-0.14137370250000103,THOC7
83746,-0.1414734507500004,L3MBTL2
23408,-0.14153883550000002,SIRT5
100507392,-0.14156856674999974,SENCR
7321,-0.14181092225000036,UBE2D1
55214,-0.14185511225000003,P3H2
3956,-0.14200544000000015,LGALS1
80207,-0.14202487825,OPA3
23358,-0.1421539957500002,USP24
8997,-0.14279273250000024,KALRN
94240,-0.14288114524999962,EPSTI1
8382,-0.14292995975000045,NME5
79862,-0.14294601100000026,ZNF669
80117,-0.14298807125000002,ARL14
147929,-0.14301360824999954,ZNF565
9267,-0.1431469080000003,CYTH1
9903,-0.14317712400000016,KLHL21
3021,-0.14318514374999936,H3-3B
100507670,-0.1432367552499998,ZNF687-AS1
84814,-0.14338994674999928,PLPP7
4296,-0.14342688625000033,MAP3K11
2957,-0.14357210175000112,GTF2A1
79613,-0.1440443019999993,TANGO6
79576,-0.14407904424999973,NKAP
11235,-0.14424713749999896,PDCD10
30,-0.1442969835000003,ACAA1
84247,-0.1442987784999996,RTL6
10498,-0.1443583230000005,CARM1
2643,-0.14436722575000083,GCH1
54477,-0.14451158349999904,PLEKHA5
81890,-0.14458850825000003,QTRT1
55702,-0.14481755925000073,YJU2
285315,-0.14489511774999997,MISO1
57539,-0.14492436400000042,WDR35
10439,-0.14497549399999965,OLFM1
1954,-0.1450104569999997,MEGF8
54433,-0.14501605325000178,GAR1
94134,-0.14502676349999888,ARHGAP12
308,-0.14515536250000238,ANXA5
54834,-0.1453521000000002,GDAP2
54953,-0.14538243474999923,ODR4
9851,-0.14540731324999978,KIAA0753
23241,-0.1455992134999997,PACS2
6722,-0.1456806882499997,SRF
54584,-0.14582256749999978,GNB1L
254394,-0.14582999449999878,MCM9
51608,-0.14588976900000006,GET4
5516,-0.14589735600000076,PPP2CB
122773,-0.14604145450000017,KLHDC1
80228,-0.146302641000001,ORAI2
6533,-0.14641949750000016,SLC6A6
90649,-0.14652656700000044,ZNF486
1475,-0.14654905424999987,CSTA
1959,-0.14661249424999978,EGR2
57002,-0.14705261250000135,YAE1
25948,-0.14725506924999987,KBTBD2
6461,-0.14727885425000053,SHB
64412,-0.14729941850000117,GZF1
1386,-0.14730037625000048,ATF2
80153,-0.14735461724999954,EDC3
112574,-0.14739700199999994,SNX18
2969,-0.14742397024999976,GTF2I
7182,-0.14757804250000017,NR2C2
9208,-0.1475909062499987,LRRFIP1
26995,-0.14765000774999848,TRUB2
23403,-0.14767195949999934,FBXO46
26225,-0.14783012600000056,ARL5A
91614,-0.1480139777500007,DEPDC7
55680,-0.14812076849999967,RUFY2
26051,-0.14812380599999964,PPP1R16B
100131998,-0.14814502325000012,RRN3P3
55246,-0.14815220700000076,CCDC25
6871,-0.14816191624999986,TADA2A
4659,-0.14850620450000207,PPP1R12A
2673,-0.14853933524999974,GFPT1
57658,-0.14854141924999986,CALCOCO1
55870,-0.14866045874999934,ASH1L
7226,-0.14871916274999997,TRPM2
81608,-0.1487688127500011,FIP1L1
10199,-0.14882298925000015,MPHOSPH10
5151,-0.14888153925000047,PDE8A
220004,-0.14897454500000018,SAXO4
65082,-0.14898744549999954,VPS33A
6804,-0.14898787775000022,STX1A
199745,-0.14909505450000005,THAP8
54438,-0.14909749974999986,GFOD1
10142,-0.14915337400000084,AKAP9
10284,-0.14920347324999916,SAP18
253639,-0.14931860699999966,ZNF620
9980,-0.14940377075000022,DOP1B
9341,-0.14940958300000062,VAMP3
60677,-0.14941752574999967,CELF6
55466,-0.14960772849999948,DNAJA4
23469,-0.14964915300000037,PHF3
158586,-0.14986910774999984,ZXDB
28991,-0.14986915774999954,COMMD5
50861,-0.15004586249999896,STMN3
5524,-0.1501424414999999,PTPA
8776,-0.15023612149999988,MTMR1
55030,-0.15027714475000042,FBXO34
65243,-0.15035421199999988,ZFP69B
57380,-0.150574722,MRS2
5096,-0.15071088400000043,PCCB
2241,-0.15101896750000066,FER
85409,-0.15130648375,NKD2
1315,-0.15135588000000055,COPB1
360,-0.1515021940000003,AQP3
84460,-0.1517971745000004,ZMAT1
5899,-0.1518690277500001,RALB
100134259,-0.15206696650000007,LINC01119
23428,-0.1521298212500004,SLC7A8
64781,-0.15258605774999978,CERK
10549,-0.15260157500000204,PRDX4
56975,-0.1526333219999998,FAM20C
8449,-0.1526927019999995,DHX16
84256,-0.15269545350000024,FLYWCH1
56133,-0.152744867,PCDHB2
23315,-0.15284137674999965,SLC9A8
84874,-0.15284844575000012,ZNF514
54884,-0.15298664600000045,RETSAT
414235,-0.15370768175000027,DIP2C-AS1
1892,-0.15375847250000163,ECHS1
5396,-0.15376009974999993,PRRX1
10730,-0.15378235500000237,YME1L1
154007,-0.1538866539999999,SNRNP48
55216,-0.15396423199999987,NKAPD1
9874,-0.1541094002500003,TLK1
64215,-0.1541419054999995,DNAJC1
51614,-0.15419130099999911,ERGIC3
8892,-0.1543373402499988,EIF2B2
121536,-0.15434855024999994,AEBP2
285600,-0.15450628300000036,KIAA0825
1962,-0.15455202850000038,EHHADH
57711,-0.1547689652500006,ZNF529
23527,-0.15487012174999926,ACAP2
55129,-0.15495581024999971,ANO10
84458,-0.15511658749999846,LCOR
324,-0.15531696499999992,APC
1456,-0.1554045869999996,CSNK1G3
161198,-0.15545927250000036,CLEC14A
83742,-0.1555522000000007,MARVELD1
145376,-0.15565809450000012,PPP1R36
5887,-0.15572256025000009,RAD23B
4257,-0.15573539699999994,MGST1
5926,-0.15582535825000043,ARID4A
51763,-0.1565031587500001,INPP5K
472,-0.1565767195000003,ATM
8029,-0.15659094075000013,CUBN
27238,-0.15659831225000076,GPKOW
27330,-0.1567033382500007,RPS6KA6
23176,-0.15686680024999955,SEPTIN8
8755,-0.15692105699999992,ADAM6
130535,-0.15693194725000037,KCTD18
6873,-0.15698716974999982,TAF2
81889,-0.15700156624999906,FAHD1
55034,-0.15711424100000038,MOCOS
1004,-0.15729191450000002,CDH6
10933,-0.1576019800000008,MORF4L1
100505702,-0.15773333899999997,LINC01094
168544,-0.1579205684999998,ZNF467
100130519,-0.15797284300000003,TMEM221
84248,-0.15798450025000044,FYTTD1
201163,-0.1580697657500001,FLCN
7444,-0.15868946750000035,VRK2
283687,-0.1587571914999999,ST20-AS1
127281,-0.15876099724999992,PRXL2B
4763,-0.1589902327499999,NF1
5906,-0.15907747649999848,RAP1A
22878,-0.15914327999999855,TRAPPC8
92342,-0.15924897925000003,METTL18
79890,-0.1593690695000003,RIN3
1106,-0.15946916000000044,CHD2
203069,-0.15961602150000154,R3HCC1
10430,-0.1596856542499996,TMEM147
91612,-0.15970834575000037,CHURC1
9253,-0.15978657349999992,NUMBL
122961,-0.1598231795000018,ISCA2
4253,-0.16005183124999967,MIA2
100,-0.16025258124999997,ADA
29095,-0.1604506249999993,ORMDL2
254268,-0.1606309752499997,AKNAD1
85462,-0.16095788575000025,FHDC1
847,-0.16098553750000022,CAT
116328,-0.16104726475000009,C8orf34
10052,-0.16125012424999952,GJC1
147808,-0.16153678049999964,ZNF784
23161,-0.16169583724999903,SNX13
23383,-0.16185744074999953,MAU2
80063,-0.16194980625,ATF7IP2
6687,-0.1619917209999997,SPG7
55039,-0.16224431250000038,TYW2
25814,-0.16232250324999953,ATXN10
713,-0.16233279224999908,C1QB
100506697,-0.16247307049999993,LINC00327
79797,-0.1626604352500003,ZNF408
6773,-0.1626751387500005,STAT2
2734,-0.16268460249999972,GLG1
55652,-0.1626985059999999,SLC48A1
412,-0.16279699049999952,STS
10450,-0.1628010995000011,PPIE
7561,-0.1630618527499994,ZNF14
24139,-0.1632299042499996,EML2
79788,-0.16328158999999998,ZNF665
221322,-0.1635677004999998,TBC1D32
9389,-0.16365839425000006,SLC22A14
2908,-0.1636758794999995,NR3C1
79365,-0.1639744164999999,BHLHE41
9564,-0.16407952200000064,BCAR1
9446,-0.1643617974999998,GSTO1
55762,-0.16450482925000065,ZNF701
3658,-0.1645819097499981,IREB2
55734,-0.1649859552499997,ZFP64
2710,-0.1649976492500005,GK
114826,-0.16504538374999989,SMYD4
23431,-0.16519096725000004,AP4E1
400,-0.1653664032499993,ARL1
55182,-0.16541160250000075,RNF220
463,-0.16551049699999965,ZFHX3
90187,-0.16552196599999958,EMILIN3
1964,-0.1655779547500007,EIF1AX
6728,-0.16558388575000027,SRP19
83605,-0.16562752499999878,CCM2
58527,-0.16606818499999854,ABRACL
50848,-0.16609062899999927,F11R
11171,-0.16631719499999953,STRAP
80184,-0.16640347649999931,CEP290
1427,-0.16682414650000021,CRYGS
1810,-0.1669125432499996,DR1
55188,-0.16706073825,RIC8B
5817,-0.16719649149999993,PVR
23365,-0.167197496,ARHGEF12
5269,-0.1672308330000014,SERPINB6
55290,-0.16729271674999957,BRF2
55670,-0.16744676300000005,PEX26
4709,-0.16753173500000074,NDUFB3
6880,-0.16765312499999752,TAF9
10312,-0.16768820349999913,TCIRG1
57136,-0.1680958527499996,APMAP
9181,-0.16811062649999986,ARHGEF2
29103,-0.16813852374999882,DNAJC15
7844,-0.16818587575000077,RNF103
51209,-0.16887995125000055,RAB9B
115024,-0.16894672849999992,NT5C3B
55578,-0.16897465524999866,SUPT20H
8562,-0.16908437500000062,DENR
10557,-0.16912127999999882,RPP38
54020,-0.16920144999999964,SLC37A1
146771,-0.16930891775,TCAM1P
80853,-0.16952280424999966,KDM7A
9479,-0.16953468449999987,MAPK8IP1
148223,-0.16956647949999937,C19orf25
139322,-0.16960558325000008,APOOL
1857,-0.16979799424999964,DVL3
64748,-0.16987832824999938,PLPPR2
55764,-0.16993198124999953,IFT122
1287,-0.17015735450000058,COL4A5
6103,-0.17042511549999872,RPGR
57703,-0.17048006375000035,CWC22
11227,-0.1705227195000001,GALNT5
83480,-0.17061696099999946,PUS3
817,-0.1706173100000008,CAMK2D
5701,-0.17066102250000004,PSMC2
10914,-0.1706822967499999,PAPOLA
5782,-0.1710194142499999,PTPN12
26128,-0.17113387074999942,KIFBP
11079,-0.1711713245000004,RER1
27175,-0.17147746800000085,TUBG2
22900,-0.17178580249999964,CARD8
11094,-0.17185501000000025,CACFD1
9546,-0.17188324375000041,APBA3
51678,-0.17192352325000027,PALS2
54916,-0.17200470350000074,TMEM260
6727,-0.17203864250000045,SRP14
23043,-0.17206336925,TNIK
202052,-0.17207931050000003,DNAJC18
387509,-0.17232570425000038,GPR153
5966,-0.17234993800000042,REL
1605,-0.17273664799999988,DAG1
55531,-0.17299297074999975,ELMOD1
1147,-0.17311297900000078,CHUK
7391,-0.17311515649999976,USF1
57189,-0.17325989199999992,DENND11
93664,-0.17347117700000014,CADPS2
9666,-0.1735186022500006,DZIP3
59274,-0.1735386912500001,TLNRD1
7553,-0.17368753099999967,ZNF7
55666,-0.17383777299999892,NPLOC4
8078,-0.1739892125,USP5
57343,-0.17402144825000043,ZNF304
7485,-0.17406897249999886,GET1
57446,-0.1741232932500001,NDRG3
65266,-0.1743246592499994,WNK4
9858,-0.17438386874999967,PPP1R26
605,-0.1745570780000003,BCL7A
79581,-0.17494738924999975,SLC52A2
4682,-0.17510073925000125,NUBP1
2120,-0.17510721225000037,ETV6
9260,-0.17517954274999958,PDLIM7
9416,-0.17526584575000026,DDX23
79736,-0.1752974937499996,TEFM
729515,-0.17534822825000074,TMEM242
3421,-0.17557912749999982,IDH3G
51258,-0.1758945624999999,MRPL51
57337,-0.17607767500000016,SENP7
375790,-0.1763731900000005,AGRN
57577,-0.1764875852499994,CCDC191
10342,-0.17666588999999888,TFG
81609,-0.1766922397499986,SNX27
57531,-0.176804970500001,HACE1
27297,-0.17682681700000025,CRCP
56259,-0.17721924100000042,CTNNBL1
162417,-0.1772889232499999,NAGS
51534,-0.1773771687500023,VTA1
11253,-0.17804282974999897,MAN1B1
79710,-0.1784149104999999,MORC4
284131,-0.17846581450000043,ENDOV
60493,-0.17849924375000104,FASTKD5
54874,-0.17873078800000108,FNBP1L
364,-0.17902994675000006,AQP7
92667,-0.17906402774999997,MGME1
23331,-0.17937803849999945,TTC28
28986,-0.17938712925000022,MAGEH1
140739,-0.17945263474999962,UBE2F
5894,-0.17952043325000133,RAF1
55677,-0.17966243475000088,IWS1
113510,-0.17974872299999944,HELQ
283416,-0.17981281274999983,LINC01465
57572,-0.1803306090000003,DOCK6
342184,-0.18034245874999977,FMN1
541578,-0.1806312052500001,EOLA2
55795,-0.18066660100000043,PCID2
29082,-0.18068581375000115,CHMP4A
23036,-0.18079331299999968,ZNF292
253039,-0.18112691624999933,CUTALP
5095,-0.18117116674999956,PCCA
9785,-0.1818142332499999,DHX38
92002,-0.18185929624999986,CCNQ
7341,-0.1820205925000007,SUMO1
2934,-0.18213666524999983,GSN
9670,-0.18214238599999977,IPO13
51098,-0.18221381675000092,IFT52
128387,-0.1822345934999996,TATDN3
83692,-0.1822506607499994,CD99L2
7328,-0.182354555249999,UBE2H
4690,-0.1823648389999999,NCK1
71,-0.18247998999999915,ACTG1
2318,-0.18265277525000023,FLNC
79989,-0.18273610774999982,IFT56
63934,-0.18285607500000012,ZNF667
10153,-0.18303056249999905,CEBPZ
64403,-0.18309855600000002,CDH24
7037,-0.18323242249999971,TFRC
56895,-0.1832552572500008,AGPAT4
24138,-0.1832893987499995,IFIT5
2009,-0.18338875250000086,EML1
1609,-0.18381482825000006,DGKQ
6924,-0.18395135049999922,ELOA
55486,-0.18395943750000043,PARL
115209,-0.1839971557499993,OMA1
84085,-0.18402800724999935,FBXO30
51699,-0.18416595250000256,VPS29
2131,-0.18436028250000014,EXT1
2000,-0.184398633999999,ELF4
6678,-0.18484371749999973,SPARC
2987,-0.18486584499999914,GUK1
1659,-0.18487318049999946,DHX8
60673,-0.18604097625000016,ATG101
55074,-0.1860653727500008,OXR1
79139,-0.18613474325000112,DERL1
8443,-0.18621431324999982,GNPAT
57513,-0.18628609549999986,CASKIN2
145567,-0.1868730549999995,TTC7B
80208,-0.1868828895000001,SPG11
174,-0.1868873674999998,AFP
391712,-0.18718862874999997,TRIM61
7732,-0.18722332499999972,RNF112
131601,-0.1873757982500006,TPRA1
89978,-0.18759434875000025,DPH6
4134,-0.18767548249999955,MAP4
10197,-0.18778972500000002,PSME3
30834,-0.1879233792499999,POLR1H
529,-0.18793241000000016,ATP6V1E1
2778,-0.18807679749999906,GNAS
51399,-0.18809477525000062,TRAPPC4
79876,-0.18809529425000093,UBA5
55153,-0.18814490499999792,SDAD1
199777,-0.18816179475000006,ZNF626
10987,-0.1883983700000016,COPS5
116987,-0.18851971249999977,AGAP1
9802,-0.1886458399999995,DAZAP2
3908,-0.18868296449999988,LAMA2
64745,-0.18875137750000093,METTL17
23432,-0.1890370559999992,GPR161
387338,-0.18922568500000025,NSUN4
728537,-0.18927382574999996,C2orf92
23093,-0.18927719499999984,TTLL5
1606,-0.18939283725000022,DGKA
490,-0.18939656499999913,ATP2B1
54822,-0.18953508824999954,TRPM7
79415,-0.18961678500000012,CYBC1
1280,-0.18964231799999975,COL2A1
203,-0.18967838350000044,AK1
5802,-0.1897678665,PTPRS
51307,-0.18982257124999968,FAM53C
10240,-0.1899383722500012,MRPS31
23184,-0.18997827499999964,MESD
57622,-0.19015125399999988,LRFN1
56947,-0.19035307474999996,MFF
29982,-0.1904666797499992,NRBF2
2200,-0.1906723525000018,FBN1
140883,-0.19080930099999982,ZNF280B
1209,-0.19087675100000023,CLPTM1
284443,-0.19111257449999997,ZNF493
757,-0.19127547499999942,TMEM50B
152100,-0.1916603470000009,CMC1
3352,-0.19191907350000026,HTR1D
92597,-0.19195071724999835,MOB1B
5073,-0.19206484924999945,PARN
6399,-0.19220281524999905,TRAPPC2
3918,-0.19233816075000032,LAMC2
8335,-0.19242707475000032,H2AC4
139324,-0.19243434749999988,HDX
83857,-0.19245880375000013,TMTC1
23192,-0.19286825000000096,ATG4B
29093,-0.19293647475000064,MRPL22
2064,-0.19298680874999974,ERBB2
11273,-0.1929924435000001,ATXN2L
9197,-0.19342507174999923,SLC33A1
123283,-0.19355073275000034,TARS3
51125,-0.19428321274999938,GOLGA7
282991,-0.19438010250000204,BLOC1S2
7169,-0.1945472257500005,TPM2
4194,-0.19457523049999992,MDM4
55754,-0.19472578000000063,CDC50A
79068,-0.19484625449999982,FTO
2965,-0.19490252325000057,GTF2H1
54849,-0.19495883999999997,DEF8
219402,-0.19501190174999827,MTIF3
175,-0.19506921474999928,AGA
6936,-0.19524260775000002,GCFC2
8867,-0.19540972550000024,SYNJ1
148418,-0.19563235224999964,SAMD13
10950,-0.1959312282500001,BTG3
2590,-0.19599651274999985,GALNT2
51647,-0.19604415125000152,CIAO2B
51510,-0.19623601999999885,CHMP5
122809,-0.19627879300000028,SOCS4
6498,-0.19629036700000047,SKIL
8518,-0.19669217300000064,ELP1
11321,-0.19692589124999849,GPN1
2116,-0.19692946649999987,ETV2
153129,-0.1971965172500001,SLC38A9
84300,-0.19725984924999906,UQCC2
23398,-0.1974939972499996,PPWD1
151903,-0.19753163800000095,CCDC12
162962,-0.1976139017499996,ZNF836
4487,-0.19775150949999976,MSX1
55127,-0.19787391674999988,HEATR1
400657,-0.19787555775000065,ZNF407-AS1
6050,-0.19803377349999973,RNH1
64855,-0.19811731700000035,NIBAN2
85403,-0.19817645724999977,EAF1
54542,-0.19844429024999943,RC3H2
10180,-0.19851151950000023,RBM6
85476,-0.19859859900000032,GFM1
10053,-0.19871284224999997,AP1M2
63971,-0.19903519275000026,KIF13A
83752,-0.19906425075000023,LONP2
23074,-0.19920088149999948,BLTP3B
23127,-0.199215884,COLGALT2
9114,-0.1992999962500015,ATP6V0D1
254531,-0.19939951749999896,LPCAT4
7620,-0.19942894475000017,ZNF69
642852,-0.19951681575000002,LINC00205
338817,-0.1995486995000002,LINC01252
84221,-0.19962921149999957,SPATC1L
56945,-0.19971861149999803,MRPS22
27125,-0.1999682690000002,AFF4
57862,-0.2001554179999978,ZNF410
2161,-0.20022307149999996,F12
266812,-0.2002939174999998,NAP1L5
80012,-0.2004848272499995,PHC3
9529,-0.20085279425000024,BAG5
728978,-0.2009033639999993,UNC5B-AS1
51422,-0.20107105049999863,PRKAG2
8417,-0.20112551050000071,STX7
4711,-0.20113395499999775,NDUFB5
29072,-0.2012737575000001,SETD2
91298,-0.20139101924999991,RLIG1
400043,-0.20142167724999993,LINC02381
2217,-0.20170551975000084,FCGRT
10943,-0.20210982824999935,MSL3
3885,-0.20214513649999954,KRT34
122509,-0.2021962825000001,IFI27L1
54978,-0.20231091324999895,SLC35F6
83475,-0.20242761924999986,DOHH
56474,-0.20247685474999955,CTPS2
5527,-0.2027125940000012,PPP2R5C
26060,-0.20271587124999968,APPL1
79089,-0.20281877699999917,TMUB2
2796,-0.2029336749999997,GNRH1
1487,-0.20293787824999932,CTBP1
8804,-0.20294585750000138,CREG1
159686,-0.20301333600000016,CFAP58
51574,-0.2030170550000019,LARP7
55520,-0.20303684774999953,ELAC1
6830,-0.2031086104999993,SUPT6H
55508,-0.20326354775000155,SLC35E3
572,-0.20335437225000064,BAD
27013,-0.2034156815000001,CNPPD1
673,-0.20360874024999998,BRAF
91754,-0.20381716124999993,NEK9
4331,-0.20386637350000036,MNAT1
64768,-0.20423375624999984,IPPK
126282,-0.20447151624999904,TNFAIP8L1
64135,-0.20448152149999954,IFIH1
55268,-0.20466486725,ECHDC2
219285,-0.20466918600000028,SAMD9L
23016,-0.204704401249999,EXOSC7
57602,-0.20500368799999968,USP36
55002,-0.20508238050000216,SLC9D1
5354,-0.2051414970000005,PLP1
100506473,-0.2051839839999996,C2orf49-DT
9972,-0.2051911215000004,NUP153
30011,-0.20535891599999978,SH3KBP1
7584,-0.2054928687500004,ZNF35
9203,-0.20579348975000045,ZMYM3
84498,-0.20597578975000008,FAM120B
9179,-0.20611185674999977,AP4M1
4591,-0.2065385437499998,TRIM37
9588,-0.2066268624999985,PRDX6
5788,-0.20667918824999942,PTPRC
3727,-0.20668889575000016,JUND
7453,-0.20675289024999977,WARS1
64689,-0.20677787250000002,GORASP1
5298,-0.20694600000000118,PI4KB
55298,-0.2070022847499997,RNF121
30833,-0.20716474924999995,NT5C
10490,-0.2072935789999999,VTI1B
114984,-0.20730077300000005,FLYWCH2
4139,-0.2073282889999999,MARK1
50809,-0.20763416550000002,HP1BP3
10617,-0.20780301000000012,STAMBP
54521,-0.20796337599999948,WDR44
84923,-0.20797938575000074,VCF1
9575,-0.20806937225000155,CLOCK
6845,-0.2080946157500012,VAMP7
27347,-0.20831490975000122,STK39
3338,-0.20850279650000036,DNAJC4
4685,-0.20855890949999978,NCAM2
4204,-0.2087837454999999,MECP2
550,-0.20901767500000012,AUP1
6198,-0.209020666999999,RPS6KB1
113691,-0.2090541784999993,TUBA3FP
9361,-0.2094361552500006,LONP1
144404,-0.20956442250000018,TMEM120B
402160,-0.20958365875000018,CFAP99
84312,-0.20964773449999985,BRMS1L
84253,-0.21005030525000024,GARNL3
57181,-0.21035717824999978,SLC39A10
54936,-0.2103804914999996,ADPRS
5878,-0.21042502950000053,RAB5C
27095,-0.21065152674999865,TRAPPC3
340277,-0.21067362874999995,FAM221A
29100,-0.21068225500000004,TMEM208
60312,-0.21100768874999876,AFAP1
91582,-0.2111779342499993,RPS19BP1
4697,-0.21153968250000155,COXFA4
388695,-0.21164149075000038,LYSMD1
126003,-0.21164932724999908,TRAPPC5
581,-0.2117472840000012,BAX
2664,-0.21203262825000024,GDI1
1198,-0.2120601627499994,CLK3
51122,-0.21208987825000136,COMMD2
7326,-0.2122724614999978,UBE2G1
25989,-0.2123326182499996,ULK3
4287,-0.2124753780000006,ATXN3
23588,-0.2127351342499999,KLHDC2
58497,-0.21304472924999995,PRUNE1
80205,-0.21318283400000126,CHD9
29065,-0.21326761475000033,ASAP1-IT1
339229,-0.21338920150000096,OXLD1
92737,-0.21345615625000036,DNER
23137,-0.21348772649999948,SMC5
9847,-0.21348845950000062,C2CD5
85236,-0.2135032992500001,H2BC12
8644,-0.21350464400000035,AKR1C3
55622,-0.21359191075000084,TTC27
51149,-0.2135958025,MRNIP
26959,-0.2137855262499997,HBP1
22919,-0.21389683999999853,MAPRE1
55644,-0.2140420147500004,OSGEP
55909,-0.21415129499999974,BIN3
5147,-0.21437054899999985,PDE6D
4817,-0.21470445424999873,NIT1
64320,-0.21499031699999982,RNF25
56850,-0.2150017170000007,GRIPAP1
9486,-0.2151858687499999,CHST10
1992,-0.21532351650000026,SERPINB1
89781,-0.2155519637499994,HPS4
23015,-0.2157164392500004,GOLGA8A
3141,-0.21573443200000053,HLCS
55661,-0.21575902374999956,DDX27
26151,-0.21580641374999932,NAT9
85377,-0.2158415977499999,MICALL1
1439,-0.2159000032499998,CSF2RB
84932,-0.21596894450000015,RAB2B
2319,-0.21620392325000015,FLOT2
51816,-0.21625454524999999,ADA2
92906,-0.21631210724999939,HNRNPLL
5519,-0.21648948674999957,PPP2R1B
81857,-0.21653111749999887,MED25
10910,-0.21673955650000032,SUGT1
10210,-0.21699557025000082,TOPORS
25829,-0.2170571550000009,TMEM184B
27145,-0.21712390724999997,FILIP1
149371,-0.2175964562499999,EXOC8
9517,-0.21766618025000017,SPTLC2
11116,-0.21790501949999985,CEP43
54968,-0.2181212315000014,TMEM70
2588,-0.21828058574999964,GALNS
54875,-0.21861703175000002,CNTLN
8409,-0.21866660750000122,UXT
9767,-0.2188592224999999,JADE3
146705,-0.21906128700000016,TEPSIN
663,-0.21910523700000084,BNIP2
85453,-0.2201216692500001,TSPYL5
286075,-0.22022788299999974,ZNF707
158219,-0.22034850800000072,TTC39B
3428,-0.22036160000000393,IFI16
57486,-0.22039029975000002,NLN
387763,-0.22048950724999994,C11orf96
2059,-0.22057133749999913,EPS8
221037,-0.22130474700000047,JMJD1C
55339,-0.22147961574999986,WDR33
8480,-0.22161044674999886,RAE1
285148,-0.22170042400000023,IAH1
64924,-0.22177404824999947,SLC30A5
4710,-0.22278219550000067,NDUFB4
5836,-0.22289415150000025,PYGL
10548,-0.22332132225000034,TM9SF1
51700,-0.2240473732499999,CYB5R2
51686,-0.22425166824999998,OAZ3
54788,-0.2242894192499989,DNAJB12
5499,-0.22436244174999942,PPP1CA
6015,-0.224510350500001,RING1
60558,-0.2247097177499997,GUF1
57038,-0.22485305799999722,RARS2
7743,-0.22525324424999837,ZNF189
7172,-0.2253348405000004,TPMT
84280,-0.2253580937499997,BTBD10
1429,-0.2254450875000007,CRYZ
56131,-0.22547912525000013,PCDHB4
163859,-0.2255432642499997,SDE2
55255,-0.22577150700000104,WDR41
131408,-0.225800102,FAM131A
162993,-0.22588386024999974,ZNF846
8996,-0.22630077099999912,NOL3
2355,-0.22633236374999965,FOSL2
51057,-0.22636876425000052,WDPCP
199746,-0.2263746722500004,U2AF1L4
3745,-0.22638157275000026,KCNB1
116254,-0.22644928024999977,GINM1
1114,-0.22647539949999995,CHGB
1743,-0.22695928475000038,DLST
3295,-0.2269774407500016,HSD17B4
1040,-0.22734357400000027,CDS1
50618,-0.22736249924999985,ITSN2
122953,-0.2275369669999998,JDP2
10978,-0.22761378000000043,CLP1
84277,-0.22761672349999973,DNAJC30
79701,-0.22776723850000113,OGFOD3
1111,-0.22778816825000003,CHEK1
3221,-0.22779981499999913,HOXC4
2782,-0.2281038105000004,GNB1
2995,-0.22813021074999895,GYPC
9419,-0.22846050775000037,CRIPT
55700,-0.2284923455000003,MAP7D1
26575,-0.22861846924999973,RGS17
23001,-0.2286731837499998,WDFY3
23759,-0.2286781040000001,PPIL2
8569,-0.22867873424999985,MKNK1
135293,-0.22884521225000043,PM20D2
740,-0.22905328550000092,MRPL49
3394,-0.2291112847500001,IRF8
81844,-0.2291262249999999,TRIM56
84545,-0.22912737675000017,MRPL43
79823,-0.22914720200000005,CAMKMT
29927,-0.22934027800000223,SEC61A1
379,-0.22959994125000005,ARL4D
6404,-0.22970844074999963,SELPLG
10067,-0.22973574325,SCAMP3
81614,-0.22995822449999714,NIPA2
3164,-0.2301998860000003,NR4A1
84939,-0.23032076200000073,PWWP3A
3475,-0.23042522424999934,IFRD1
11247,-0.2304642505000003,NXPH4
2801,-0.23076606099999974,GOLGA2
1969,-0.23078622775000035,EPHA2
85019,-0.23087474300000022,SLC35D4
9988,-0.2310395535000005,DMTF1
378,-0.23106340000000003,ARF4
54442,-0.2312071982500008,KCTD5
55608,-0.23143188775000034,ANKRD10
10260,-0.23151625775000007,DENND4A
6717,-0.23164826050000187,SRI
100505894,-0.23229753424999977,TMEM161B-DT
7462,-0.23308868425000018,LAT2
9907,-0.23311775300000015,AP5Z1
712,-0.2332590877499996,C1QA
6120,-0.2335280772499999,RPE
29919,-0.23352821499999976,RMC1
8812,-0.23359870650000047,CCNK
54980,-0.23365810824999933,C2orf42
57381,-0.2339416247499999,RHOJ
6646,-0.23402497400000044,SOAT1
662,-0.23404525400000065,BNIP1
10010,-0.2342251950000005,TANK
65992,-0.23429331474999948,DDRGK1
4035,-0.23430760900000003,LRP1
54816,-0.2347856682499989,ZNF280D
100505501,-0.23499838150000052,TOX-DT
55729,-0.23522700674999797,ATF7IP
23065,-0.23525638099999924,EMC1
2098,-0.23534897499999907,ESD
124401,-0.2353506534999994,ANKS3
9191,-0.23537333399999927,DEDD
23150,-0.2354243380000005,FRMD4B
25902,-0.23554417824999963,MTHFD1L
79982,-0.2357190065000001,DNAJB14
64418,-0.23576936425000028,TMEM168
54453,-0.2359486724999993,RIN2
4860,-0.23602967275000086,PNP
374618,-0.23613791674999973,TEX9
57210,-0.23627460775000042,SLC45A4
3911,-0.23639316474999994,LAMA5
5896,-0.23640716325,RAG1
51573,-0.23641225675000044,GDE1
55707,-0.23643440450000064,NECAP2
6988,-0.23659809874999915,TCTA
51256,-0.2366133627500009,TBC1D7
113,-0.2367107835000004,ADCY7
55669,-0.2371495237500003,MFN1
129450,-0.23732835299999966,TYW5
5297,-0.23754107174999994,PI4KA
1384,-0.23786814099999987,CRAT
81031,-0.23802457825000012,SLC2A10
79772,-0.23805124749999962,MCTP1
85313,-0.2381954917499982,PPIL4
79690,-0.23821072950000044,GAL3ST4
26115,-0.23821460025000007,TANC2
23552,-0.23836572749999974,CDK20
80008,-0.23839864275,TMEM156
55629,-0.23854503025000096,PNRC2
5976,-0.2387302155000004,UPF1
4179,-0.23874055799999994,CD46
310,-0.23877476999999914,ANXA7
3955,-0.23877889450000023,LFNG
8906,-0.23881243974999933,AP1G2
4946,-0.2390081024999997,OAZ1
22801,-0.23907214774999996,ITGA11
26127,-0.23925157900000027,FGFR1OP2
259232,-0.2393446952499998,NALCN
3134,-0.23938854749999905,HLA-F
10449,-0.23941295475000057,ACAA2
27242,-0.2394258530000002,TNFRSF21
51754,-0.23955899175000006,TMEM8B
4725,-0.23957224750000172,NDUFS5
115701,-0.23963773050000015,ALPK2
90313,-0.23970206749999967,TP53I13
9223,-0.2397053885,MAGI1
112487,-0.2397362322500003,DTD2
55659,-0.23975013349999985,ZNF416
79818,-0.23980329399999967,ZNF552
29081,-0.23980527500000015,METTL5
57175,-0.23996716024999998,CORO1B
29988,-0.24001413924999948,SLC2A8
51239,-0.24002182199999922,ANKRD39
202018,-0.24005508400000064,TAPT1
54737,-0.240239915250001,MPHOSPH8
5188,-0.2403295725000003,GATB
25828,-0.24037481475000178,TXN2
2203,-0.2403839204999998,FBP1
25871,-0.24047265699999976,RMP64
55070,-0.24112983500000063,DET1
146540,-0.24115130624999992,ZNF785
84286,-0.24118961875,TMEM175
2975,-0.24126059475000083,GTF3C1
1329,-0.24135429999999936,COX5B
163050,-0.24143331550000102,ZNF564
402,-0.24167556175000016,ARL2
23413,-0.2418923992500006,NCS1
6935,-0.24246958275000008,ZEB1
100131067,-0.24255006775000076,CKMT2-AS1
1656,-0.2426704152500001,DDX6
339977,-0.24276476825000026,LRRC66
3018,-0.24287193199999946,H2BC3
23063,-0.24291138525000022,WAPL
8625,-0.2434292170000001,RFXANK
11140,-0.24364292325000036,CDC37
5583,-0.24404260649999987,PRKCH
55192,-0.24404693599999927,DNAJC17
23484,-0.24464193500000064,LEPROTL1
79577,-0.24466383349999976,CDC73
6788,-0.24492275099999983,STK3
7464,-0.2449599147499999,CORO2A
2124,-0.24508776799999987,EVI2B
57720,-0.24523031724999989,GPR107
27102,-0.24549643299999957,EIF2AK1
645158,-0.24565678449999995,CBX3P2
100505783,-0.24573165525000018,OSER1-DT
51115,-0.2459707784999985,RMDN1
6351,-0.24600628299999983,CCL4
342908,-0.24617788549999986,ZNF404
9520,-0.24633010375000097,NPEPPS
162427,-0.2463686852500011,RETREG3
124152,-0.24668003000000027,IQCK
79585,-0.24688212524999997,CORO7
5924,-0.247052987,RASGRF2
3556,-0.24706587874999997,IL1RAP
1175,-0.24721080899999848,AP2S1
7769,-0.24721598650000054,ZNF226
29780,-0.24754376300000036,PARVB
83860,-0.24772891925000007,TAF3
23219,-0.24807868675000044,FBXO28
63943,-0.24833464049999954,FKBPL
254778,-0.24833742200000009,VXN
818,-0.24835687550000074,CAMK2G
9820,-0.24836919275000024,CUL7
7711,-0.2483794889999995,ZNF155
84455,-0.24869908749999947,EFCAB7
2720,-0.24897362025000014,GLB1
84264,-0.24912564899999978,HAGHL
152926,-0.2493645309999999,PPM1K
4363,-0.24941825474999924,ABCC1
51495,-0.24964955249999932,HACD3
638,-0.2498355874999998,BIK
100505715,-0.25008580275000014,CATED
51230,-0.2501139657499998,PHF20
84441,-0.2504041954999998,MAML2
6596,-0.25049363375000055,HLTF
10165,-0.2504958469999998,SLC25A13
57045,-0.25052129874999984,TWSG1
10778,-0.25085984325000066,ZNF271P
84284,-0.25087901025000114,NTPCR
56478,-0.25088444649999975,EIF4ENIF1
2805,-0.25127889249999846,GOT1
3800,-0.2515724954999996,KIF5C
6102,-0.2519112010000004,RP2
60343,-0.2519988920000005,FAM3A
170506,-0.2521775694999988,DHX36
283518,-0.25221429074999957,KCNRG
55041,-0.2525405900000006,PLEKHB2
10567,-0.2526790049999992,RABAC1
441212,-0.2529495044999992,RP9P
259282,-0.2531392444999989,BOD1L1
84282,-0.25314204325000045,RNF135
649446,-0.2531612429999992,DLGAP1-AS1
4548,-0.25349672599999984,MTR
8195,-0.2536159537499998,MKKS
23081,-0.25369205549999974,KDM4C
1794,-0.2537185124999999,DOCK2
80224,-0.2537234577499996,NUBPL
8846,-0.2538066110000008,ALKBH1
100128731,-0.2538318675000024,OST4
221154,-0.2538553699999966,MICU2
115416,-0.25405889999999687,MALSU1
11183,-0.2544504155000009,MAP4K5
25853,-0.2546060492500004,DCAF12
3685,-0.25476095500000007,ITGAV
613,-0.25497421400000064,BCR
89857,-0.25502083750000004,KLHL6
57645,-0.25517395475000004,POGK
54543,-0.2552988599999999,TOMM7
1153,-0.25542338850000057,CIRBP
54472,-0.2554765332500004,TOLLIP
7768,-0.25548446000000036,ZNF225
10400,-0.2559440952499994,PEMT
808,-0.25603361375000055,CALM3
80162,-0.25623172425000007,PGGHG
54861,-0.25664795525000095,SNRK
84945,-0.2569495527499992,ABHD13
11345,-0.25698375250000005,GABARAPL2
7358,-0.25751372550000085,UGDH
9921,-0.25761134575,RNF10
9375,-0.2577052825000017,TM9SF2
57679,-0.2580212182500006,ALS2
23568,-0.2583343290000002,ARL2BP
51112,-0.2585542289999996,TRAPPC12
125476,-0.2586632622499998,INO80C
309,-0.2586845714999999,ANXA6
10363,-0.2586939497500005,HMG20A
26297,-0.25873346450000057,SERGEF
8445,-0.2587858232499993,DYRK2
84223,-0.25879828175000075,DRC9
7187,-0.2588274837499993,TRAF3
8742,-0.25885629549999933,TNFSF12
9289,-0.2589324502499992,ADGRG1
26160,-0.25927786225000027,IFT172
9946,-0.2594039919999993,CRYZL1
25999,-0.25952611350000065,CLIP3
5546,-0.25955478425000056,PRCC
4884,-0.2596103332500004,NPTX1
1292,-0.26004789599999967,COL6A2
25830,-0.2601227224999998,SULT4A1
54620,-0.26021754874999914,FBXL19
2960,-0.26078966049999863,GTF2E1
54093,-0.2611577437499992,SETD4
2549,-0.26127350400000005,GAB1
266655,-0.26129121025000046,BRD3OS
55863,-0.26149945249999895,TMEM126B
167227,-0.2615063459999991,DCP2
11104,-0.2617301317499994,KATNA1
130162,-0.2619762567499997,CLHC1
23466,-0.2621354032499994,CBX6
79665,-0.2621698049999992,DHX40
4141,-0.262352324250001,MARS1
291,-0.26239977525000047,SLC25A4
55751,-0.26248466250000035,TMEM184C
26272,-0.2625393760000003,FBXO4
5922,-0.2626351857499998,RASA2
6867,-0.26278316225000253,TACC1
8535,-0.2628659425000004,CBX4
4735,-0.26303275225,SEPTIN2
56913,-0.2635513749999996,C1GALT1
7566,-0.26363481075000017,ZNF18
5525,-0.2638928172499999,PPP2R5A
4683,-0.26392211050000114,NBN
283,-0.26398056949999926,ANG
22944,-0.26427414574999997,KIN
10782,-0.2643147465000002,ZNF274
283130,-0.2643324312499997,SLC25A45
56907,-0.2649536484999997,SPIRE1
150465,-0.26511947750000076,TTL
8394,-0.26518914775000013,PIP5K1A
84124,-0.26527415949999966,ZNF394
169200,-0.26533003875000016,TMEM64
2067,-0.2655695682499992,ERCC1
10780,-0.2656108715000003,ZNF234
10634,-0.26561175800000036,GAS2L1
1861,-0.26610062800000023,TOR1A
5293,-0.2662860517500003,PIK3CD
379025,-0.26642840950000046,PSMA3-AS1
7627,-0.26644852325000024,ZNF75A
79871,-0.2664862029999995,RPAP2
55069,-0.2668747897500001,TMEM248
115426,-0.26699078875000026,UHRF2
91137,-0.26735790100000045,SLC25A46
55504,-0.2674656494999996,TNFRSF19
128989,-0.2675421217500009,TANGO2
51621,-0.26771192874999983,KLF13
200576,-0.2681610767500002,PIKFYVE
83985,-0.26828119874999956,SPNS1
22,-0.2683232129999986,ABCB7
441168,-0.26863446850000017,CALHM6
55109,-0.2688346357500002,AGGF1
28511,-0.2688601249999998,NKIRAS2
11319,-0.2691947005000017,ECD
56271,-0.26939095324999984,BEX4
84065,-0.2694346777500005,TMEM222
51447,-0.2695105762500001,IP6K2
55048,-0.2697065270000003,VPS37C
401321,-0.26976450674999963,LINC00997
1808,-0.2698887274999979,DPYSL2
51164,-0.26991532699999965,DCTN4
55905,-0.2700185292500006,RNF114
25994,-0.27007356725000076,HIGD1A
124540,-0.2701882864999998,MSI2
200879,-0.2701898512500005,LIPH
9527,-0.2703037580000007,GOSR1
81490,-0.2703245657500002,PTDSS2
22905,-0.27035939675,EPN2
84246,-0.2704862809999984,MED10
5879,-0.27057305750000005,RAC1
93550,-0.27062326750000043,ZFAND4
79027,-0.2706882655,ZNF655
7026,-0.27069495825,NR2F2
10346,-0.2707779375000001,TRIM22
286257,-0.27078204800000005,PAXX
221302,-0.2708896195000001,ZUP1
84709,-0.2709621627499992,MGARP
56954,-0.2709927289999996,NIT2
3550,-0.2710120850000006,IK
51550,-0.27108680375000027,CINP
65260,-0.2711356392500006,COA7
54764,-0.2711458902500006,ZRANB1
9167,-0.2715836950000021,COX7A2L
125228,-0.27178489225000035,MIMS1
5571,-0.27182715150000103,PRKAG1
85358,-0.2718898660000004,SHANK3
6520,-0.27192288075000093,SLC3A2
55611,-0.27194064049999955,OTUB1
51804,-0.2720419962499996,SIX4
51,-0.272279095,ACOX1
55331,-0.27235940149999927,ACER3
25973,-0.2723892212499992,PARS2
55229,-0.2723945397499996,PANK4
114049,-0.2724724039999984,BUD23
112942,-0.27250293300000017,CFAP36
51339,-0.27266215375000025,DACT1
29078,-0.27267954549999995,NDUFAF4
7267,-0.2727642190000008,TTC3
26231,-0.2733147787500001,FBXL9P
9445,-0.27366160749999935,ITM2B
60626,-0.274384125500001,RIC8A
9886,-0.27440427675000123,RHOBTB1
80185,-0.2749055,TTI2
3137,-0.2751900770000004,HLA-J
114790,-0.27541619550000007,STK11IP
64770,-0.2758324802499992,CCDC14
54880,-0.27587932675000015,BCOR
131870,-0.27596483125000004,NUDT16
27065,-0.2760700442499999,NSG1
5696,-0.27623210124999975,PSMB8
7316,-0.2762387799999999,UBC
22918,-0.27625568050000027,CD93
65110,-0.2764832192499993,UPF3A
55696,-0.2768336100000006,RBM22
55851,-0.27690893549999984,PSENEN
114926,-0.27693220799999985,SMIM19
51160,-0.27694773400000017,VPS28
79038,-0.2770054265000006,ZFYVE21
10724,-0.27723058700000003,OGA
7559,-0.27741093825000007,ZNF12
5441,-0.27750410874999965,POLR2L
90639,-0.2777126862500001,COX19
26235,-0.2777551992499996,FBXL4
93663,-0.2777680680000003,ARHGAP18
64940,-0.2778648977499998,STAG3L4
8915,-0.2782349172499998,BCL10
11313,-0.27831313525000034,LYPLA2
10739,-0.2787749195,RFPL2
57717,-0.2788091437500002,PCDHB16
4637,-0.2788359274999994,MYL6
51130,-0.27920309875000093,ASB3
7260,-0.27928483075,EIPR1
8870,-0.27932330425000007,IER3
134218,-0.2795316427500012,DNAJC21
3163,-0.2800038684999997,HMOX2
6640,-0.28008968874999995,SNTA1
9583,-0.28052956400000006,ENTPD4
57228,-0.2807450992499998,SMAGP
26515,-0.28079202900000055,TIMM10B
402055,-0.2808764207500003,SRRD
3482,-0.2809194049999988,IGF2R
159013,-0.28104053424999886,CXorf38
4650,-0.28131014875000027,MYO9B
28990,-0.2813674025000008,ASTE1
22881,-0.2813797087500003,ANKRD6
55312,-0.2816323017500011,RFK
10671,-0.28172126750000004,DCTN6
29087,-0.2819507315000003,THYN1
4718,-0.2820346864999994,NDUFC2
4905,-0.2822182757500009,NSF
27304,-0.28225364350000026,MOCS3
10559,-0.2825935357500011,SLC35A1
5531,-0.28259609825,PPP4C
92335,-0.2827731202499999,STRADA
83941,-0.28278780549999993,TM2D1
283554,-0.2829238162500003,GPR137C
51742,-0.28318156975000086,ARID4B
55333,-0.28335975974999883,SYNJ2BP
8462,-0.28340113349999996,KLF11
112752,-0.28343596450000064,IFT43
4717,-0.2834512115000001,NDUFC1
3310,-0.2835649992500002,HSPA6
11236,-0.2837871842500004,RNF139
55862,-0.28389797799999883,ECHDC1
112858,-0.2845786887500008,TP53RK
55819,-0.2846388387500012,RNF130
10558,-0.28464354850000007,SPTLC1
79591,-0.284702596999999,ARMH3
3225,-0.28475858174999935,HOXC9
7975,-0.2848666735000007,MAFK
57396,-0.2849482634999996,CLK4
285605,-0.28532323900000023,DTWD2
100128822,-0.28609344224999944,LINC01003
23032,-0.28610427474999867,USP33
23112,-0.28634416550000097,TNRC6B
6992,-0.2864077215000007,PPP1R11
53339,-0.2864131624999988,BTBD1
51531,-0.2869469247499996,TRMO
401466,-0.2874675492499996,RBIS
23645,-0.2875118852500007,PPP1R15A
64282,-0.28768152375000255,TENT4B
2770,-0.287737025000002,GNAI1
8559,-0.2879970044999993,PRPF18
9941,-0.2882103385000008,EXOG
8725,-0.28827138049999945,URI1
8816,-0.2883252717499998,DCAF5
29035,-0.2887807187500009,HAPSTR1
4148,-0.28908486000000044,MATN3
5202,-0.2896783572500006,PFDN2
56927,-0.2898759827499999,GPR108
90987,-0.2899497427500002,ZNF251
23142,-0.29005240625000006,DCUN1D4
57600,-0.29019601349999924,FNIP2
118924,-0.2905336042500002,FRA10AC1
26224,-0.2905372507500008,FBXL3
6920,-0.2905681852499997,TCEA3
5378,-0.29101696750000094,PMS1
9117,-0.2911429805000001,SEC22C
11188,-0.2912052799999998,NISCH
9535,-0.29125607175000034,GMFG
199704,-0.29136291475000053,ZNF585A
51029,-0.29144332474999946,DESI2
7277,-0.2920379347500006,TUBA4A
5162,-0.2920430875000015,PDHB
158046,-0.2924741317500006,NXNL2
80021,-0.29261117850000007,TMEM62
8721,-0.2928261274999979,EDF1
91392,-0.29314021775000043,ZNF502
152579,-0.29315463799999986,SCFD2
53938,-0.2937600294999996,PPIL3
51504,-0.29393595750000046,TRMT112
51006,-0.29399989100000123,SLC35H1
54677,-0.29413295625000035,CROT
7593,-0.2941604594999996,MZF1
57532,-0.29424459774999967,NUFIP2
4931,-0.2942599342499994,NVL
11017,-0.29460951525000034,SNRNP27
64769,-0.29471730424999976,MEAF6
11112,-0.2953358609999981,HIBADH
55780,-0.29570619324999914,ERMARD
2356,-0.29579539599999993,FPGS
55180,-0.2957977584999991,LINS1
401152,-0.2959668589999982,ARLN
9640,-0.29598652799999936,ZNF592
4636,-0.29625329975000003,MYL5
143187,-0.2962916255000003,VTI1A
6018,-0.2963141632500008,RLF
252839,-0.2963410737500016,TMEM9
100130275,-0.29708191274999995,TFAP2A-AS1
4790,-0.2971495425000015,NFKB1
339231,-0.2973887865,ARL16
9743,-0.29741337399999956,ARHGAP32
80167,-0.29781123825000044,ABHD18
94241,-0.29827837474999974,TP53INP1
23230,-0.29830276599999905,VPS13A
5467,-0.2986633167499999,PPARD
9482,-0.2988459300000006,STX8
92070,-0.2991760724999999,CTBP1-DT
5877,-0.2992523860000009,RABIF
57617,-0.2993641495000001,VPS18
6659,-0.29963982224999874,SOX4
3340,-0.2996483797499998,NDST1
27327,-0.29975858325000093,TNRC6A
10127,-0.29990182625000017,ZNF263
5613,-0.30027243274999904,PRKX
100506922,-0.30030696224999964,MAP3K2-DT
169981,-0.30030918774999993,SPIN3
889,-0.30037878450000033,KRIT1
27246,-0.3003969847499999,RNF115
94120,-0.30045831399999967,SYTL3
51111,-0.3008376534999986,KMT5B
57560,-0.3008772654999987,IFT80
126299,-0.3008994682500008,ZNF428
84074,-0.30090412450000015,QRICH2
94103,-0.3009180335000008,ORMDL3
26092,-0.30099936899999946,TOR1AIP1
3716,-0.30111716725000015,JAK1
154,-0.30122661250000027,ADRB2
286053,-0.3012504067499995,NSMCE2
10296,-0.301345594999999,MAEA
3133,-0.30152885175000144,HLA-E
64400,-0.3016567185000003,AKTIP
647979,-0.3020350175000015,NORAD
55605,-0.3020436085,KIF21A
25851,-0.3020698887499993,TECPR1
114932,-0.3022675014999976,MRFAP1L1
9530,-0.30249315400000043,BAG4
6643,-0.30251075524999926,SNX2
51244,-0.30262963849999913,CCDC174
57579,-0.3026401450000007,FAM135A
339105,-0.30277512574999976,PRSS53
100289230,-0.30287060074999994,LOC100289230
60412,-0.3030408524999997,EXOC4
8439,-0.30329225824999906,NSMAF
10555,-0.3035696507500001,AGPAT2
57147,-0.30359624950000086,SCYL3
64839,-0.30362232375,FBXL17
139341,-0.3036923322500016,FUNDC1
5504,-0.30372101725,PPP1R2
55915,-0.304186821750001,LANCL2
84817,-0.3044935175000001,TXNDC17
55624,-0.30456372675000054,POMGNT1
23317,-0.30478993075000105,DNAJC13
5708,-0.30507224775000097,PSMD2
1777,-0.3051703324999995,DNASE2
4335,-0.3054199294999993,MNT
10623,-0.3056846407500009,POLR3C
3309,-0.30568897350000057,HSPA5
27235,-0.30573602275000056,COQ2
55219,-0.30580245400000017,MACO1
51290,-0.3060160214999996,ERGIC2
64343,-0.3061815084999999,AZI2
54925,-0.30622441575000003,ZSCAN32
57169,-0.3062585882499995,ZNFX1
387263,-0.3063778829999997,C6orf120
54534,-0.3065641162499997,MRPL50
10116,-0.30662745174999895,FEM1B
85480,-0.30667726400000017,TSLP
1936,-0.30698354000000094,EEF1D
23344,-0.3070258984999992,ESYT1
7227,-0.3071309885,TRPS1
10169,-0.30763473875,SERF2
4728,-0.3076713099999999,NDUFS8
83989,-0.30798640424999935,ARB2A
63932,-0.30844304900000097,STEEP1
826,-0.3084549919999997,CAPNS1
5862,-0.30892474125000113,RAB2A
388789,-0.30945955425000093,SMIM26
55959,-0.30961689249999935,SULF2
644873,-0.30974981074999963,SLC12A2-DT
81576,-0.3099307512499996,YJU2B
51324,-0.30994907224999935,SPG21
54436,-0.309963958,SH3TC1
85455,-0.31023196649999907,DISP2
84313,-0.3102329602499996,VPS25
9550,-0.31039899299999973,ATP6V1G1
79651,-0.31069465600000035,RHBDF2
2932,-0.31082359025000006,GSK3B
1020,-0.31090039925000035,CDK5
1200,-0.31097321850000004,TPP1
2783,-0.31098560624999827,GNB2
81,-0.3113229237500006,ACTN4
387921,-0.31140851575000106,NHLRC3
54583,-0.3114102214999992,EGLN1
10313,-0.3116489925000021,RTN3
100507117,-0.31183761224999973,ASAP1-IT2
54103,-0.311839553,GSAP
84892,-0.3119491444999998,POMGNT2
55623,-0.3119708247500004,THUMPD1
84333,-0.31204121299999876,PCGF5
339123,-0.3120626422499999,JMJD8
5739,-0.3121180819999996,PTGIR
23099,-0.3124140554999997,ZBTB43
51150,-0.31263633024999926,SDF4
57558,-0.312663712,USP35
51138,-0.31279239000000025,COPS4
26046,-0.31287639600000006,LTN1
23168,-0.3129880262500002,RTF1
10513,-0.31307280424999995,APPBP2
23191,-0.3131984699999997,CYFIP1
27236,-0.3132186575000002,ARFIP1
55856,-0.31338230549999935,ACOT13
116985,-0.3133876820000001,ARAP1
347733,-0.31341955125,TUBB2B
55007,-0.31353834700000016,SIRAL2
7589,-0.3137135949999994,ZSCAN21
29957,-0.31388761499999873,SLC25A24
64780,-0.31425084900000044,MICAL1
254428,-0.3142902407500001,SLC41A1
670,-0.31438254224999973,BPHL
8269,-0.3145383485000002,TMEM187
7772,-0.3147672225,ZNF229
79026,-0.31483694324999956,AHNAK
91875,-0.3150878917500002,TTC5
9929,-0.31540130875000116,JOSD1
92912,-0.31540194749999984,UBE2Q2
2551,-0.3155002929999995,GABPA
84272,-0.3155255765000007,YIPF4
6683,-0.31587131224999965,SPAST
1130,-0.3163876762500002,LYST
118813,-0.3163877515000002,ZFYVE27
7347,-0.3165626724999999,UCHL3
22818,-0.3170110777500028,COPZ1
953,-0.31702629024999984,ENTPD1
51065,-0.3174420387500003,RPS27L
10390,-0.3174840937500001,CEPT1
152007,-0.31751994900000025,GLIPR2
54850,-0.3177394894999992,FBXL12
5476,-0.3178713362500005,CTSA
8720,-0.3184404942499999,MBTPS1
79868,-0.31910133024999965,ALG13
9057,-0.3192735504999993,SLC7A6
64760,-0.3193212272499997,FHIP2B
9559,-0.3198836150000002,VPS26A
369,-0.3199154132499986,ARAF
51752,-0.32003730199999936,ERAP1
4724,-0.320151129000001,NDUFS4
23557,-0.3203156414999988,SNAPIN
9266,-0.32044991600000117,CYTH2
5255,-0.3207414347500004,PHKA1
91283,-0.3208589232500021,MSANTD3
340481,-0.3210122620000009,ZDHHC21
64089,-0.32108370449999946,SNX16
80254,-0.3214305792499994,CEP63
7248,-0.32144799349999964,TSC1
6525,-0.3216463704999999,SMTN
222962,-0.3220044470000003,SLC29A4
27436,-0.3221866060000007,EML4
1069,-0.3222538934999992,CETN2
1611,-0.3228112752500003,DAP
1795,-0.32282886025,DOCK3
27243,-0.32285520050000116,CHMP2A
387,-0.3231252324999989,RHOA
23264,-0.3232340197499992,ZC3H7B
85378,-0.3237055507500002,TUBGCP6
25798,-0.3240046942500001,BRI3
2773,-0.3241421529999986,GNAI3
115353,-0.32416338600000216,LRRC42
256471,-0.32430786375000054,MFSD8
140460,-0.32437710124999963,ASB7
146923,-0.3243790572500007,RUNDC1
4644,-0.32442213900000016,MYO5A
29952,-0.3244543642500002,DPP7
388135,-0.3245067640000001,INSYN1
55654,-0.3251462074999987,TMEM127
23376,-0.32516889925000036,UFL1
286101,-0.32523814625000025,ZNF252P
492311,-0.3252450205000006,IGIP
7249,-0.32527406500000033,TSC2
2954,-0.3253114539999995,GSTZ1
10237,-0.3254504900000015,SLC35B1
55614,-0.3257997604999998,KIF16B
65084,-0.32580894750000056,TMEM135
23443,-0.32605276399999994,SLC35A3
427,-0.3263627094999979,ASAH1
85440,-0.3263693490000019,DOCK7
200185,-0.32680197,KRTCAP2
27018,-0.3269940200000008,BEX3
254359,-0.32719655124999925,ZDHHC24
10227,-0.32734918800000035,SLC75A1
9829,-0.32745578675000075,DNAJC6
51070,-0.3274620049999992,NOSIP
25844,-0.3276369717499996,YIPF3
6301,-0.3277409272500016,SARS1
1299,-0.3279179609999998,COL9A3
159,-0.32814889550000004,ADSS2
7262,-0.32842436050000057,PHLDA2
55244,-0.3286167809999996,SLC47A1
253430,-0.328784626,IPMK
1514,-0.3288399019999986,CTSL
55341,-0.32887076349999944,LSG1
7105,-0.3290713267500003,TSPAN6
57414,-0.3292779402499999,RHBDD2
51517,-0.329389731,NCKIPSD
3927,-0.3295059000000009,LASP1
206358,-0.32953830749999957,SLC36A1
966,-0.3296004625000002,CD59
2923,-0.32964900824999965,PDIA3
4255,-0.3302210524999998,MGMT
23247,-0.3303347407499997,KATNIP
55140,-0.33116732675000105,ELP3
7403,-0.3313426592500006,KDM6A
53343,-0.3313788520000003,NUDT9
10799,-0.33149208425000065,RPP40
11234,-0.331767039499999,HPS5
57728,-0.33185408524999893,WDR19
7220,-0.3320194407500008,TRPC1
26610,-0.33225626549999987,ELP4
2109,-0.332324164500001,ETFB
26054,-0.33241707100000006,SENP6
254065,-0.33269453574999996,BRWD3
6993,-0.3329556025000002,DYNLT1
641700,-0.33309187425,ECSCR
10005,-0.3331100169999992,ACOT8
84061,-0.33327796849999913,MAGT1
10087,-0.33363815974999955,CERT1
9325,-0.33364057474999953,TRIP4
54467,-0.33364209574999926,ANKIB1
8634,-0.3339358394999987,RTCA
79443,-0.33395783024999925,FYCO1
56943,-0.3340756434999994,ENY2
7474,-0.33453446750000104,WNT5A
7525,-0.3347449175000019,YES1
55779,-0.3348198037500003,CFAP44
5170,-0.33527852149999937,PDPK1
7596,-0.3353525780000002,ZNF45
26049,-0.3353583452500004,FAM169A
10577,-0.3353628174999983,NPC2
1522,-0.33541764375000227,CTSZ
9706,-0.33552151150000054,ULK2
27241,-0.3357946820000004,BBS9
64976,-0.3358355732499998,MRPL40
116143,-0.33617846225000036,DNAAF10
114882,-0.33628655750000114,OSBPL8
54758,-0.3365066325000008,KLHDC4
23051,-0.33654103724999906,ZHX3
330,-0.3365861324999999,BIRC3
4898,-0.33715922050000025,NRDC
197259,-0.33730230700000075,MLKL
91748,-0.3376396420000001,MIDEAS
10809,-0.3377165445000001,STARD10
727957,-0.33776237175000023,MROH1
80135,-0.338017455000001,RPF1
55791,-0.3381827630000007,LRIF1
55308,-0.33818985175000016,DDX19A
57103,-0.3383268225000009,TIGAR
23409,-0.33846924550000024,SIRT4
55741,-0.3388308607499999,EDEM2
56986,-0.3389077655000001,DTWD1
64764,-0.3389265447499996,CREB3L2
1121,-0.3389737197499998,CHM
5664,-0.33928131750000023,PSEN2
4350,-0.33939276000000085,MPG
221830,-0.34002161675000053,POLR1F
54887,-0.34009840525,BLTP3A
23543,-0.3404115980000011,RBFOX2
1476,-0.34055773250000065,CSTB
29070,-0.34068466774999884,CFAP263
2286,-0.3407130539999983,FKBP2
56917,-0.34085980525000004,MEIS3
100859930,-0.3413195014999997,HEIH
29074,-0.34189379999999936,MRPL18
26061,-0.3419624424999981,HACL1
51564,-0.3419707394999998,HDAC7
84984,-0.34220429249999995,CEP19
23705,-0.34223995974999966,CADM1
26993,-0.3430420592500001,AKAP8L
51008,-0.3430595997500001,ASCC1
378938,-0.3431082052499974,MALAT1
5927,-0.3436189267500005,KDM5A
284454,-0.34386132950000103,MIR23AHG
27342,-0.3441468527499989,RABGEF1
29934,-0.3442035619999997,SNX12
51455,-0.3451372237499992,REV1
51128,-0.34534425499999966,SAR1B
51186,-0.34583099499999825,TCEAL9
100506119,-0.3463091490000001,LINC01503
25950,-0.3464502714999984,RWDD3
57461,-0.346474959,ISY1
55167,-0.3465577705000005,MSL2
26010,-0.34660249374999985,SPATS2L
84064,-0.34662606550000064,HDHD2
3913,-0.3467264805000001,LAMB2
50619,-0.34716960874999936,DEF6
9950,-0.34728945899999886,GOLGA5
9665,-0.34734723925000033,MARF1
2879,-0.34741207000000074,GPX4
2771,-0.34769609625,GNAI2
84961,-0.34780052149999996,FBXL20
3839,-0.34784076500000083,KPNA3
10245,-0.3478815327499998,TIMM17B
26263,-0.34798439050000063,FBXO22
23080,-0.3480295474999995,AVL9
8635,-0.3481460130000009,RNASET2
23788,-0.34829888350000004,MTCH2
84324,-0.3483726192499992,SARNP
25934,-0.3489951815000012,NIPSNAP3A
55234,-0.34946984475000065,SMU1
27309,-0.3498332492500005,NOAZFP
93164,-0.3505228069999995,HTR7P1
5550,-0.35075859574999946,PREP
23270,-0.3508143505000003,TSPYL4
132160,-0.35108255649999975,PPM1M
51306,-0.35163344525000184,FAM13B
284021,-0.35170973049999965,MILR1
55112,-0.35189260649999987,DYNC2I1
162967,-0.35197141649999963,ZNF320
5360,-0.35212803099999945,PLTP
55665,-0.35242533700000056,URGCP
8690,-0.3524589804999998,JRKL
91947,-0.3524696994999994,ARRDC4
23190,-0.352614925000001,UBXN4
54741,-0.35293809999999937,LEPROT
84926,-0.35329665825000056,SPRYD3
1829,-0.3533584325000003,DSG2
9467,-0.35354866200000057,SH3BP5
79753,-0.35375676374999987,SNIP1
6049,-0.35382938050000057,RNF6
83637,-0.3542651440000002,ZMIZ2
221143,-0.35450347599999965,EEF1AKMT1
221061,-0.35453795299999946,FAM171A1
51663,-0.354682959999999,ZFR
7009,-0.3547614699999979,TMBIM6
58489,-0.3551068709999994,ABHD17C
7741,-0.35523783075000015,ZSCAN26
55114,-0.3555587507499993,ARHGAP17
57132,-0.3556700427500008,CHMP1B
25793,-0.35590921975,FBXO7
4055,-0.35600625675000064,LTBR
55602,-0.35602668450000063,CDKN2AIP
56922,-0.35628706450000003,MCCC1
2968,-0.3564095077499996,GTF2H4
376497,-0.35672608300000075,SLC27A1
767579,-0.35697220874999935,SNORD114-3
149951,-0.3570050880000002,COMMD7
11037,-0.35706656774999956,STON1
9632,-0.35718549025,SEC24C
23412,-0.3573365725000013,COMMD3
22879,-0.3574136690000005,MON1B
64084,-0.35759078550000023,CLSTN2
388722,-0.35769338724999944,C1orf53
28973,-0.3578841192500004,MRPS18B
11336,-0.358063177,EXOC3
10483,-0.35808243274999985,SEC23B
9204,-0.3581119560000001,ZMYM6
10618,-0.3583901692499989,TGOLN2
57591,-0.3584642565,MRTFA
51506,-0.35851739250000136,UFC1
8801,-0.3587259454999998,SUCLG2
25805,-0.3588290050000005,BAMBI
56261,-0.3589260332500004,GPCPD1
51439,-0.3591997760000005,FAM8A1
100533106,-0.3592053147499996,ZHX1-C8orf76
9086,-0.3602370782499982,EIF1AY
9043,-0.3603773262499992,SPAG9
414919,-0.3603948177499996,C8orf82
23382,-0.36043529725,AHCYL2
23272,-0.36063021924999816,TASOR
55279,-0.3608918862500001,ZNF654
22950,-0.3609604247500009,SLC4A1AP
55847,-0.36132433750000104,CISD1
6777,-0.36133247800000046,STAT5B
29945,-0.3613566069999994,ANAPC4
8554,-0.36146500075,PIAS1
4853,-0.36154617474999995,NOTCH2
80344,-0.36198216450000054,DCAF11
57097,-0.3621192615000002,PARP11
51035,-0.3622498245000001,UBXN1
5431,-0.36243385999999944,POLR2B
80380,-0.36243724050000026,PDCD1LG2
120935,-0.36289124724999944,CCDC38
162,-0.3629226765000002,AP1B1
114625,-0.3629770382500004,ERMAP
2107,-0.3630683300000008,ETF1
128,-0.36338878749999814,ADH5
55116,-0.36354662925000003,TMEM39B
54014,-0.36366959174999813,BRWD1
196463,-0.3643640509999999,PLBD2
112611,-0.36452332174999924,RWDD2A
55634,-0.3647317587500005,KRABD4
79783,-0.36502149424999963,SUGCT
23064,-0.3650426085000005,SETX
3781,-0.36533258125000057,KCNN2
4214,-0.3653627014999996,MAP3K1
100507254,-0.36536631050000024,LINC01013
63905,-0.3656541082500002,MANBAL
51318,-0.3658598159999995,MRPL35
84851,-0.36592793899999876,TRIM52
84298,-0.36622724050000066,LLPH
8346,-0.3663053937499998,H2BC10
51248,-0.3663613997500015,PDZD11
58477,-0.36636303925000036,SRPRB
9900,-0.36638823450000046,SV2A
147965,-0.366525943750001,FAM98C
55667,-0.366630519000001,DENND4C
11311,-0.36685113775000033,VPS45
57562,-0.36718527624999986,CEP126
23341,-0.36799334625000046,DNAJC16
113402,-0.36805386500000026,SFT2D1
8481,-0.36806989275000035,OFD1
7319,-0.36841626000000005,UBE2A
80230,-0.3690735857499998,RUFY1
79142,-0.36918836799999966,PHF23
64130,-0.36922869500000033,LIN7B
50808,-0.369307899999999,AK3
4267,-0.36956250450000105,CD99
7629,-0.3696019852500001,ZNF76
84895,-0.36962708174999914,MIGA2
144100,-0.3697313637500006,PLEKHA7
9532,-0.3697685322499993,BAG2
80830,-0.37003481775000013,APOL6
4942,-0.37045971750000106,OAT
85013,-0.3705244704999995,TMEM128
149041,-0.37077087075000037,RC3H1
339290,-0.3708383302499989,LINC00667
5929,-0.3709802204999999,RBBP5
29767,-0.37113986249999975,TMOD2
5910,-0.3712151584999983,RAP1GDS1
10238,-0.3713579932499993,DCAF7
1140,-0.37141902300000007,CHRNB1
80028,-0.3715218892500003,FBXL18
4520,-0.3716804810000003,MTF1
9741,-0.3720521175000009,LAPTM4A
79641,-0.37216520625000005,ROGDI
57003,-0.3723204947499994,CCDC47
11070,-0.3723406650000003,TMEM115
30850,-0.3724163532500002,CDR2L
64224,-0.3724453342500009,HERPUD2
3708,-0.37291385000000066,ITPR1
57553,-0.37300544499999955,MICAL3
96459,-0.3731123434999999,FNIP1
51569,-0.37334683874999985,UFM1
8648,-0.37339568524999933,NCOA1
5616,-0.37365347574999985,PRKY
10186,-0.3737394077499996,LHFPL6
1523,-0.3740172677500011,CUX1
7392,-0.3745126120000002,USF2
23369,-0.37547550300000054,PUM2
60592,-0.3758205925000002,SCOC
8315,-0.37598577899999874,BRAP
29880,-0.3763949822499981,ALG5
55748,-0.3765965300000005,CNDP2
84304,-0.3766893275000003,NUDT22
146050,-0.3768699060000005,ZSCAN29
8729,-0.3768809332499998,GBF1
203245,-0.3771523615000003,NAIF1
7295,-0.3771718900000014,TXN
329,-0.3771903099999996,BIRC2
6814,-0.3772703249999996,STXBP3
53407,-0.37745746000000047,STX18
22903,-0.3774639790000016,BTBD3
116151,-0.37788927275000006,MIMS2
81502,-0.3780790942500003,HM13
27030,-0.3780888042499999,MLH3
10956,-0.3782686145000005,OS9
54625,-0.37845825725000015,PARP14
9969,-0.37849097249999986,MED13
100507634,-0.3789435972499997,LOC100507634
196792,-0.37911573850000035,FAM24B
823,-0.3792234742499998,CAPN1
23207,-0.37940400899999993,PLEKHM2
23352,-0.37969218350000045,UBR4
27031,-0.37985123799999876,NPHP3
158358,-0.3803118177499982,BRD10
25917,-0.38047506900000005,THUMPD3
57670,-0.3805785799999999,KIAA1549
8871,-0.38065077175000006,SYNJ2
64091,-0.3810278469999999,POPDC2
83699,-0.3810968247500002,SH3BGRL2
55031,-0.38135671649999914,USP47
2736,-0.3814047222500001,GLI2
23503,-0.3816051224999999,ZFYVE26
285362,-0.3820446762500005,SUMF1
55793,-0.38207429325000053,MINDY1
10098,-0.38212870799999976,TSPAN5
23582,-0.3821550924999997,CCNDBP1
9692,-0.382304425750001,PRORP
9975,-0.3823699825000002,NR1D2
1453,-0.38322775475000004,CSNK1D
80709,-0.3835677024999997,AKNA
10908,-0.383585745,PNPLA6
64747,-0.3836747612499991,MFSD1
4071,-0.38419324499999874,TM4SF1
554206,-0.38423262800000035,LCMT1P1
153396,-0.3843506702500008,TMEM161B
57587,-0.38438932825000016,CFAP97
84060,-0.3845161509999997,RBM48
81790,-0.38465926800000005,RNF170
374860,-0.38478731324999993,ANKRD30B
598,-0.3852128727500004,BCL2L1
59339,-0.3853020169999999,PLEKHA2
9765,-0.3854375167499988,ZFYVE16
80195,-0.38545369875000013,TMEM254
334,-0.38584744850000163,APLP2
27069,-0.38587326000000033,GHITM
10960,-0.38597025625000114,LMAN2
10437,-0.38646311849999915,IFI30
8228,-0.38666697925000015,PNPLA4
8540,-0.38714791899999934,AGPS
26017,-0.38742406024999987,FAM32A
55179,-0.3876821962499992,FAIM
7879,-0.38774699150000025,RAB7A
5820,-0.38774820099999907,PVT1
222389,-0.388003678,BEND7
4297,-0.3883680267499994,KMT2A
84749,-0.3885542874999999,USP30
5469,-0.38858274099999957,MED1
22926,-0.38882986275000153,ATF6
84885,-0.38913168649999896,ZDHHC12
1263,-0.38967868549999984,PLK3
10100,-0.38971524825000037,TSPAN2
6641,-0.3899297525000005,SNTB1
10999,-0.3899927522500004,SLC27A4
29,-0.3900255210000001,ABR
79780,-0.39038007325000024,CCDC82
57143,-0.39063982549999965,ADCK1
5607,-0.39073048524999976,MAP2K5
120526,-0.3907745795000004,DNAJC24
23787,-0.3909153525000004,MTCH1
414328,-0.3909259292499998,IDNK
5611,-0.3910736589999999,DNAJC3
5747,-0.391129587,PTK2
11067,-0.3912892690000005,DEPP1
23647,-0.39139306899999937,ARFIP2
2591,-0.39188551524999937,GALNT3
55544,-0.3919356962499996,RBM38
503693,-0.3921182032499999,LOH12CR2
26156,-0.3922320752499999,RSL1D1
55900,-0.3923231435000005,ZNF302
390980,-0.3923696459999997,ZNF805
54995,-0.39238940350000107,OXSM
4236,-0.39243739125000054,MFAP1
80019,-0.39249095874999984,UBTD1
84897,-0.3927171932499993,TBRG1
51312,-0.39321896600000006,SLC25A37
892,-0.3932711624999996,CCNC
302,-0.3933384600000007,ANXA2
10159,-0.39341458500000215,ATP6AP2
51000,-0.3934741307500005,SLC35B3
29796,-0.393674762249999,UQCR10
100132891,-0.39368660574999836,MSC-AS1
137835,-0.39387155975,TMEM71
80222,-0.3940047344999993,TARS2
340526,-0.3942152862500006,RTL5
1317,-0.39451716099999956,SLC31A1
221496,-0.3948848305000001,LEMD2
9674,-0.39501901524999994,KIAA0040
100506898,-0.3953511320000005,MAGOH2P
89796,-0.3954750574999988,NAV1
375287,-0.3956130192499998,RBM43
10134,-0.39585656000000036,BCAP31
27249,-0.3966247474999989,MMADHC
90488,-0.3967110725000005,TMEM263
2686,-0.3967303515,GGT7
1186,-0.39674180724999975,CLCN7
353355,-0.3973652720000005,ZNF233
80279,-0.397398718749999,CDK5RAP3
23075,-0.3974003257500005,SWAP70
56160,-0.3976192597500008,NSMCE3
3916,-0.3976565524999991,LAMP1
84988,-0.3977278312500001,PPP1R16A
283551,-0.39785141800000057,LINC01588
203523,-0.39790224750000025,ZNF449
285343,-0.39798214574999946,TCAIM
5373,-0.3979866765000004,PMM2
26057,-0.39854379150000163,ANKRD17
51167,-0.39858815499999967,CYB5R4
91653,-0.3986426247499999,BOC
7041,-0.39889897774999916,TGFB1I1
22862,-0.3989801097500001,FNDC3A
23087,-0.3990617410000006,TRIM35
439,-0.3991687810000002,GET3
54960,-0.39947076024999983,GEMIN8
55449,-0.3996959902499997,DHRS4-AS1
4048,-0.3997159475000007,LTA4H
9897,-0.39974944775000054,WASHC5
1482,-0.4005865944999991,NKX2-5
90550,-0.40116416825000023,MCU
7345,-0.40126177500000004,UCHL1
148156,-0.40133371449999977,ZNF558
201283,-0.40134546974999985,AMZ2P1
7770,-0.4013703207499999,ZNF227
22823,-0.401540698749999,MTF2
83478,-0.40160376600000003,ARHGAP24
55860,-0.4019915950000019,ACTR10
3707,-0.4020388120000007,ITPKB
6400,-0.4021381799999997,SEL1L
4719,-0.40223327324999936,NDUFS1
100128252,-0.4029865810000004,ZNF667-AS1
27250,-0.4029903587500012,PDCD4
84947,-0.40313454050000086,SERAC1
26036,-0.4032590397499991,ZNF451
9261,-0.4033302187500003,MAPKAPK2
5884,-0.4041274247500013,RAD17
125170,-0.40419094649999954,MIEF2
100526820,-0.40449651499999906,CAHM
2122,-0.4045213007500008,MECOM
91300,-0.4047198977499997,R3HDM4
60313,-0.4049415992500007,GPBP1L1
7095,-0.4050825939999996,SEC62
7633,-0.40514431699999953,ZNF79
7707,-0.4053540190000007,ZNF148
100129794,-0.40541159999999987,SLC25A21-AS1
91012,-0.40543931474999795,CERS5
10627,-0.40551115999999965,MYL12A
60559,-0.40561295799999986,SPCS3
54868,-0.4056420622499992,SLC38A12
171220,-0.4060042664999992,DSTNP2
6560,-0.4060290104999993,SLC12A4
26511,-0.4060489940000007,CHIC2
10802,-0.4061821365,SEC24A
9943,-0.40623565075000023,OXSR1
23548,-0.4062489982500006,TTC33
5547,-0.4062592304999981,PRCP
9397,-0.4062656517499992,NMT2
100996419,-0.4063249230000001,MRNIP-DT
3053,-0.4063624220000004,SERPIND1
64778,-0.4063753887499999,FNDC3B
830,-0.40670914750000087,CAPZA2
54940,-0.4068653125000008,OCIAD1
3430,-0.40707484474999944,IFI35
901,-0.4071095694999993,CCNG2
7507,-0.407204793,XPA
4494,-0.4072985467499999,MT1F
144108,-0.4073300185000006,SPTY2D1
55761,-0.40742388124999884,TTC17
65123,-0.40794536449999974,INTS3
132864,-0.40810134699999967,CPEB2
9470,-0.4084263400000001,EIF4E2
84967,-0.40845765325000016,LSM10
54778,-0.40863729774999946,RNF111
1603,-0.409064632499998,DAD1
26524,-0.4091214692499996,LATS2
322,-0.4092005300000001,APBB1
51079,-0.40935097249999863,NDUFA13
126068,-0.4096275099999991,ZNF441
64283,-0.4097996119999996,ARHGEF28
84340,-0.4101784240000006,GFM2
53,-0.41045326024999973,ACP2
54813,-0.41110135025000005,KLHL28
2647,-0.41113185300000055,BLOC1S1
56204,-0.4112383494999996,ATOSA
23258,-0.41128193449999983,DENND5A
7582,-0.4114434577499999,ZNF33B
8774,-0.41173061399999966,NAPG
9849,-0.4121417632500002,ZNF518A
253264,-0.4122014702500003,ZNF503-AS1
1303,-0.4124137464999995,COL12A1
25949,-0.41245913975000015,SYF2
51809,-0.41304992499999926,GALNT7
167153,-0.4131676792499981,TENT2
57522,-0.41332534450000047,SRGAP1
56938,-0.4139732867500001,BMAL2
148867,-0.41406526299999946,SLC30A7
90410,-0.4143936972500004,IFT20
10467,-0.4149156682499999,ZNHIT1
3551,-0.4155756954999994,IKBKB
29966,-0.41597998825000104,STRN3
6789,-0.4162334247499997,STK4
3198,-0.41669942475,HOXA1
4594,-0.4168365910000009,MMUT
9050,-0.4169592214999991,PSTPIP2
55967,-0.41709673249999923,NDUFA12
79414,-0.41738677950000014,LRFN3
3920,-0.41739993200000036,LAMP2
5578,-0.4174760272500002,PRKCA
51552,-0.4175314627500004,RAB14
29911,-0.41757617949999926,HOOK2
63877,-0.4176976457499997,FAM204A
345778,-0.4178861455000007,MTX3
221491,-0.41814127449999994,SMIM29
9092,-0.41831961925000094,SART1
55300,-0.4186868192500004,PI4K2B
57198,-0.41936166699999955,ATP8B2
1730,-0.41938338825,DIAPH2
222166,-0.4194771985000001,MTURN
22841,-0.41950127075000054,RAB11FIP2
1195,-0.4197245377499996,CLK1
57580,-0.4199489232500002,PREX1
10208,-0.42017764474999986,USPL1
57700,-0.4203492247500007,FHIP2A
1464,-0.4204031797500001,CSPG4
8065,-0.4205241302499978,CUL5
84561,-0.4205948042500003,SLC12A8
256586,-0.4210068274999976,LYSMD2
6776,-0.4214472950000001,STAT5A
23324,-0.4218024679999992,MAN2B2
5184,-0.42207358925000005,PEPD
2184,-0.42253892849999986,FAH
284018,-0.42286611175000033,C17orf58
149986,-0.42398215250000026,LSM14B
403313,-0.42429043299999947,PLPP6
64761,-0.42444189450000014,PARP12
51527,-0.42459378100000045,GSKIP
126321,-0.4246149260000003,MFSD12
10489,-0.42492298375000104,LRRC41
9658,-0.42494215324999995,ZNF516
146433,-0.42512438549999976,IL34
754,-0.42520451000000037,PTTG1IP
51808,-0.4252574615000011,PHAX
79680,-0.42529342125000014,RTL10
57157,-0.4254194939999998,PHTF2
8509,-0.4255822615000002,NDST2
22930,-0.4256148662499992,RAB3GAP1
91010,-0.425820313,FMNL3
57106,-0.4258221209999995,NAT14
81619,-0.4260106407500004,TSPAN14
51501,-0.42627993275000087,HIKESHI
219927,-0.42639317475000027,MRPL21
10380,-0.4264697215000002,BPNT1
2887,-0.4266156289999996,GRB10
10920,-0.42716236999999957,COPS8
975,-0.42733536999999977,CD81
163126,-0.4273953835000004,EID2
4758,-0.4275971867499999,NEU1
3169,-0.4281997205000003,FOXA1
83658,-0.42834961499999835,DYNLRB1
55831,-0.4285916314999998,EMC3
83591,-0.428703096,THAP2
8440,-0.42876575925000004,NCK2
84665,-0.4289864142499997,MYPN
55190,-0.42919205100000024,NUDT11
114990,-0.429749868750001,VASN
9798,-0.42979003475000077,IST1
2068,-0.4297936477500004,ERCC2
55681,-0.4299889720000003,SCYL2
79903,-0.4301147152500002,NAA60
10006,-0.43015828375,ABI1
2339,-0.4303117349999983,FNTA
5257,-0.4305415872499978,PHKB
79891,-0.4305683635000004,ZNF671
80314,-0.4306266379999997,EPC1
55218,-0.4309890977500004,EXD2
283373,-0.43103739225000126,ANKRD52
23583,-0.43119952624999947,SMUG1
9962,-0.43122085850000014,SLC23A2
24144,-0.4314405315000007,TFIP11
11346,-0.43210688225000027,SYNPO
842,-0.43212783575000024,CASP9
4488,-0.43214515075000026,MSX2
10524,-0.4322982467499994,KAT5
8744,-0.4332588392500005,TNFSF9
5191,-0.43348049675000055,PEX7
83877,-0.43350826500000217,TM2D2
283310,-0.43366378625000035,OTOGL
114799,-0.43403144225000023,ESCO1
10749,-0.43404296075000026,KIF1C
64376,-0.4340449605000005,IKZF5
9541,-0.43413291325000003,CIRSR
10554,-0.43414227075000067,AGPAT1
129446,-0.4342411392500001,XIRP2
4886,-0.4345105422499995,NPY1R
8566,-0.43456274050000054,PDXK
22901,-0.4347126347500003,ARSG
8459,-0.43479472450000056,TPST2
23309,-0.43522766325000095,SIN3B
8407,-0.4353445877499986,TAGLN2
164,-0.4354995407500013,AP1G1
4669,-0.4356102619999991,NAGLU
2800,-0.43602521175000053,GOLGA1
51714,-0.43613675900000004,SELENOT
5000,-0.43627834050000036,ORC4
57542,-0.4375725152500003,KLHL42
10565,-0.43783150049999975,ARFGEF1
2258,-0.43794416300000005,FGF13
51643,-0.4379509122500007,TMBIM4
137492,-0.4379604272499993,VPS37A
7716,-0.43800703374999994,VEZF1
26750,-0.43812345349999937,RPS6KC1
1054,-0.4383509732500004,CEBPG
200942,-0.43841549799999946,KLHDC8B
11221,-0.43850678674999966,DUSP10
55352,-0.4386067450000013,COPRS
9905,-0.4388089929999994,SGSM2
9107,-0.4390254637499993,MTMR6
132321,-0.4395564567499992,C4orf33
728264,-0.4396077844999997,CARMN
51665,-0.43978731225,ASB1
3836,-0.43985425350000007,KPNA1
23654,-0.4398737777500017,PLXNB2
7059,-0.43993022775000057,THBS3
55206,-0.4400309252499994,SBNO1
375341,-0.44003328699999944,C3orf62
8405,-0.4401560672500002,SPOP
55869,-0.4402087175,HDAC8
400506,-0.4405134612500001,KNOP1
9779,-0.4405420967499998,TBC1D5
79699,-0.44065035174999956,ZYG11B
10505,-0.44119651900000045,SEMA4F
391,-0.44122579224999914,RHOG
168667,-0.4412278569999999,BMPER
9878,-0.4415959347499996,TOX4
27257,-0.4417999100000003,LSM1
64801,-0.44192328599999975,ARV1
548645,-0.4420560797500013,DNAJC25
64834,-0.4421862624999999,ELOVL1
10614,-0.44253421649999947,HEXIM1
54943,-0.44270431624999995,DNAJC28
23312,-0.44301117999999917,DMXL2
8898,-0.44320867249999907,MTMR2
22891,-0.4440143194999999,ZNF365
3652,-0.44415184025,IPP
1294,-0.44416252675,COL7A1
694,-0.4446119149999994,BTG1
3059,-0.4450464522500006,HCLS1
8609,-0.4450942110000007,KLF7
51097,-0.4450950737500001,SCCPDH
1182,-0.4451944337500011,CLCN3
1022,-0.44546591625000076,CDK7
51567,-0.44564133000000083,TDP2
63916,-0.4456704830000007,ELMO2
79602,-0.44567283150000137,ADIPOR2
2589,-0.44578626750000083,GALNT1
51076,-0.44579039424999944,CUTC
115286,-0.44587617400000035,SLC25A26
7094,-0.44588890999999986,TLN1
540,-0.44608622099999984,ATP7B
55970,-0.4467482667500011,GNG12
54494,-0.44675009925,C11orf71
79739,-0.4468031605,TTLL7
51310,-0.44682333099999916,SLC22A17
9867,-0.4468254042499993,PJA2
7587,-0.4470669957499993,ZNF37A
55857,-0.44716970049999993,KIZ
5587,-0.44729254300000054,PRKD1
381,-0.4473895695000003,ARF5
6738,-0.44776076824999933,RO60
26064,-0.44803686499999884,RAI14
57698,-0.44805869824999967,SHTN1
22849,-0.4481958097499996,CPEB3
10254,-0.4482578857499986,STAM2
51703,-0.4482755505,ACSL5
84548,-0.44857464475000075,TMEM185A
23155,-0.4485940225000009,CLCC1
23633,-0.44880348675000015,KPNA6
10948,-0.44881143874999996,STARD3
54360,-0.4488734699999988,CYTL1
3480,-0.448937731,IGF1R
90990,-0.44901780250000023,KIFC2
22858,-0.44931052099999924,CILK1
8723,-0.44937545925000144,SNX4
84747,-0.4499733392499987,UNC119B
5366,-0.45016757800000207,PMAIP1
132,-0.45027699324999837,ADK
54520,-0.4504900597500008,CCDC93
10073,-0.4512321457500015,SNUPN
100507283,-0.45136066200000036,MSANTD2-AS1
9683,-0.451522529,N4BP1
23041,-0.4515844289999995,MON2
54165,-0.4519304597499998,DCUN1D1
118426,-0.4520279294999998,BORCS5
125150,-0.45244152174999996,ZSWIM7
91039,-0.45252441925,DPP9
55432,-0.45262216275,YOD1
5715,-0.45265374300000083,PSMD9
51316,-0.45275431499999996,PLAC8
84141,-0.4528287907500008,EVA1A
23585,-0.4533658352500005,TMEM50A
83667,-0.45385309700000054,SESN2
114800,-0.4539309672499998,CCDC85A
7539,-0.45399243100000053,ZFP37
11068,-0.45429774099999953,CYB561D2
400073,-0.4545635562500001,C12orf76
5869,-0.4546841189999995,RAB5B
2512,-0.4549739774999999,FTL
115294,-0.4551628369999996,PCMTD1
8724,-0.4552296499999997,SNX3
26873,-0.4553603499999994,OPLAH
283927,-0.4554759875000003,NUDT7
4947,-0.4555208357500007,OAZ2
9639,-0.4556792209999987,ARHGEF10
58986,-0.4558630380000004,PGAP6
55337,-0.45628042174999983,SHFL
55037,-0.45640465224999893,PTCD3
23370,-0.4565615359999997,ARHGEF18
92140,-0.45665069400000036,MTDH
8829,-0.45689579774999967,NRP1
55228,-0.45713238050000005,PNMA8A
3157,-0.45747665474999977,HMGCS1
10011,-0.45828946925000125,SRA1
7581,-0.4583065967499991,ZNF33A
51100,-0.45834489499999975,SH3GLB1
286097,-0.45846361299999927,MICU3
54935,-0.45867768924999996,DUSP23
9728,-0.45896218125000043,SECISBP2L
152756,-0.4590322017499999,FAM218A
8504,-0.45933548300000027,PEX3
9853,-0.4602409597500001,RUSC2
5481,-0.4602686535000018,PPID
54802,-0.4604067722500007,TRIT1
54838,-0.4606131419999997,WBP1L
51368,-0.46069965225000065,TEX264
2235,-0.46073935674999955,FECH
3964,-0.46078950475000013,LGALS8
3096,-0.4610690812500007,HIVEP1
1027,-0.4611830974999993,CDKN1B
3976,-0.46145299874999957,LIF
7508,-0.4617357482500015,XPC
22906,-0.46186918475000116,TRAK1
79800,-0.46189601400000013,CARF
56985,-0.46221308650000026,ADPRM
7165,-0.4631811907500012,TPD52L2
339803,-0.4634261715000001,C2orf74-DT
92949,-0.463863559,ADAMTSL1
84975,-0.4644461122500001,SLC61A1
285636,-0.4650994485000002,RIMOC1
84233,-0.4651187454999999,TMEM126A
80067,-0.465185066250001,DCAF17
140576,-0.4652063044999988,S100A16
122830,-0.46523853925000136,NAA30
10540,-0.4659180474999989,DCTN2
138151,-0.4663543692499994,NACC2
100506815,-0.46636152749999926,FOXP1-IT1
79176,-0.4671729099999995,FBXL15
91749,-0.4676071247500002,SLC60A2
4281,-0.4681915657499989,MID1
80762,-0.46826989050000023,NDFIP1
57018,-0.46878659575000015,CCNL1
283377,-0.46913346349999996,SPRYD4
165,-0.4691858129999993,AEBP1
84516,-0.46919271974999965,DCTN5
8079,-0.4693911207500001,MLF2
373156,-0.4695619642499995,GSTK1
100506710,-0.46974960674999977,EBLN3P
718,-0.46984698775,C3
170689,-0.46991973924999986,ADAMTS15
9643,-0.46997829750000086,MORF4L2
9412,-0.4700082507500003,MED21
25972,-0.47004337574999866,UNC50
4649,-0.47008154225,MYO9A
6721,-0.47008331550000015,SREBF2
1266,-0.47021673500000105,CNN3
84938,-0.4703007832499999,ATG4C
84547,-0.47030905925000077,PGBD1
100874362,-0.47036410524999983,HOXB-AS1
28964,-0.4704117549999993,GIT1
148641,-0.47060043449999966,SLC35F3
9166,-0.47075319224999834,EBAG9
1390,-0.47090560525000047,CREM
440275,-0.4711598712499985,EIF2AK4
23499,-0.47157477924999824,MACF1
8273,-0.47158488325000025,SLC10A3
137886,-0.471585535,UBXN2B
54059,-0.47217806700000065,YBEY
55691,-0.47230901349999943,FRMD4A
64065,-0.47242326850000005,PERP
7011,-0.47254756700000033,TEP1
84267,-0.4725781357500001,QNG1
7320,-0.4727386097499995,UBE2B
23245,-0.472779568,ASTN2
8992,-0.4728089799999964,ATP6V0E1
654434,-0.47319066649999986,SNHG20
10126,-0.47355536249999997,DNAL4
7082,-0.47371178225000055,TJP1
210,-0.47381422325000067,ALAD
645676,-0.47388209099999967,ASH1L-AS1
8673,-0.47389431325000064,VAMP8
100652772,-0.4739770852500005,NNT-AS1
83608,-0.4741425509999999,RMP24
8773,-0.4742196257500009,SNAP23
5286,-0.47428667675000025,PIK3C2A
51102,-0.4743241774999998,MECR
10857,-0.47460096450000044,PGRMC1
9497,-0.47466461174999885,SLC4A7
51042,-0.47520091674999954,ZNF593
55009,-0.4752350305000004,FAM174C
8936,-0.4752761319999994,WASF1
79647,-0.4754865964999997,AKIRIN1
5786,-0.4755214634999998,PTPRA
124961,-0.47552455174999997,ZFP3
64431,-0.4756350137500007,ACTR6
571,-0.47571741774999987,BACH1
4338,-0.47716181000000013,MOCS2
5048,-0.4775665287500006,PAFAH1B1
79658,-0.47775257149999995,ARHGAP10
5195,-0.47778545250000093,PEX14
56929,-0.4779115014999995,FEM1C
3055,-0.47803619725000024,HCK
7014,-0.4787550702500001,TERF2
22821,-0.47880051300000037,RASA3
10395,-0.4788765445000003,DLC1
647087,-0.479032136999999,STMP1
143879,-0.4790982469999996,KBTBD3
100132707,-0.47930778225000026,PAXIP1-AS2
51633,-0.48007155024999904,OTUD6B
8767,-0.48019134174999945,RIPK2
51669,-0.4803642124999996,SARAF
64754,-0.4810667022500006,SMYD3
79137,-0.4816723135000007,RETREG2
4201,-0.48192435549999857,MEA1
55907,-0.48194418099999936,CMAS
23786,-0.4819715805000002,BCL2L13
83590,-0.48207161275000043,TMUB1
60560,-0.48220801425000026,NAA35
23530,-0.4822699220000004,NNT
221786,-0.4827361567499997,ZBED8L
54839,-0.482738823750001,LRRC49
55756,-0.4827893939999992,INTS9
10093,-0.4834678242499999,ARPC4
10927,-0.48348827174999975,SPIN1
51393,-0.4838409512500004,TRPV2
955,-0.4840673500000001,ENTPD6
3376,-0.48441968000000024,IARS1
1850,-0.4844605607500001,DUSP8
79109,-0.4845282397499995,MAPKAP1
79939,-0.48472861349999974,SLC35E1
340371,-0.48497338349999985,NRBP2
440515,-0.486062894999999,ZNF506
51259,-0.4860836450000008,TMEM216
133957,-0.4864754252499992,CCDC127
10767,-0.48652865150000046,HBS1L
65244,-0.48702409950000014,SPATS2
80017,-0.4870891237499997,DGLUCY
734,-0.48740077400000015,OSGIN2
387119,-0.48748684350000016,CEP85L
79786,-0.48809698125,KLHL36
6415,-0.48820620074999965,SELENOW
3028,-0.4882112944999992,HSD17B10
6648,-0.48865724749999906,SOD2
57537,-0.48870991875000014,SORCS2
29766,-0.48890040099999954,TMOD3
60682,-0.48980241724999907,SMAP1
94005,-0.4900351255000004,PIGS
353116,-0.4905049697499999,RILPL1
2077,-0.49108876349999964,ERF
51693,-0.49108944150000156,TRAPPC2L
126298,-0.4912442062500002,IRGQ
4152,-0.4914855017499997,MBD1
64419,-0.49157327125000005,MTMR14
79828,-0.49172151125000063,METTL8
11215,-0.4918452885000004,AKAP11
54856,-0.4921209624999996,GON4L
55609,-0.49226567674999977,ZNF280C
22954,-0.49262662975000016,TRIM32
653121,-0.4930849397500001,ZBTB8A
3364,-0.49339321400000014,HUS1
63899,-0.49357582999999927,NSUN3
286437,-0.4937250504999997,LOC286437
114825,-0.4944348107499996,PWWP2A
83871,-0.4945202767500021,RAB34
6272,-0.4946167980000009,SORT1
4170,-0.49464078749999985,MCL1
26090,-0.49483087074999954,ABHD12
9321,-0.4956436337500003,TRIP11
8493,-0.4959628349999994,PPM1D
5533,-0.4960166249999993,PPP3CC
9209,-0.4967248112500009,LRRFIP2
10121,-0.4967251405000006,ACTR1A
84671,-0.496767331750001,ZNF347
23510,-0.49694078574999967,KCTD2
666,-0.49757544174999957,BOK
80349,-0.49779444500000025,SKIC8
996,-0.49785630000000225,CDC27
440028,-0.4979803949999999,LINC02709
83930,-0.49834337249999905,STARD3NL
905,-0.4983517920000011,CCNT2
10286,-0.4985289144999996,BCAS2
58155,-0.49856042600000006,PTBP2
57107,-0.49898381824999927,PDSS2
90809,-0.4991125294999996,PIP4P1
155382,-0.49931956850000025,VPS37D
57168,-0.4994165312500005,ASPHD2
55196,-0.4995622592499993,RESF1
129285,-0.5000114340000001,PPP1R21
57721,-0.5001772810000009,METTL14
30844,-0.5003247760000011,EHD4
649,-0.5003875975000005,BMP1
5861,-0.5004461554999988,RAB1A
728769,-0.5005549574999995,SCAMP1-AS1
51091,-0.5010003267499998,SEPSECS
23011,-0.5011243180000005,RAB21
401264,-0.5012371229999992,TRAM2-AS1
55103,-0.5015806392500002,RALGPS2
440915,-0.5017013237499999,POTEKP
387882,-0.5017541162499999,C12orf75
55731,-0.5021737130000004,FAM222B
4720,-0.5021901874999983,NDUFS2
414236,-0.5021905912500002,C10orf55
5106,-0.5022520074999992,PCK2
57491,-0.5023660102499994,AHRR
147949,-0.5028413820000002,ZNF583
644,-0.5028564849999988,BLVRA
170960,-0.5031000749999999,ZNF721
10855,-0.5033812400000004,HPSE
118812,-0.5038773302499999,MORN4
9123,-0.5039072597499996,SLC16A3
665,-0.5043990775000005,BNIP3L
6448,-0.50470917025,SGSH
84447,-0.5048976782499999,SYVN1
283254,-0.5050393497500001,HARBI1
147948,-0.5052145994999995,ZNF582
79719,-0.5057197819999999,AAGAB
444,-0.50601532575,ASPH
51185,-0.5064652157499996,CRBN
770,-0.5066121104999999,CA11
8707,-0.5066474890000006,B3GALT2
57691,-0.5072035864999993,KIAA1586
9205,-0.5073415177499996,ZMYM5
81572,-0.5076102245000005,PDRG1
56063,-0.5076375864999996,TMEM234
10670,-0.5078900799999992,RRAGA
5204,-0.5079046024999982,PFDN5
257160,-0.5079537957500007,RNF214
10406,-0.5080339064999997,WFDC2
56900,-0.508038656250001,TMEM167B
55017,-0.5082016124999988,C14orf119
253782,-0.5083453067500008,CERS6
10651,-0.5088526237500002,MTX2
4000,-0.5089094822500009,LMNA
83787,-0.5093417774999995,ARMC10
51095,-0.5101195480000023,TRNT1
51143,-0.5104316162500009,DYNC1LI1
54682,-0.5106552929999992,MANSC1
80304,-0.51068871925,WDCP
10233,-0.5108759179999995,LRRC23
4016,-0.5109961352500001,LOXL1
55163,-0.5111206647500008,PNPO
9682,-0.511250089999999,KDM4A
6868,-0.5112918007500005,ADAM17
90627,-0.5114025550000001,STARD13
100505495,-0.512003011,PCAT19
9172,-0.5130581975000004,MYOM2
654433,-0.5132513152500007,PAX8-AS1
6925,-0.5137413917499991,TCF4
51360,-0.5140736127500007,MBTPS2
1432,-0.5143864429999998,MAPK14
1746,-0.5146494482500001,DLX2
4738,-0.5149616449999979,NEDD8
57020,-0.515214094000001,VPS35L
152078,-0.5154726467500002,SLC66A1LP
64802,-0.5155813972500001,NMNAT1
93380,-0.5158229812499986,MMGT1
55243,-0.5158262067499999,KIRREL1
55102,-0.5168895169999992,ATG2B
55106,-0.5169842290000002,SLFN12
2483,-0.51733708175,FRG1
113878,-0.5178701994999999,DTX2
7766,-0.5179005097500005,ZNF223
55625,-0.5182231254999987,ZDHHC7
4321,-0.5189005944999998,MMP12
79796,-0.5192270292499996,ALG9
9462,-0.5192724667499995,RASAL2
57514,-0.5195272252500001,ARHGAP31
967,-0.5198949499999994,CD63
11161,-0.520024585749999,ERG28
7251,-0.5201951387499992,TSG101
55450,-0.52082287675,CAMK2N1
8560,-0.5211888699999996,DEGS1
57176,-0.5213023225000004,VARS2
10868,-0.5215390172500003,USP20
10678,-0.5217086372499988,B3GNT2
9825,-0.52173865375,SPATA2
79791,-0.5220067619999993,FBXO31
8344,-0.5222742704999996,H2BC6
23240,-0.5223973690000001,TMEM131L
3841,-0.5224605435000003,KPNA5
64430,-0.5227943659999994,PCNX4
587,-0.5228823545000001,BCAT2
3575,-0.523146950500001,IL7R
84236,-0.5236843840000001,RHBDD1
54619,-0.5240131217499995,CCNJ
25820,-0.5254531584999995,ARIH1
112724,-0.5254763919999998,RDH13
4043,-0.5259175212500002,LRPAP1
6885,-0.526434566999999,MAP3K7
9842,-0.5267030692499999,PLEKHM1
51566,-0.5268543530000009,ARMCX3
5025,-0.52689093575,P2RX4
567,-0.5272487099999985,B2M
79086,-0.5275731042499974,SMIM7
5713,-0.528324379999999,PSMD7
55781,-0.5288410652499991,RIOK2
25977,-0.5289671882499984,NECAP1
51759,-0.5296721585000013,C9orf78
57037,-0.5297078592500011,ANKMY2
60685,-0.5298470377499997,ZFAND3
6772,-0.5303873175000007,STAT1
10092,-0.5304088425000018,ARPC5
113791,-0.5304617367499995,PIK3IP1
196441,-0.5305209192499998,ZFC3H1
23433,-0.5306959229999997,RHOQ
56616,-0.5314795104999988,DIABLO
10865,-0.53168493,ARID5A
493856,-0.5317108859999999,CISD2
66008,-0.5320448294999984,TRAK2
51397,-0.5324189632500005,COMMD10
90701,-0.532493595750001,SEC11C
54503,-0.5325572810000008,ZDHHC13
9454,-0.532777481250001,HOMER3
79650,-0.5330117740000002,USB1
7549,-0.5331380852500005,ZNF2
11186,-0.5331727390000003,RASSF1
146223,-0.5332049479999998,CMTM4
6662,-0.5335668347500002,SOX9
10001,-0.5337591355000004,MED6
10656,-0.5342623630000003,KHDRBS3
57326,-0.5343497950000002,PBXIP1
55958,-0.5344124709999996,KLHL9
100132341,-0.5346346154999999,CLUHP3
10043,-0.5348118194999998,TOM1
25988,-0.5352776045000001,HINFP
56916,-0.5357115024999999,SMARCAD1
57554,-0.5357966575000006,LRRC7
27247,-0.5359740614999993,NFU1
3224,-0.5361291655000002,HOXC8
83666,-0.5364287837500008,PARP9
79616,-0.5365209277499998,CCNJL
1102,-0.5368458292499998,RCBTB2
103910,-0.5368693474999997,MYL12B
25932,-0.5369634149999989,CLIC4
81555,-0.5370950794999985,YIPF5
79020,-0.5372576227499994,C7orf25
100499466,-0.5374632547500005,LINC00674
375346,-0.5374641797499997,STIMATE
1072,-0.5376525334999993,CFL1
79663,-0.5379916712500004,HSPBAP1
9061,-0.5381031894999992,PAPSS1
10097,-0.5383892924999998,ACTR2
11056,-0.5389500667499991,DDX52
56851,-0.5392854499999995,EMC7
162461,-0.5393072939999999,TMEM92
8563,-0.5394567544999997,THOC5
79673,-0.5395533627499987,ZNF329
9828,-0.5397592909999993,ARHGEF17
10827,-0.5404681577500003,FAM114A2
26276,-0.5404835992499999,VPS33B
6655,-0.5419312585,SOS2
145483,-0.5422409982500005,FAM161B
6388,-0.5422473490000002,SDF2
4124,-0.5428202800000008,MAN2A1
150684,-0.542866394499999,COMMD1
91782,-0.5430446259999995,CHMP7
2937,-0.5431191665000004,GSS
84285,-0.5433727610000005,EIF1AD
65065,-0.543384841,NBEAL1
150962,-0.5434101662500002,PUS10
9322,-0.5436730894999999,TRIP10
167838,-0.5437356304999992,TXLNB
10520,-0.54383530475,ZNF211
29967,-0.5440031092500002,LRP12
3229,-0.5440526912499983,HOXC13
339929,-0.5441815172499993,LPP-AS2
116228,-0.5445040460000001,COX20
92689,-0.544795217499999,FAM114A1
93183,-0.5448364635000003,PIGM
6197,-0.5451025505000011,RPS6KA3
10652,-0.5453649279999997,YKT6
79618,-0.5453867372500012,HMBOX1
7580,-0.5457493482500002,ZNF32
11009,-0.546002251,IL24
134728,-0.5465097857500005,IRAK1BP1
4318,-0.5469379835000003,MMP9
9373,-0.5474018645000003,PLAA
11214,-0.5474728567500007,AKAP13
23325,-0.547778972999998,WASHC4
85437,-0.5478706275,ZCRB1
466,-0.5481637639999999,ATF1
8935,-0.5489550632500002,SKAP2
6330,-0.5489650477499999,SCN4B
127829,-0.5496312422500003,ARL8A
220979,-0.5497438772499996,ZNF22-AS1
51639,-0.5500216449999993,SF3B6
22925,-0.5510006559999998,PLA2R1
8506,-0.5512909287500003,CNTNAP1
503538,-0.5519244147499998,A1BG-AS1
127943,-0.5525660277500002,FCRLB
80003,-0.5525931802500006,PCNX2
140465,-0.5528278522499992,MYL6B
11316,-0.5528605684999999,COPE
51257,-0.5534368095,MARCHF2
1787,-0.55346183275,TRDMT1
2617,-0.5541097700000002,GARS1
23396,-0.5543499272499997,PIP5K1C
51390,-0.55462939375,AIG1
3632,-0.5553201457499988,INPP5A
8674,-0.5554108270000002,VAMP4
23555,-0.5554746447500003,TSPAN15
3371,-0.5555887305000002,TNC
374987,-0.5558576487500004,NEXN-AS1
8896,-0.5559604695000022,BUD31
23471,-0.5560050099999998,TRAM1
84619,-0.5564706812500004,ZGPAT
729852,-0.5567492857499996,UMAD1
54532,-0.5570237807499989,USP53
9444,-0.5574673170000004,QKI
2530,-0.5578310890000004,FUT8
90,-0.5580543990000013,ACVR1
79921,-0.5580914799999999,TCEAL4
84320,-0.5585990899999977,ACBD6
131616,-0.5586227445000009,TMEM42
205251,-0.5587277469999998,MTLN
839,-0.5588332769999997,CASP6
79776,-0.5589551727500006,ZFHX4
64981,-0.5590837077500002,MRPL34
841,-0.5607293644999993,CASP8
840,-0.5607369012499994,CASP7
388327,-0.5607872669999994,C17orf100
3801,-0.5608214640000004,KIFC3
283237,-0.5611093365000004,TTC9C
3656,-0.56113140225,IRAK2
528,-0.5611343277499996,ATP6V1C1
359845,-0.5614568322500002,RFLNB
10066,-0.561508805249999,SCAMP2
57761,-0.5615201692499996,TRIB3
221091,-0.56154248525,LRRN4CL
6199,-0.5616470217499989,RPS6KB2
89782,-0.5618494282500004,LMLN
3931,-0.5623095112500005,LCAT
80301,-0.5626700339999999,PLEKHO2
79960,-0.5629164155000002,JADE1
64285,-0.56312269875,RHBDF1
53944,-0.5632475254999996,CSNK1G1
9751,-0.5634076587499992,SNPH
558,-0.5635478552500004,AXL
2896,-0.5638835397499999,GRN
128866,-0.56390928225,CHMP4B
27067,-0.5639232972500006,STAU2
10095,-0.5640093137499989,ARPC1B
23613,-0.5645254170000005,ZMYND8
8945,-0.5655643284999989,BTRC
26355,-0.5656558700000005,FAM162A
25836,-0.565731873499999,NIPBL
10497,-0.5662223057500002,UNC13B
4501,-0.5662399962500002,MT1X
84669,-0.5664390822500005,USP32
6001,-0.5668906674999992,RGS10
51507,-0.5675754964999999,RTF2
51020,-0.5680281412499983,HDDC2
3108,-0.5684536437499998,HLA-DMA
51601,-0.5685496754999999,LIPT1
55717,-0.5685566239999993,WDR11
715,-0.5688008949999994,C1R
55818,-0.5693718567499992,KDM3A
79744,-0.5696481025000004,ZNF419
55617,-0.56998029825,TASP1
64759,-0.5700812375000002,TNS3
375056,-0.5704094925000005,MIA3
26100,-0.5706108242500001,WIPI2
4882,-0.5707222109999996,NPR2
11193,-0.5708780079999993,WBP4
282679,-0.5709994837500001,AQP11
2250,-0.5717200325,FGF5
51522,-0.5719550125000001,TMEM14C
4047,-0.5719763712499994,LSS
5784,-0.5727204012500007,PTPN14
8030,-0.5729503072500002,CCDC6
10161,-0.5733900047500011,LPAR6
3682,-0.5736568455000004,ITGAE
55954,-0.5743399399999998,ZMAT5
54432,-0.5746704247499999,YIPF1
25759,-0.5747414852499997,SHC2
8675,-0.5751182400000001,STX16
2907,-0.5759440107499998,GRINA
55930,-0.5761601722500007,MYO5C
11031,-0.5762099532500002,RAB31
730102,-0.5768380505000001,CRYZL2P
7327,-0.5778060620000005,UBE2G2
553115,-0.579158790250001,PEF1
64092,-0.579182393,SAMSN1
147525,-0.5794496195000001,LINC00526
25870,-0.5801554265000002,SUMF2
7673,-0.5809340030000003,ZNF222
2218,-0.5809393369999993,FKTN
55128,-0.5812055819999999,TRIM68
6309,-0.5816855455000001,SC5D
3988,-0.5817167925000017,LIPA
22902,-0.5817679087499998,RUFY3
286343,-0.581805326,LURAP1L
54896,-0.5822788592500006,SLC66A1
55758,-0.5823026140000005,RCOR3
285237,-0.5824334277500007,C3orf38
22863,-0.5825766747499994,ATG14
56951,-0.5834164125000001,C5orf15
183,-0.5840192507499999,AGT
729582,-0.5843760732500001,DIRC3
23321,-0.5845546674999991,TRIM2
90441,-0.5851966945000004,ZNF622
23593,-0.5855869084999981,HEBP2
3704,-0.5863076817499993,ITPA
388403,-0.5864357765000001,YPEL2
118881,-0.5867195637499996,COMTD1
493911,-0.5868063299999999,PHOSPHO2
2920,-0.5868895257500002,CXCL2
146198,-0.5869038977500001,ZFP90
65979,-0.5870854157499998,PHACTR4
79078,-0.5873546639999994,C1orf50
55829,-0.5873838224999979,SELENOS
84067,-0.5875888622500005,FHIP1B
79720,-0.5876036857499995,VPS37B
8100,-0.5878717869999992,IFT88
10667,-0.5879409790000008,FARS2
255919,-0.5880462794999985,CNEP1R1
9805,-0.5882725832499993,SCRN1
11337,-0.5885550699999982,GABARAP
80219,-0.588794419000001,COQ10B
100505576,-0.5889437817500003,LASP1NB
9581,-0.5890523837500004,PREPL
7789,-0.5890547382499998,ZXDA
7699,-0.5891775510000006,ZNF140
132949,-0.5895967547500005,AASDH
8418,-0.5897456027499999,CMAHP
23116,-0.5897567344999999,TOGARAM1
1509,-0.59011471025,CTSD
7405,-0.5903022197499999,UVRAG
55766,-0.5903645370000001,H2AJ
79717,-0.5910150070000011,PPCS
10015,-0.5912290670000004,PDCD6IP
6695,-0.5919050315000005,SPOCK1
100272147,-0.5919996912500007,CMC4
8826,-0.5920204020000011,IQGAP1
55236,-0.5922359954999994,UBA6
84501,-0.5931148082499993,SPIRE2
950,-0.5931188177500015,SCARB2
51606,-0.5940168237500014,ATP6V1H
84240,-0.5941265217499998,ZCCHC9
285193,-0.594460969,DUSP28
3105,-0.5945494172500005,HLA-A
114818,-0.5950612705000005,KLHL29
9317,-0.5961357867500001,PTER
8284,-0.5963371897499998,KDM5D
152137,-0.5970081324999992,CCDC50
84864,-0.5971148339999992,RIOX2
223,-0.5971333124999987,ALDH9A1
6259,-0.5971388987499999,RYK
8777,-0.597222947749998,MPDZ
127687,-0.597321620999999,C1orf122
54885,-0.5982581539999998,TBC1D8B
9296,-0.5986812895,ATP6V1F
8139,-0.5992573204999996,GAN
5229,-0.59959036475,PGGT1B
55769,-0.599752436000001,ZNF83
100288911,-0.6000456560000007,CRIM1-DT
10282,-0.6005114182500009,BET1
162989,-0.6009657882499999,DEDD2
27106,-0.6009744795,ARRDC2
55760,-0.6010077720000009,DHX32
4193,-0.6014278362500001,MDM2
59348,-0.6014415594999996,ZNF350
353322,-0.6018045264999996,ANKRD37
26018,-0.6019570177499993,LRIG1
30846,-0.6022461407500002,EHD2
1316,-0.602587878749997,KLF6
84517,-0.6032432942499999,ACTRT3
80745,-0.6034357000000004,THUMPD2
195827,-0.6037895502499993,PRXL2C
8775,-0.6040332420000007,NAPA
26286,-0.6056795149999985,ARFGAP3
121665,-0.60581143925,SPPL3
7767,-0.6060561470000003,ZNF224
55914,-0.606944115000001,ERBIN
8682,-0.6071155399999988,PEA15
60496,-0.6079185769999995,AASDHPPT
7644,-0.6083114437499999,ZNF91
824,-0.6089176075000005,CAPN2
7265,-0.6089752382499984,TTC1
5564,-0.6094212115,PRKAB1
10495,-0.6095763325000005,ENOX2
9948,-0.6097922217500003,WDR1
8434,-0.6098050235000017,RECK
140461,-0.6109473960000011,ASB8
8287,-0.6112055460000008,USP9Y
728819,-0.6119812995,C1GALT1C1L
3005,-0.6128659719999998,H1-0
928,-0.6130622255000002,CD9
57798,-0.6131498920000009,GATAD1
50650,-0.6133464704999998,ARHGEF3
57511,-0.6133660090000008,COG6
8717,-0.6133752610000007,TRADD
55726,-0.6137623820000009,INTS13
1942,-0.6138215562500005,EFNA1
347735,-0.6138877235000004,SERINC2
23033,-0.6141796012500009,DOP1A
120103,-0.6144581537499993,SLC36A4
80218,-0.6155576209999998,NAA50
6341,-0.61595121575,SCO1
54812,-0.6161547600000006,AFTPH
7404,-0.6163209474999998,UTY
23256,-0.6164281612500009,SCFD1
9150,-0.6169495662499997,CTDP1
23175,-0.6175764779999993,LPIN1
81618,-0.6178002412500003,ITM2C
79096,-0.61823622025,CSTPP1
79007,-0.6184828565,DBNDD1
23098,-0.6186105302500007,SARM1
63897,-0.6189509420000006,HEATR6
23268,-0.6192744252499995,DNMBP
3699,-0.6197214657499996,ITIH3
51004,-0.6200329172499996,COQ6
94101,-0.620356232249998,ORMDL1
545,-0.620645004750001,ATR
8881,-0.6210663145000002,CDC16
51031,-0.6212112352499979,GLOD4
57614,-0.6214044184999992,RELCH
246126,-0.6216364805000003,TXLNGY
23357,-0.6220102572499995,ANGEL1
2273,-0.6222595269999998,FHL1
9129,-0.6225995009999998,PRPF3
93973,-0.62269243175,ACTR8
10135,-0.6228199457500008,NAMPT
80765,-0.6230492270000001,STARD5
4534,-0.6230814109999994,MTM1
124446,-0.623873668249999,TMEM219
51562,-0.6244192062499998,MBIP
83479,-0.6246713062499998,DDX59
6729,-0.6247960625000015,SRP54
22933,-0.6248647107499998,SIRT2
2180,-0.6248827734999995,ACSL1
339344,-0.6254971684999999,MYPOP
81533,-0.62665308425,ITFG1
84937,-0.6267467527500008,ZNRF1
11030,-0.6267661010000003,RBPMS
2149,-0.6275258825000005,F2R
116541,-0.62765266225,MRPL54
5880,-0.6277277855000012,RAC2
11276,-0.628219831,SYNRG
79966,-0.6282882220000001,SCD5
64746,-0.6283357754999983,ACBD3
9646,-0.6291301150000006,CTR9
57140,-0.6297714895,RNPEPL1
114793,-0.6301043155000006,FMNL2
81846,-0.6303855169999997,SBF2
92249,-0.6310742175000001,LINC01278
387914,-0.6311683559999999,SHISA2
9978,-0.6315226174999999,RBX1
8905,-0.6317443547500012,AP1S2
10765,-0.6318796832499984,KDM5B
29844,-0.6323897805000005,TFPT
10385,-0.6324404597500006,BTN2A2
202,-0.6327340404999999,CRYBG1
10826,-0.6327566515000003,FAXDC2
5238,-0.633035489250001,PGM3
28985,-0.6330860704999992,MCTS1
374395,-0.6334536287500008,TMEM179B
207063,-0.6343210285000005,DHRSX
375743,-0.6344413369999993,PTAR1
7171,-0.6346008232499996,TPM4
2531,-0.6346586355000001,KDSR
272,-0.6350751265000003,AMPD3
7728,-0.6354680897500007,ZNF175
57231,-0.6355790230000018,SNX14
91893,-0.6356885777500003,FDXACB1
6827,-0.6358259065000009,SUPT4H1
56894,-0.6360849427499993,AGPAT3
219902,-0.6365072532499996,TLCD5
112464,-0.636668499999999,CAVIN3
253982,-0.6369147229999994,ASPHD1
9140,-0.6372372804999991,ATG12
1192,-0.6375714250000009,CLIC1
26032,-0.6393391877500001,SUSD5
4084,-0.6394631605000001,MXD1
7296,-0.6403763900000001,TXNRD1
55294,-0.6404276187500004,FBXW7
80196,-0.6417781040000001,RNF34
134265,-0.6422883842499996,AFAP1L1
219,-0.6431691852500006,ALDH1B1
10365,-0.6437168342500001,KLF2
57062,-0.644218222500001,DDX24
79074,-0.6448114982500002,C2orf49
10472,-0.6448186235,ZBTB18
7371,-0.645078635,UCK2
5379,-0.6460183800000001,PMS2P1
9144,-0.6462529882499997,SYNGR2
10954,-0.6466218192500008,PDIA5
92344,-0.64671524175,GORAB
90843,-0.6470443162499988,TCEAL8
24148,-0.6473302117499999,PRPF6
6591,-0.6476765045000015,SNAI2
646,-0.6481173737499999,BNC1
81565,-0.6481750030000004,NDEL1
26152,-0.6504447607500001,ZNF337
10928,-0.6506750852499987,RALBP1
439921,-0.6510600459999996,MXRA7
3858,-0.6511673080000016,KRT10
171024,-0.651707703,SYNPO2
214,-0.6520608484999997,ALCAM
10139,-0.6522151747500002,ARFRP1
285381,-0.6526529144999991,DPH3
11059,-0.6531087549999999,WWP1
286148,-0.6532465129999991,DPY19L4
8027,-0.6534342859999995,STAM
144608,-0.653638162,C12orf60
84206,-0.6538266767499996,MEX3B
7771,-0.6540157232499997,ZNF112
10289,-0.6541090874999984,EIF1B
90637,-0.6541402407499994,ZFAND2A
60487,-0.6544869870000003,TRMT11
10473,-0.6544897502499989,HMGN4
389072,-0.6547337745000004,PLEKHM3
79738,-0.654767829499999,BBS10
1512,-0.6548066875000003,CTSH
23276,-0.6548552252499995,KLHL18
27032,-0.6551532062500005,ATP2C1
92565,-0.6556025812499997,FANK1
25780,-0.6559475184999997,RASGRP3
55505,-0.6562836600000015,NOP10
54946,-0.6565717827499995,SLC41A3
4752,-0.6567516720000004,NEK3
80232,-0.6571745590000013,WDR26
100270804,-0.6574473035000006,LCDR
84436,-0.6575005767499995,ZNF528
100505865,-0.6584401915000004,LINC00920
79670,-0.6586376377499992,TUT7
221294,-0.6587085740000003,NT5DC1
55212,-0.6597167182500012,BBS7
9616,-0.65997516975,RNF7
7571,-0.660103125,ZNF23
3588,-0.6606789162500011,IL10RB
57613,-0.6608159395,FAM234B
9016,-0.6608191897500006,SLC25A14
9338,-0.6612533057499999,TCEAL1
128439,-0.6612988885000011,SNHG11
64860,-0.6614884322499996,ARMCX5
219988,-0.6615468952499999,PATL1
56181,-0.6627398304999996,MTFR1L
3560,-0.6627705227499998,IL2RB
51077,-0.6628689240000014,FCF1
29946,-0.6629114224999997,SERTAD3
51701,-0.6631753052499985,NLK
3597,-0.6632506397499984,IL13RA1
122704,-0.663262468500001,MRPL52
377,-0.6636522352499998,ARF3
22921,-0.6636843277499995,MSRB2
5318,-0.66378580725,PKP2
7798,-0.6639737255,LUZP1
4504,-0.6641354939999999,MT3
9777,-0.6644193900000008,TM9SF4
284297,-0.6645163737500006,SSC5D
4277,-0.6645561632500003,MICB
27429,-0.6653695130000008,HTRA2
55315,-0.6653960537499999,SLC29A3
4708,-0.6655054200000006,NDUFB2
51382,-0.6655220650000011,ATP6V1D
7390,-0.6656797077499998,UROS
9382,-0.6657400969999987,COG1
58528,-0.6659351884999998,RRAGD
79631,-0.6669047437500009,EFL1
5137,-0.6676539692499999,PDE1C
8323,-0.6682041087500004,FZD6
10195,-0.6682679795000004,ALG3
5698,-0.6683120590000007,PSMB9
2539,-0.6684855372499996,G6PD
6760,-0.6689088192500003,SS18
55743,-0.6697289895000003,CHFR
285672,-0.6704419134999995,SREK1IP1
9143,-0.6708263527500016,SYNGR3
9922,-0.6709527137500011,IQSEC1
51604,-0.6714809017499999,PIGT
59342,-0.6720367892500008,SCPEP1
57509,-0.6722171770000003,MTUS1
55888,-0.6730954909999998,ZKSCAN7
7408,-0.6731470957500001,VASP
8343,-0.6731701167499997,H2BC7
285172,-0.6732576659999996,HYCC2
653390,-0.6736962362499996,RRN3P2
54602,-0.6737355472500006,NDFIP2
22978,-0.6738359675000005,NT5C2
25874,-0.6739235377500004,MPC2
3590,-0.674021294000001,IL11RA
80227,-0.6745113462500001,PAAF1
11237,-0.6747171402500003,RNF24
9659,-0.6747626742499993,PDE4DIP
55727,-0.6755549494999995,BTBD7
5324,-0.6761624942499997,PLAG1
9034,-0.6767661625000003,CCRL2
284361,-0.6768499929999994,EMC10
23677,-0.6776687742499998,SH3BP4
55076,-0.6776812532500003,TMEM45A
475,-0.6777536474999994,ATOX1
10241,-0.6779777819999993,CALCOCO2
4616,-0.6780358770000001,GADD45B
116236,-0.6781416159999996,ABHD15
10404,-0.6789591850000001,CPQ
51175,-0.6791409527500001,TUBE1
48,-0.6792241177499996,ACO1
9792,-0.6792654392500008,SERTAD2
79666,-0.6807482564999994,PLEKHF2
657,-0.6815699247500007,BMPR1A
54664,-0.681620273,TMEM106B
11329,-0.6819363814999999,STK38
10096,-0.6819989624999998,ACTR3
9731,-0.6823354364999998,CEP104
9811,-0.6832449630000004,CTIF
574036,-0.6834672810000004,SERTAD4-AS1
55251,-0.6834960614999996,PCMTD2
221443,-0.6835377244999998,OARD1
284161,-0.6837196027500001,GDPD1
79446,-0.6838094259999998,WDR25
10206,-0.6844764474999998,TRIM13
8879,-0.6847296114999999,SGPL1
7030,-0.6850143492500003,TFE3
22882,-0.6852081282500002,ZHX2
84987,-0.6852233967500005,COX14
55650,-0.685443072,PIGV
5663,-0.6858196109999994,PSEN1
10487,-0.6858704850000006,CAP1
84273,-0.6862393647499996,NOA1
85460,-0.6862467079999996,ZNF518B
100630918,-0.6869108622499995,PARTICL
9424,-0.6869845737500002,KCNK6
4354,-0.6873139972500004,MPP1
55145,-0.6877089307500004,THAP1
8604,-0.6884017362500003,SLC25A12
57589,-0.6900798317499985,RIC1
5681,-0.6901457519999994,PSKH1
51247,-0.6901545074999991,PAIP2
8034,-0.690542819,SLC25A16
267,-0.6906549495000007,AMFR
87769,-0.6912780662500002,GGACT
200728,-0.6917017842500002,TMEM17
445,-0.6918014317500005,ASS1
493753,-0.6932048512500009,COA5
1486,-0.6933989654999992,CTBS
134510,-0.6936501334999985,UBLCP1
285203,-0.6939897897500007,EOGT
55511,-0.6954983847499996,SAGE1
89890,-0.6958099327500005,KBTBD6
10611,-0.6960750232500006,PDLIM5
116461,-0.6969930482499995,TSEN15
221749,-0.6970345624999998,PXDC1
196,-0.6970853449999996,AHR
55285,-0.6974612765000003,RBM41
9873,-0.6974817199999999,FCHSD2
50485,-0.6983317995,SMARCAL1
79932,-0.6984118282500003,KIAA0319L
23417,-0.7006015215000012,MLYCD
9895,-0.700762417,TECPR2
100506161,-0.7010545272500002,TAF1A-AS1
9474,-0.7012476947500002,ATG5
8702,-0.7016713109999992,B4GALT4
84928,-0.7018697767500006,TMEM209
716,-0.7029942962499995,C1S
9453,-0.7031661179999986,GGPS1
51317,-0.7031748999999996,PHF21A
57148,-0.7034106257500001,RALGAPB
2764,-0.7035903387500007,GMFB
9274,-0.7037008204999999,BCL7C
57085,-0.7039814995000002,AGTRAP
572558,-0.7042185272500001,PGM5-AS1
643529,-0.704687416500001,LINC00865
29110,-0.7049119972499991,TBK1
5087,-0.7049828222500008,PBX1
646450,-0.7054577892500005,ARIH2OS
8408,-0.7057487285000006,ULK1
84677,-0.7057630799999988,DSCR8
147040,-0.7058153307499992,KCTD11
70,-0.7059247934999995,ACTC1
1545,-0.7060666317500015,CYP1B1
4074,-0.7067175107499999,M6PR
8933,-0.7069377449999994,RTL8C
139596,-0.7076513899999997,UPRT
23761,-0.7081208554999998,PISD
23030,-0.7084416262500008,KDM4B
10138,-0.7085470322500003,YAF2
5770,-0.7085732172499988,PTPN1
84062,-0.7091127610000001,DTNBP1
80114,-0.7101131077499994,BICC1
10272,-0.7106669172500002,FSTL3
5468,-0.7118912372499997,PPARG
30061,-0.7119849815000001,SLC40A1
211,-0.7129698687499992,ALAS1
83607,-0.7131568984999994,AMMECR1L
1471,-0.7133005250000011,CST3
9439,-0.7146348074999995,MED23
83452,-0.7148180792499996,RAB33B
100505812,-0.7152101170000007,CARD8-AS1
9522,-0.7153950584999995,SCAMP1
22955,-0.7154263264999994,SCMH1
83943,-0.7164633197499999,IMMP2L
51009,-0.7165599712499997,DERL2
81627,-0.7167450332500005,TRMT1L
9604,-0.7178095209999986,RNF14
10226,-0.7178657030000011,PLIN3
8491,-0.7185140807499995,MAP4K3
64921,-0.7188277347500005,CASD1
100505696,-0.7191975630000003,SH3BP5-AS1
54942,-0.7192330357499994,ABITRAM
54969,-0.719822551,HPF1
51019,-0.7201268817499997,WASHC3
128344,-0.7204038230000003,CIMAP3
57488,-0.7206832240000001,ESYT2
51362,-0.7214261877499997,CDC40
9910,-0.7219986472499995,RABGAP1L
26273,-0.7221092817500008,FBXO3
64114,-0.7228573647499985,TMBIM1
55620,-0.7231485670000017,STAP2
6767,-0.7236810424999991,ST13
55788,-0.7247033465000001,LMBRD1
57804,-0.7260585380000002,POLD4
90956,-0.7261761572499994,ADCK2
54455,-0.7265811470000001,FBXO42
5585,-0.7271149044999996,PKN1
8887,-0.7274645155000012,TAX1BP1
55293,-0.7279299637500003,UEVLD
93343,-0.7279557460000001,MVB12A
3113,-0.7292705609999999,HLA-DPA1
64221,-0.7294363947500004,ROBO3
284996,-0.7294680767500008,RNF149
55601,-0.7295858405000013,DDX60
90338,-0.73009489875,ZNF160
11118,-0.7305013647500003,BTN3A2
8738,-0.7305294817499997,CRADD
148022,-0.7307879842499991,TICAM1
51768,-0.7319571222500016,TM7SF3
8411,-0.7322280050000005,EEA1
51028,-0.7325886582500001,VPS36
127018,-0.7326645632500011,LYPLAL1
23059,-0.7329563302500004,IFT38
51265,-0.7331564930000001,CDKL3
29928,-0.7331845577500005,TIMM22
1416,-0.73326467525,CRYBB2P1
3831,-0.7337972730000004,KLC1
221336,-0.7346911500000006,BEND6
7106,-0.735358939750002,TSPAN4
93627,-0.7364944457499991,TBCK
27143,-0.7367269580000002,PALD1
80351,-0.7371499205000003,TNKS2
57692,-0.7374055777500006,MAGEE1
51526,-0.7374967192499993,OSER1
9443,-0.7375495385000006,MED7
64398,-0.7376151422499984,PALS1
113675,-0.7378114015000001,SDSL
7993,-0.7378203190000008,UBXN8
55081,-0.7379141367499997,IFT57
441108,-0.73859095175,CARINH
55325,-0.7388223969999999,UFSP2
5686,-0.7394305937499999,PSMA5
55695,-0.7395404977500002,NSUN5
152815,-0.740411407749999,THAP6
323,-0.7406488682500001,APBB2
10424,-0.7410347475000005,PGRMC2
123263,-0.7412120717500006,MTFMT
55346,-0.7417257865000009,TCP11L1
64219,-0.7421774054999997,PJA1
57099,-0.7421804177499993,AVEN
6793,-0.7442706175000007,STK10
25825,-0.7456370077500001,BACE2
284129,-0.7457499305000006,SLC26A11
219749,-0.7459353430000002,ZNF25
5193,-0.7460803675000012,PEX12
7280,-0.7470793350000005,TUBB2A
3459,-0.74738377075,IFNGR1
4750,-0.7481022207499999,NEK1
159195,-0.7481174450000001,USP54
84976,-0.7490675690000002,DISP1
5523,-0.7492823397499997,PPP2R3A
26258,-0.74938135825,BLOC1S6
1174,-0.7499872554999998,AP1S1
84327,-0.7502347264999996,ZBED3
64847,-0.7506648030000003,SPATA20
90594,-0.7507538724999998,ZNF439
3709,-0.7509761744999999,ITPR2
81631,-0.7525358475000008,MAP1LC3B
22927,-0.7529294632500001,HABP4
58533,-0.75362756,SNX6
1520,-0.7554754965000003,CTSS
997,-0.7559362837499997,CDC34
55786,-0.7560077687499991,ZNF415
64577,-0.7567028709999999,ALDH8A1
255480,-0.7571575727499997,TBX5-AS1
19,-0.7574424447499997,ABCA1
23741,-0.7574580525000005,EID1
79834,-0.7590812342500008,PEAK1
3226,-0.7598884674999997,HOXC10
57552,-0.7603073135000002,NCEH1
51131,-0.7604386252499999,PHF11
7991,-0.7606873722500005,TUSC3
64374,-0.7607956012500008,SIL1
29950,-0.7610126824999996,SERTAD1
55763,-0.7625268262500011,EXOC1
389,-0.7631218999999998,RHOC
65124,-0.7632894212499988,SOWAHC
60,-0.7633606917500018,ACTB
123228,-0.7638009114999997,SENP8
11257,-0.7640128525000005,TP53TG1
100128098,-0.7646715354999998,ST8SIA6-AS1
85495,-0.7648161915,RPPH1
4254,-0.7651359815000003,KITLG
5445,-0.7651419887500008,PON2
10519,-0.7658109880000001,CIB1
98,-0.7670906432499995,ACYP2
54828,-0.7678187044999998,BCAS3
51375,-0.7684210357499985,SNX7
55335,-0.7687339137499998,NIPSNAP3B
144363,-0.7690924435,ETFRF1
8527,-0.7693061119999998,DGKD
25777,-0.7697470607500003,SUN2
10230,-0.7698189384999994,NBR2
166785,-0.7701580412499998,MMAA
1756,-0.7702556999999999,DMD
2145,-0.7704575624999999,EZH1
9966,-0.7709359735000003,TNFSF15
144233,-0.7710484397500004,BCDIN3D
9399,-0.7712434737500002,STOML1
9737,-0.7715274525,GPRASP1
10654,-0.7716282657500004,PMVK
79157,-0.7717844159999991,MFSD11
3073,-0.7735471805000014,HEXA
100506365,-0.7750334400000005,OTUD6B-AS1
7076,-0.7750801150000015,TIMP1
3915,-0.7752059449999997,LAMC1
51147,-0.7752442730000002,ING4
23558,-0.7757999334999992,WBP2
64766,-0.7782449492500003,S100PBP
79649,-0.7789554232500002,MAP7D3
81671,-0.7796318899999992,VMP1
55904,-0.7796624950000011,KMT2E
84334,-0.7796680677499994,COA8
1312,-0.779919400499999,COMT
1778,-0.7808540510000004,DYNC1H1
201931,-0.7809235032499995,TMEM192
80124,-0.780951151,VCPIP1
10486,-0.7814218685000007,CAP2
91663,-0.7825015847500012,MYADM
3726,-0.7828487107499997,JUNB
9693,-0.782858963499999,RAPGEF2
79639,-0.7829269410000004,TMEM53
55653,-0.7829921767500005,BCAS4
4358,-0.7831438112499995,MPV17
9020,-0.7833221750000003,MAP3K14
162963,-0.7841188887500001,ZNF610
832,-0.7841862464999991,CAPZB
9069,-0.7842073669999996,CLDN12
59338,-0.7842802345000006,PLEKHA1
57763,-0.7852466550000017,ANKRA2
392,-0.7858400374999999,ARHGAP1
154075,-0.7859460305000003,SAMD3
283464,-0.7866685767500003,GXYLT1
6450,-0.7869166730000003,SH3BGR
10057,-0.7869514724999993,ABCC5
162966,-0.7883479317499997,ZNF600
10109,-0.7886594575000014,ARPC2
1203,-0.7889415497499996,CLN5
9870,-0.7899795892499988,AREL1
7832,-0.7902438490000003,BTG2
2297,-0.7904782147499976,FOXD1
8731,-0.7915000170000006,RNMT
89970,-0.7919862925000007,RSPRY1
339804,-0.7919961682499981,C2orf74
55146,-0.7928040074999991,ZDHHC4
5201,-0.7934655824999997,PFDN1
307,-0.7947568969999992,ANXA4
64342,-0.7948334625000006,HS1BP3
91978,-0.794932545,TPGS1
89910,-0.7953689949999996,UBE3B
221184,-0.7960930029999993,CPNE2
114294,-0.7961968132500008,LACTB
735301,-0.7969710175000002,SNHG9
160518,-0.7971804247499996,DENND5B
91661,-0.7971879742499999,ZNF765
79134,-0.7979630412500001,TMEM185B
257194,-0.7979977154999998,NEGR1
23002,-0.7981688117499992,DAAM1
5567,-0.7982382652499993,PRKACB
90693,-0.7988183607500003,CCDC126
54956,-0.7988889952499996,PARP16
3068,-0.7989259400000002,HDGF
4771,-0.7992072144999995,NF2
23314,-0.7999912370000004,SATB2
50486,-0.8007442847500004,G0S2
57060,-0.8013321644999998,PCBP4
10938,-0.8018243377500003,EHD1
64786,-0.8025931850000001,TBC1D15
51347,-0.8028573452500005,TAOK3
5069,-0.8039062125000012,PAPPA
9392,-0.8051644280000012,TGFBRAP1
121260,-0.80539137275,SLC15A4
58485,-0.8056115667499997,TRAPPC1
29101,-0.8057057649999999,SSU72
90333,-0.8064812537500003,ZNF468
1073,-0.8066478675000006,CFL2
9776,-0.8066570124999997,ATG13
728392,-0.8067938427500003,SMIM48
1201,-0.8069225937499995,CLN3
11275,-0.8070386542500003,KLHL2
26175,-0.8072493787500008,LYSET
5873,-0.8087898975000005,RAB27A
441094,-0.8091118327499998,NR2F1-AS1
11034,-0.8098605099999983,DSTN
91523,-0.8101446359999995,PCED1B
64776,-0.8104503539999985,CFAP68
5090,-0.8106718060000002,PBX3
158427,-0.8112024634999999,TSTD2
401115,-0.8113677599999995,NICOL1
5194,-0.8115283160000004,PEX13
862,-0.8124303467500003,RUNX1T1
81602,-0.8131362099999997,CDADC1
5128,-0.8133527884999996,CDK17
10125,-0.8133544807500002,RASGRP1
6810,-0.8134771579999995,STX4
55619,-0.8137429825,DOCK10
375035,-0.81402751775,SFT2D2
4052,-0.8141768769999995,LTBP1
79712,-0.8145651547500004,QTMAN
414,-0.8152524645000003,ARSD
83890,-0.815307588,SPATA9
4794,-0.8162188017499998,NFKBIE
25943,-0.8176761842499998,DNAAF9
55957,-0.8179949934999993,LIN37
55032,-0.8184769612499991,SLC35A5
5212,-0.8185148137500002,VIT
203111,-0.8193184814999999,ERICH5
10616,-0.8197114264999996,RBCK1
123920,-0.8202621292499996,CMTM3
9231,-0.8210034669999988,DLG5
7428,-0.8213075015000006,VHL
54434,-0.8213425382500001,SSH1
2519,-0.8215794654999993,FUCA2
5939,-0.8218191887499993,RBMS2
5660,-0.8219652380000007,PSAP
9780,-0.8229323167500002,PIEZO1
51776,-0.8233089819999986,MAP3K20
54585,-0.8238498080000003,LZTFL1
219899,-0.8247056215000006,TBCEL
10569,-0.8247883869999999,SLU7
8859,-0.82504089625,WHR1
5356,-0.8250821727499993,PLRG1
29085,-0.8250975125000011,PHPT1
8790,-0.8251136992500001,FPGT
23708,-0.8261481082499991,GSPT2
84270,-0.8273323479999988,CARD19
112,-0.8276645394999997,ADCY6
51398,-0.827913896750001,WDR83OS
255520,-0.8284017620000022,ELMOD2
4015,-0.8286092150000002,LOX
10979,-0.8288173909999994,FERMT2
9913,-0.8299985772500005,SUPT7L
10488,-0.8300190229999993,CREB3
11201,-0.8302654187499998,POLI
6383,-0.8311181080000001,SDC2
80173,-0.8328357537500004,IFT74
80235,-0.8328529455,PIGZ
90871,-0.8329872302499988,DMAC1
5794,-0.8347266964999998,PTPRH
6737,-0.8347501749999999,TRIM21
29115,-0.8363425639999988,SAP30BP
6282,-0.8366244414999997,S100A11
123016,-0.8373329150000011,TTC8
419,-0.8375865884999998,ART3
10587,-0.8376755955000004,TXNRD2
54536,-0.8389163745000001,EXOC6
5971,-0.8394280912499994,RELB
342357,-0.8402112752500006,ZKSCAN2
1052,-0.84078468525,CEBPD
26262,-0.8409155515000011,TSPAN17
23597,-0.8411059637500014,ACOT9
7465,-0.8426276319999992,WEE1
23609,-0.8427816189999993,MKRN2
9236,-0.8434418617499997,CCPG1
55297,-0.8437528135000001,CCDC91
100507291,-0.8450123004999996,COPB2-DT
54795,-0.8450123365,TRPM4
4792,-0.8464939319999996,NFKBIA
55742,-0.8471133475000006,PARVA
54662,-0.8475087830000003,TBC1D13
169270,-0.8480770644999991,ZNF596
2885,-0.8481147364999995,GRB2
5828,-0.8485003229999997,PEX2
57559,-0.8488136299999995,STAMBPL1
8799,-0.8505892114999991,PEX11B
6453,-0.8512728987500005,ITSN1
85025,-0.8520856382499993,TMEM60
29916,-0.8522610129999997,SNX11
221477,-0.8528730542499989,C6orf89
6642,-0.8540501532499984,SNX1
8861,-0.8548273725000008,LDB1
6284,-0.8553586150000001,S100A13
80213,-0.8554600620000006,TM2D3
200014,-0.8558772247500004,CC2D1B
1376,-0.8560815625,CPT2
7692,-0.8567863334999997,ZNF133
56122,-0.8568141037499988,PCDHB14
83594,-0.8570555879999997,NUDT12
6474,-0.8572366027500005,SHOX2
29959,-0.8578202644999999,NRBP1
5283,-0.8586401754999997,PIGH
27252,-0.8588447712500002,KLHL20
26037,-0.8590979817499997,SIPA1L1
7846,-0.8596484849999992,TUBA1A
8496,-0.859768494499999,PPFIBP1
100506144,-0.8601905404999988,TMEM35B
79956,-0.8612125019999999,ERMP1
56655,-0.8615159487500001,POLE4
22824,-0.8618142850000003,HSPA4L
55770,-0.8618173469999997,EXOC2
3487,-0.8618221357500007,IGFBP4
10668,-0.8619003885000005,CGRRF1
55716,-0.8630578862499991,LMBR1L
9146,-0.86442705275,HGS
221395,-0.864745171,ADGRF5
100128750,-0.8654906309999997,RBPMS-AS1
51309,-0.86570679025,ARMCX1
22982,-0.866319732,DIP2C
317761,-0.8671346912500004,C14orf39
3692,-0.8676091780000004,EIF6
4286,-0.8681360927500013,MITF
51528,-0.8682423354999997,JKAMP
132789,-0.8695660627499997,GNPDA2
83861,-0.8697901507500001,RSPH3
10311,-0.8698291672499998,VPS26C
222658,-0.8698852517499995,KCTD20
1363,-0.8710051960000005,CPE
255252,-0.8713954959999999,LRRC57
10897,-0.8714774057500012,YIF1A
84560,-0.8714855137500002,MT4
7695,-0.8717188510000007,ZNF136
51429,-0.8717215257499991,SNX9
89845,-0.8717411227500014,ABCC10
79971,-0.8723287187499995,WLS
90933,-0.8726931440000012,TRIM41
1282,-0.8735669775000012,COL4A1
51092,-0.8753986377500009,SIDT2
66036,-0.8757164065000005,MTMR9
221955,-0.8759076694999992,DAGLB
5274,-0.8759315315,SERPINI1
10806,-0.8760050759999993,SDCCAG8
3241,-0.8762330442500001,HPCAL1
26234,-0.8764470052500002,FBXL5
65062,-0.8770998387500004,TMEM237
55971,-0.8774039669999998,BAIAP2L1
7456,-0.8779502937500006,WIPF1
54465,-0.8782794905000006,ETAA1
2992,-0.8784633075000006,GYG1
88455,-0.8790072089999992,ANKRD13A
60492,-0.8793251729999998,CCDC90B
117854,-0.8803963799999996,TRIM6
220,-0.8809370110000003,ALDH1A3
100130705,-0.8809373990000005,SPMIP1
7035,-0.8810504479999999,TFPI
5834,-0.8810554072499999,PYGB
65990,-0.8815103104999995,ANTKMT
8798,-0.8826387862499994,DYRK4
10367,-0.8837554710000006,MICU1
60370,-0.883930469,AVPI1
116068,-0.8842021990000006,LYSMD3
9732,-0.8844159709999992,DOCK4
23167,-0.8847614799999999,EFR3A
6443,-0.8857198725000002,SGCB
54800,-0.8864618912499989,KLHL24
9562,-0.8865213147500004,MINPP1
6697,-0.8873956834999994,SPR
619208,-0.8882169159999993,FAM229B
27350,-0.8882827162499991,APOBEC3C
26974,-0.8883104954999999,ZNF285
51706,-0.8883483769999989,CYB5R1
163087,-0.8894414187500006,ZNF383
91151,-0.8894981467500003,TIGD7
8345,-0.8895050117500007,H2BC9
526,-0.8898423309999988,ATP6V1B2
80315,-0.8900403407499997,CPEB4
340061,-0.8906393772499994,STING1
26958,-0.8908090487500004,COPG2
10962,-0.8910558515000009,MLLT11
54497,-0.8924719435000004,HEATR5B
355,-0.8926470185000017,FAS
2959,-0.8927787439999992,GTF2B
6416,-0.8930473142500004,MAP2K4
5716,-0.8937053107500006,PSMD10
9528,-0.8940120875000019,TMEM59
8473,-0.8957348210000013,OGT
26751,-0.8960261364999997,SH3YL1
23515,-0.896154107000001,MORC3
7205,-0.8966398509999989,TRIP6
10069,-0.8970261639999997,RWDD2B
84996,-0.8972249999999997,URB1-DT
54480,-0.8973604920000007,CHPF2
114796,-0.897622879,PSMG3-AS1
26960,-0.8977296765000009,NBEA
9766,-0.8986521122499997,SUSD6
2040,-0.8989707599999992,STOM
122622,-0.8993153202499999,ADSS1
55917,-0.8994521609999993,CTTNBP2NL
10533,-0.8996782565000006,ATG7
833,-0.8999732290000004,CARS1
1290,-0.900968862500001,COL5A2
6709,-0.9012942979999998,SPTAN1
55062,-0.9025215117500007,WIPI1
7855,-0.9032398960000001,FZD5
28978,-0.9036986194999983,TMEM14A
7189,-0.9037480200000001,TRAF6
57599,-0.9038669694999992,WDR48
51228,-0.9039726842499984,GLTP
29922,-0.9041777642500008,NME7
25897,-0.9051579292499996,RNF19A
9697,-0.9054311649999995,TRAM2
80194,-0.9079682270000005,TMEM134
64595,-0.9096530999999999,TTTY15
113146,-0.9109789622500002,AHNAK2
10581,-0.911406564,IFITM2
57142,-0.9130410675,RTN4
4952,-0.9133760797500008,OCRL
127262,-0.9139631864999984,TPRG1L
147694,-0.9142799850000003,ZNF548
84553,-0.91444847625,FAXC
9111,-0.9147388347500005,NMI
6382,-0.9148723175000004,SDC1
404093,-0.9160741512499992,CUEDC1
55008,-0.9167705189999995,HERC6
54622,-0.9174200250000002,ARL15
55799,-0.9176175240000002,CACNA2D3
23637,-0.9184989052500008,RABGAP1
64112,-0.9186428472500019,MOAP1
27113,-0.919724585,BBC3
4780,-0.919993269499999,NFE2L2
7763,-0.9203588249999992,ZFAND5
9429,-0.9205958059999997,ABCG2
92014,-0.9206244442500005,SLC25A51
100506668,-0.9215296342499997,NRAV
84981,-0.9217433079999999,MIR22HG
10903,-0.9221618960000004,MTMR11
23022,-0.9229892950000007,PALLD
285313,-0.9230611257500003,IGSF10
93129,-0.9233096479999983,ORAI3
84418,-0.9236997019999986,CYSTM1
93134,-0.92374351525,ZNF561
394,-0.9240486792499993,ARHGAP5
284613,-0.9242186649999997,CYB561D1
149345,-0.9243220357500004,SHISA4
10553,-0.9251289902500002,HTATIP2
112770,-0.9262350214999984,GLMP
22885,-0.9263952250000003,ABLIM3
55362,-0.9266045485000003,TMEM63B
91050,-0.9276971325000001,CCDC149
6747,-0.9280720297499983,SSR3
55014,-0.9283400447500005,STX17
90853,-0.9286452727499999,SPOCD1
5797,-0.9308316757499995,PTPRM
55108,-0.9315766067499993,BSDC1
6604,-0.9317291575000004,SMARCD3
3485,-0.9346312672500003,IGFBP2
26269,-0.9346634400000013,FBXO8
3383,-0.9347897890000008,ICAM1
1212,-0.9352752292500011,CLTB
9246,-0.93549512325,UBE2L6
83638,-0.9369076715000002,C11orf68
58488,-0.9375853605,PCTP
2332,-0.9377026792500001,FMR1
2317,-0.9380529304999978,FLNB
6990,-0.938893372499999,DYNLT3
126374,-0.938934282,WTIP
151613,-0.9405289285000009,TTC14
81847,-0.9406788707500002,RNF146
57120,-0.9416669040000007,GOPC
6422,-0.9416701162500001,SFRP1
1793,-0.9420038187499991,DOCK1
114991,-0.9427417367499995,ZNF618
55837,-0.9429594864999995,EAPP
112849,-0.9431000382499999,L3HYPDH
64420,-0.9437151672500006,SUSD1
7746,-0.9449904190000007,ZSCAN9
100286925,-0.9454586532499998,PPM1F-AS1
157773,-0.9455381972500003,C8orf48
91252,-0.94594907875,SLC39A13
256281,-0.9467049745000002,NUDT14
8310,-0.9483055247500003,ACOX3
10475,-0.95072161525,TRIM38
51313,-0.9514396645000005,GASK1B
9308,-0.952655140000001,CD83
8869,-0.9529996177500006,ST3GAL5
50484,-0.9541723475000019,RRM2B
145389,-0.9544349632499998,SLC38A6
23576,-0.954467738,DDAH1
57494,-0.9545082240000005,RIMKLB
54951,-0.9553103835000005,COMMD8
9200,-0.9553148502500015,HACD1
147184,-0.9559201377499997,KRT10-AS1
57659,-0.9563672190000005,ZBTB4
8934,-0.9564890572499998,RAB29
55577,-0.9566855922500004,NAGK
55088,-0.9569166662499997,CCDC186
80256,-0.9581253749999998,ATOSB
373,-0.9584088172499996,TRIM23
4285,-0.9599879860000007,MIPEP
6251,-0.9600755319999976,RSU1
23479,-0.9602622274999995,ISCU
55245,-0.9610242537499998,UQCC1
7003,-0.9627821367499996,TEAD1
11163,-0.9628815822499996,NUDT4
10622,-0.9632103680000004,POLR3G
57708,-0.9634556862499997,MIER1
154743,-0.9645895382499994,SAMTOR
5429,-0.9652721215000009,POLH
55701,-0.965782721250001,ARHGEF40
170954,-0.9659201527499981,PPP1R18
6397,-0.96646003625,SEC14L1
55740,-0.9674779872500006,ENAH
160418,-0.9679837117499996,TMTC3
80255,-0.9681652075000002,SLC35F5
100507421,-0.9683430325000004,TMEM178B
8446,-0.9688834115000002,DUSP11
338657,-0.970047920499999,CENATAC
7942,-0.9700499530000002,TFEB
148170,-0.9701937345000005,CDC42EP5
10111,-0.9706389844999999,RAD50
25824,-0.9707607075000002,PRDX5
25938,-0.9711817914999994,HEATR5A
10049,-0.9723662207500006,DNAJB6
57475,-0.9750172397500005,PLEKHH1
26020,-0.9751650400000003,LRP10
5526,-0.97537785925,PPP2R5B
5768,-0.9755123355000013,QSOX1
283267,-0.9755228527500002,LINC00294
57631,-0.9763833505000008,LRCH2
6342,-0.976423904999999,SCP2
10040,-0.9769782285000002,TOM1L1
283208,-0.9772014090000001,P4HA3
2842,-0.9778813352500002,GPR19
84572,-0.9784728250000008,GNPTG
256643,-0.9786279845000001,BCLAF3
55384,-0.9789611057499998,MEG3
9709,-0.9794284449999999,HERPUD1
4485,-0.980010118,MST1
79912,-0.98010011575,PYROXD1
6038,-0.9815763169999996,RNASE4
6478,-0.9821013282499997,SIAH2
3257,-0.98550668775,HPS1
8728,-0.9855271744999996,ADAM19
29915,-0.9863641407499992,HCFC2
4259,-0.9876640190000003,MGST3
253827,-0.9877641692500001,MSRB3
197370,-0.9887348197499986,NSMCE1
5494,-0.9888125114999999,PPM1A
5352,-0.988977199999999,PLOD2
494513,-0.9903253922500004,PJVK
49855,-0.9922052519999989,SCAPER
5351,-0.9923160997499991,PLOD1
8726,-0.99318337425,EED
8754,-0.9941103020000011,ADAM9
22949,-0.9945769267499998,PTGR1
26230,-0.9946404399999995,TIAM2
3778,-0.9953812610000004,KCNMA1
80212,-0.9958165027499994,CCDC92
51026,-0.9971479992500001,GOLT1B
645212,-0.997181543,EIF3J-DT
348093,-0.9991781000000008,RBPMS2
55776,-1.0007074632499995,SAYSD1
51232,-1.001412564999999,CRIM1
54823,-1.0024271487499998,SWT1
1629,-1.0029713822499993,DBT
54464,-1.0052243802499996,XRN1
222235,-1.0057999577499999,FBXL13
5357,-1.00592351375,PLS1
55884,-1.006453957499998,WSB2
2817,-1.00662207825,GPC1
388610,-1.0071159344999998,TRNP1
26063,-1.0094713940000002,DECR2
9885,-1.01026317125,OSBPL2
124936,-1.0103170597500002,CYB5D2
636,-1.0106868960000002,BICD1
780,-1.0113285965000003,DDR1
977,-1.0130959619999995,CD151
3611,-1.013178299749999,ILK
51421,-1.0135338495,AMOTL2
57515,-1.0141981750000006,SERINC1
57451,-1.0142975532500005,TENM2
4131,-1.0147138955,MAP1B
8187,-1.0149676105000003,ZNF239
5921,-1.0153115565000004,RASA1
253152,-1.0156034477500002,EPHX4
1649,-1.015748137,DDIT3
58476,-1.0160257652500002,TP53INP2
55080,-1.0163534735000002,TAPBPL
285550,-1.0184032487499994,ZBED11
150381,-1.0186678127499995,PRR34-AS1
51103,-1.0187918759999999,NDUFAF1
49854,-1.0202816427500006,ZBTB21
10409,-1.0204567524999995,BASP1
23085,-1.0210737917500001,ERC1
1191,-1.0227605267500008,CLU
89122,-1.0235710327499996,TRIM4
51335,-1.0239976935000001,NGRN
27042,-1.0249657650000001,UTP25
639,-1.0253883312500007,PRDM1
8878,-1.0258230462500002,SQSTM1
51054,-1.02641860675,PLEKHA8P1
64121,-1.0265986152500002,RRAGC
143279,-1.02699617775,HECTD2
11152,-1.0273055490000003,WDR45
148189,-1.0276612859999998,LINC00662
8824,-1.0278372784999998,CES2
10681,-1.0278818557500005,GNB5
55323,-1.0279472497500004,LARP6
60485,-1.0308260432500003,SAV1
678,-1.0316148067499995,ZFP36L2
28962,-1.033298466749999,OSTM1
54332,-1.0334321047500001,GDAP1
3763,-1.03372885325,KCNJ6
55075,-1.0344207332500002,UACA
92255,-1.0351792485000004,LMBRD2
4086,-1.0354867157499994,SMAD1
58472,-1.0355651335000005,SQOR
1508,-1.0355655474999992,CTSB
6041,-1.036547476,RNASEL
130814,-1.0369299554999998,SLC66A3
140606,-1.0369330944999984,SELENOM
23034,-1.0382535195000004,SAMD4A
9636,-1.0393468795,ISG15
360023,-1.0397145312500005,ZBTB41
583,-1.039789313250001,BBS2
2882,-1.04144672325,GPX7
29104,-1.04159788575,HEMK2
151525,-1.0426715459999993,WDSUB1
344148,-1.0427869220000003,NCKAP5
2247,-1.0456315855000007,FGF2
57512,-1.0461096142499997,GPR158
800,-1.0463957950000005,CALD1
25809,-1.04657695525,TTLL1
25963,-1.046753850250001,TMEM87A
8270,-1.0468951519999994,LAGE3
55238,-1.0474949004999994,SLC38A7
133746,-1.0480725899999994,JMY
56262,-1.0489049702499997,LRRC8A
152006,-1.0494203487499991,RNF38
9310,-1.04980450575,ZNF235
100124700,-1.0508447384999995,HOTAIR
64798,-1.05092445875,DEPTOR
388650,-1.0512097914999998,DIPK1A
5903,-1.0519155540000007,RANBP2
56776,-1.0523209104999998,FMN2
26011,-1.0532174052499998,TENM4
389136,-1.0532794809999997,VGLL3
7107,-1.053367627500002,GPR137B
6468,-1.0536951867499997,FBXW4
7204,-1.0537874897500004,TRIO
55230,-1.0546915862499997,USP40
79627,-1.0548370622499998,OGFRL1
10379,-1.0548655572500012,IRF9
284119,-1.0550025615000003,CAVIN1
6840,-1.05508159725,SVIL
1026,-1.0566319624999974,CDKN1A
1997,-1.0567267605000001,ELF1
50862,-1.0570482360000018,RNF141
4151,-1.0570551797499999,MB
83982,-1.0573830587500002,IFI27L2
3732,-1.0577596849999988,CD82
8301,-1.0583047580000002,PICALM
79837,-1.0584381995000003,PIP4K2C
6095,-1.059587031,RORA
57213,-1.0604518725000003,SPRYD7
1513,-1.0611551727500004,CTSK
9540,-1.0619813849999993,TP53I3
93210,-1.0625891907499998,PGAP3
80223,-1.0636249235,RAB11FIP1
83636,-1.065054174000001,C19orf12
8507,-1.0652769180000004,ENC1
168455,-1.0663340317499994,CCDC71L
55662,-1.06700986425,HIF1AN
63939,-1.0672159894999993,FAM217B
283131,-1.0679942972500012,NEAT1
58499,-1.0696884242499998,ZNF462
4291,-1.0703891415000006,MLF1
23066,-1.0727679327499997,CAND2
64841,-1.0732552162499998,GNPNAT1
92370,-1.0747646142500002,PXYLP1
50807,-1.0751507149999995,ASAP1
285704,-1.0755072595000001,RGMB
92,-1.0755389172500003,ACVR2A
56126,-1.0758121310000002,PCDHB10
374986,-1.0761612512499994,MIGA1
1490,-1.0769199150000013,CCN2
3429,-1.07766131125,IFI27
53838,-1.0782499765000004,C11orf24
10783,-1.079407861,NEK6
116496,-1.0799120267500006,NIBAN1
11167,-1.0809655775000007,FSTL1
22911,-1.082720018499999,WDR47
8476,-1.0844329347499997,CDC42BPA
23641,-1.0853312732500005,LDOC1
64838,-1.0859938980000008,FNDC4
23231,-1.0863138645000001,SEL1L3
133,-1.0870863500000016,ADM
22884,-1.0877147362499997,WDR37
8611,-1.0882530150000003,PLPP1
3987,-1.0885895202500002,LIMS1
667,-1.0885957842499998,DST
1774,-1.0906835884999992,DNASE1L1
788,-1.091319867500001,SLC25A20
10252,-1.0914369130000008,SPRY1
125893,-1.0925009337499993,ZNF816
55859,-1.0940104275000007,BEX1
1265,-1.0942680407500003,CNN2
84707,-1.09568494075,BEX2
3569,-1.0960457632500002,IL6
51626,-1.0968162702499997,DYNC2LI1
345630,-1.0969041829999995,FBLL1
203260,-1.0970566327499993,CCDC107
9553,-1.0972289250000014,MRPL33
4240,-1.0978851677499994,MFGE8
400745,-1.1000189219999998,SH2D5
4482,-1.10041843625,MSRA
627,-1.100589427500001,BDNF
57493,-1.1013402680000013,HEG1
84940,-1.1020308727500003,CORO6
26094,-1.1034324672500002,DCAF4
643733,-1.1038964992499993,CASP4LP
1230,-1.1040223669999998,CCR1
5480,-1.1041723349999994,PPIC
84303,-1.1047188955000005,CHCHD6
85012,-1.1048060087499998,TCEAL3
56675,-1.1073142732500005,NRIP3
56990,-1.1080088485,CDC42SE2
54407,-1.1109060475000003,SLC38A2
26260,-1.1126536665,FBXO25
64359,-1.1142514159999992,NXN
1809,-1.1152117422500005,DPYSL3
22920,-1.1160376107500003,KIFAP3
79572,-1.1165279789999998,ATP13A3
23603,-1.1194106690000005,CORO1C
57561,-1.1194873097499993,ARRDC3
201895,-1.1216964037499988,SMIM14
585,-1.1222201189999987,BBS4
4189,-1.122718935249999,DNAJB9
4674,-1.1227356620000002,NAP1L2
25898,-1.1239832932499993,RCHY1
2316,-1.1263431932500003,FLNA
58504,-1.1268097674999993,ARHGAP22
57683,-1.1273827005000001,ZDBF2
23023,-1.1274896197500004,TMCC1
57088,-1.1279654072500014,PLSCR4
25978,-1.1281633600000003,CHMP2B
23612,-1.1287484832499999,PHLDA3
11099,-1.1290788834999996,PTPN21
10512,-1.1293886932500001,SEMA3C
222161,-1.129594321,DKFZP586I1420
6764,-1.1298165320000004,DENND2B
3690,-1.1314225214999993,ITGB3
3202,-1.1320674102500003,HOXA5
7005,-1.1326664634999997,TEAD3
23492,-1.1327463457500002,CBX7
4641,-1.1339561155000002,MYO1C
79660,-1.134260394,PPP1R3B
54462,-1.1343636777499997,CCSER2
9991,-1.1343684672500007,PTBP3
5289,-1.134861589999998,PIK3C3
8760,-1.1361704392500007,CDS2
163882,-1.1368447110000002,CNST
201229,-1.1369608265000006,LYRM9
54863,-1.137141852,TOR4A
2017,-1.1374979627499995,CTTN
149111,-1.1380542544999992,CNIH3
55364,-1.1401708095000007,IMPACT
1284,-1.1401993937500006,COL4A2
84456,-1.1417033019999994,L3MBTL3
8349,-1.1453542194999988,H2BC21
10579,-1.146077235,TACC2
55785,-1.1462282060000009,FGD6
256714,-1.1467899235,MAP7D2
23253,-1.1477233257500012,ANKRD12
9603,-1.1496295084999995,NFE2L3
3303,-1.149985318999999,HSPA1A
3423,-1.15039917,IDS
9263,-1.15078643775,STK17A
200895,-1.1516008870000003,DHFR2
7084,-1.1516595532500005,TK2
57205,-1.1530035305000004,ATP10D
100101467,-1.1544194477499996,ZSCAN30
24145,-1.1547593890000005,PANX1
84317,-1.1552497012500007,VMA22
10370,-1.1571461552500004,CITED2
100528062,-1.1573204972499997,ARMCX5-GPRASP2
441150,-1.1576132292500003,PEX39
29994,-1.1578271489999974,BAZ2B
8450,-1.1586591174999992,CUL4B
57226,-1.1590871265000002,LYRM2
23141,-1.1614482542499998,ANKLE2
23271,-1.1624748925000006,CAMSAP2
23461,-1.1642856464999998,ABCA5
1012,-1.165235645500001,CDH13
23659,-1.1653169232499998,PLA2G15
90355,-1.1654864087499988,MACIR
2632,-1.1655573275000002,GBE1
706,-1.1663444090000006,TSPO
23243,-1.169176554249999,ANKRD28
197131,-1.1702056047499987,UBR1
151393,-1.170426837750001,RMDN2
80328,-1.1708350295,ULBP2
2188,-1.1738969045000003,FANCF
25996,-1.174331432499999,REXO2
152485,-1.1746364107499998,ZNF827
29094,-1.1751234762499996,LGALSL
10955,-1.1756343639999987,SERINC3
1820,-1.1768010137499996,ARID3A
23180,-1.177534050000002,RFTN1
26353,-1.1775712097500004,HSPB8
114821,-1.17786988725,SCAND3
550643,-1.178382227250001,NBDY
26022,-1.1793906837500003,TMEM98
55664,-1.1824237367499997,CDC37L1
3855,-1.183075487,KRT7
2787,-1.184125430249999,GNG5
9358,-1.1852419137499997,ITGBL1
150094,-1.1864578879999996,SIK1
84265,-1.1864809070000017,POLR3GL
23335,-1.1870437299999992,WDR7
54,-1.1882315369999996,ACP5
10904,-1.1889093730000013,BLCAP
51101,-1.1940838967499996,ZC2HC1A
23446,-1.1953141065000006,SLC44A1
126917,-1.1995311857500002,IFFO2
90196,-1.2002726242499993,SYS1
2903,-1.20093624225,GRIN2A
1465,-1.2015880350000003,CSRP1
4323,-1.201599162750001,MMP14
6451,-1.202930916499998,SH3BGRL
51063,-1.2039622375000003,CALHM2
135114,-1.2069904667499998,HINT3
25802,-1.2117606889999997,LMOD1
6809,-1.2126807179999997,STX3
375033,-1.2135172274999988,PEAR1
400713,-1.2138064935,ZNF880
303,-1.2146570749999999,ANXA2P1
338758,-1.2154276772500001,ATP2B1-AS1
55068,-1.216654822499999,ENOX1
23208,-1.2213154257499999,SYT11
55277,-1.2217204079999995,FGGY
4008,-1.2222779495,LMO7
10039,-1.2229806829999994,PARP3
55719,-1.2246965835,SLF2
3176,-1.2249621397499997,HNMT
84708,-1.2250957087500005,LNX1
8745,-1.22569205425,ADAM23
51646,-1.2271094665,YPEL5
57146,-1.2271966215,LDAF1
56672,-1.2275319267500002,AKIP1
10455,-1.2277065900000004,ECI2
25901,-1.2288803005000002,CCDC28A
65981,-1.2292104740000003,CAPRIN2
130617,-1.2298174139999993,ZFAND2B
56603,-1.2305636464999998,CYP26B1
10417,-1.2317631472500001,SPON2
10725,-1.2319560867499995,NFAT5
90427,-1.2325517562500004,BMF
25827,-1.2325667002500014,FBXL2
81532,-1.2327526487499991,MOB2
9120,-1.2341726704999996,SLC16A6
83734,-1.2345859262499994,ATG10
4320,-1.2360283952499995,MMP11
5801,-1.2363931022499997,PTPRR
7538,-1.2384188602500004,ZFP36
23636,-1.2396389674999995,NUP62
55745,-1.2402838734999992,AP5M1
267004,-1.2411161922499998,PGBD3
51696,-1.24388561575,HECA
6744,-1.2449038067499991,ITPRID2
51246,-1.2465247552499994,SHISA5
5002,-1.2465654857499997,SLC67A1
9896,-1.2466724659999988,FIG4
201134,-1.2490778247500005,CEP112
669,-1.2523132752500015,BPGM
57707,-1.2538767275000007,MEAK7
6249,-1.2547051884999982,CLIP1
965,-1.2566323587500001,CD58
5420,-1.2571585975000001,PODXL
5412,-1.257774802750001,UBL3
148304,-1.2582990019999993,C1orf74
5465,-1.2595119295000003,PPARA
7216,-1.2635828115,TRO
118672,-1.2644307002500002,PSTK
65018,-1.2646800432500003,PINK1
2495,-1.2654787924999997,FTH1
29887,-1.2659451222499998,SNX10
64750,-1.2662934099999994,SMURF2
7068,-1.2663408170000006,THRB
23102,-1.269191768749999,TBC1D2B
127124,-1.2692162434999998,ATP6V1G3
23355,-1.270171884249999,VPS8
51135,-1.2702725342500005,IRAK4
8853,-1.2712377740000012,ASAP2
23500,-1.273716802000001,DAAM2
23608,-1.2737346155000013,MKRN1
6674,-1.2741500045,SPAG1
284207,-1.2775612377499996,METRNL
5270,-1.2778667877499998,SERPINE2
144501,-1.2781342240000004,KRT80
64167,-1.280145042,ERAP2
5998,-1.2806047317500004,RGS3
677,-1.2819329934999995,ZFP36L1
10944,-1.2850294517500007,C11orf58
339745,-1.2854832737499997,SPOPL
84251,-1.2870812355000005,SGIP1
27244,-1.2877279119999994,SESN1
26503,-1.2878062024999988,SLC17A5
10179,-1.2878222755,RBM7
4258,-1.2887068212500008,MGST2
7920,-1.29104100075,ABHD16A
53827,-1.2911446215,FXYD5
3725,-1.2918424322500002,JUN
79158,-1.2918904802500002,GNPTAB
80700,-1.292988394,UBXN6
23635,-1.2939042652499992,SSBP2
79442,-1.2963549725000005,LRRC2
6513,-1.2999464712499997,SLC2A1
8351,-1.30201353075,H3C4
10384,-1.3066914015000002,BTN3A3
11120,-1.3087097309999995,BTN2A1
56940,-1.30884801975,DUSP22
91351,-1.311298022,DDX60L
27072,-1.31140254575,VPS41
84168,-1.3117297605000005,ANTXR1
686,-1.3120898245000001,BTD
81544,-1.316388002,GDPD5
399959,-1.3188862972500015,MIR100HG
51177,-1.32015048475,PLEKHO1
55773,-1.32024258725,TBC1D23
151887,-1.320718607749999,CCDC80
2582,-1.3211376324999997,GALE
147372,-1.3237597767499998,CCBE1
2535,-1.3246728647500001,FZD2
79630,-1.3282328535000012,C1orf54
5738,-1.33014521475,PTGFRN
376267,-1.331533316999999,RAB15
7424,-1.34161766125,VEGFC
92521,-1.3435427105000004,SPECC1
7126,-1.3440706749999993,TNFAIP1
5980,-1.3455933264999995,REV3L
10493,-1.3457772644999988,VAT1
6324,-1.3502800217499997,SCN1B
9961,-1.3505996007499999,MVP
2135,-1.3521979585000015,EXTL2
541565,-1.3526634159999995,C8orf58
169792,-1.353172292750001,GLIS3
4012,-1.3537736364999997,LNPEP
114327,-1.3554111254999999,EFHC1
154214,-1.3561605197499995,RNF217
51071,-1.3577934000000003,DERA
6535,-1.35828956325,SLC6A8
50640,-1.3585236462499992,PNPLA8
9122,-1.36086139975,SLC16A4
3815,-1.36203734325,KIT
112812,-1.3623816395000006,FDX2
677769,-1.3628322197500005,SCARNA17
7168,-1.3635278325000009,TPM1
9052,-1.3673176867499999,GPRC5A
80127,-1.3676936875,BBOF1
93953,-1.3689998572500004,GCNA
4856,-1.3693462952500006,CCN3
145788,-1.3706727812500006,PIERCE2
83442,-1.3706741260000008,SH3BGRL3
2110,-1.3715051977500003,ETFDH
51024,-1.3728303205000003,FIS1
8653,-1.3737722205000003,DDX3Y
143872,-1.3737746275000005,ARHGAP42
7499,-1.3740023900000002,XG
196074,-1.3750781902500009,METTL15
54809,-1.3773992622500004,SAMD9
84888,-1.3780516372499996,SPPL2A
83719,-1.3791490855,YPEL3
1616,-1.3801474347500005,DAXX
9262,-1.381273574749999,STK17B
4814,-1.3825881397500002,NINJ1
23673,-1.3855578850000025,STX12
5092,-1.3870879834999998,PCBD1
9577,-1.388432085749999,BABAM2
1613,-1.3904976582500002,DAPK3
10150,-1.3955350977499998,MBNL2
306,-1.3976501807500004,ANXA3
4147,-1.4017365784999996,MATN2
80007,-1.4045793344999993,C10orf88
83892,-1.4062032587499989,KCTD10
50865,-1.4065903147500016,HEBP1
115201,-1.4067063372500002,ATG4A
56255,-1.4086664887500007,TMX4
11080,-1.4118040045000004,DNAJB4
23646,-1.4121467912499996,PLD3
7042,-1.4125657387500006,TGFB2
7091,-1.4243921677499998,TLE4
4126,-1.4244035839999993,MANBA
5997,-1.4266145942499993,RGS2
87,-1.426891379999999,ACTN1
79991,-1.42881377325,STN1
25847,-1.4288285315000007,ANAPC13
26278,-1.4291211245,SACS
683,-1.429633697749999,BST1
57724,-1.4317983972500006,EPG5
375190,-1.4321474804999994,FAM228B
4739,-1.4336815372499991,NEDD9
151556,-1.4336937605000002,GPR155
54704,-1.4370993062499995,PDP1
6584,-1.4374088280000006,SLC22A5
9648,-1.4385184467500007,GCC2
6352,-1.4413373422499998,CCL5
55313,-1.4414245797499987,CPPED1
11145,-1.4422058060000005,PLAAT3
7096,-1.4432928707500001,TLR1
85027,-1.4438016774999998,SMIM3
114112,-1.4443680732500006,TXNRD3
10457,-1.44741795975,GPNMB
51380,-1.4490845495000002,CSAD
6672,-1.4495834207500007,SP100
643155,-1.4508450580000005,SMIM15
158471,-1.4528512292499993,PRUNE2
440,-1.4533985647499996,ASNS
80216,-1.4558567200000003,ALPK1
10231,-1.45733132225,RCAN2
26289,-1.4580582842499998,AK5
256987,-1.4609006502500002,SERINC5
5649,-1.4617369802499995,RELN
643977,-1.4619190714999992,FLJ32255
79875,-1.4629698595000007,THSD4
9466,-1.4633047477499996,IL27RA
2123,-1.463801096,EVI2A
2635,-1.4647738952500013,GBP3
130355,-1.4658528234999997,C2orf76
65258,-1.4673488175000005,MPPE1
3140,-1.4677034345000006,MR1
219738,-1.47418975125,FAM241B
3434,-1.4758492599999986,IFIT1
224,-1.4759778299999997,ALDH3A2
11127,-1.4802699257499992,KIF3A
51635,-1.4821624504999988,DHRS7
3155,-1.4852101012500007,HMGCL
7286,-1.485522511500001,TUFT1
3300,-1.4877132142500002,DNAJB2
26091,-1.4884058964999989,HERC4
23255,-1.489600192000001,MTCL1
100287616,-1.4915036327499998,LOXL1-AS1
1318,-1.50003265475,SLC31A2
79899,-1.50117918625,PRR5L
22836,-1.5031794200000022,RHOBTB3
10007,-1.505747016249999,GNPDA1
59353,-1.50972559575,TMEM35A
8837,-1.5105091515,CFLAR
23424,-1.511840896499999,TDRD7
51202,-1.5144407299999987,DDX47
56937,-1.5185794594999997,PMEPA1
27303,-1.5208497442500004,RBMS3
10325,-1.5230743739999992,RRAGB
3491,-1.5238758125000018,CCN1
255928,-1.5263270320000002,SYT14
84830,-1.5299847985000001,ADTRP
25945,-1.5312598215,NECTIN3
257364,-1.5336999809999998,SNX33
6675,-1.534034737999999,UAP1
253461,-1.5356483077499998,ZBTB38
115548,-1.5425655584999998,FCHO2
6609,-1.5441459625,SMPD1
135112,-1.5463138677499995,NCOA7
5332,-1.5486098225000005,PLCB4
23345,-1.5535678860000002,SYNE1
27122,-1.5547269000000004,DKK3
55296,-1.5571345709999993,TBC1D19
6785,-1.5579003294999993,ELOVL4
8974,-1.561132259499999,P4HA2
51667,-1.5638064699999976,NUB1
80854,-1.566486756999998,SETD7
10981,-1.5670630550000002,RAB32
4312,-1.5681321039999996,MMP1
81698,-1.5697184909999997,LINC00597
6890,-1.5703006399999992,TAP1
66035,-1.5727287852499998,SLC2A11
126820,-1.5738865774999997,DNAI3
79762,-1.5739432517500003,C1orf115
10371,-1.574739494500001,SEMA3A
6548,-1.5779133014999998,SLC9A1
2335,-1.5823661174999977,FN1
4017,-1.5845312537499998,LOXL2
56987,-1.584829138999999,BBX
339665,-1.5855470989999993,SLC35E4
56129,-1.5855608012500007,PCDHB7
9404,-1.5904641722500004,LPXN
144811,-1.5935025982499997,LACC1
8492,-1.594232497000001,PRSS12
100292680,-1.5959794577500004,LINC00942
64123,-1.5960244795000005,ADGRL4
1289,-1.5962702234999995,COL5A1
3576,-1.5991074424999998,CXCL8
84679,-1.5994982120000003,SLC9A7
857,-1.60033123,CAV1
55357,-1.60048008475,TBC1D2
84791,-1.6013279062500008,LINC00467
91526,-1.6039151715000002,ANKRD44
93109,-1.6050207710000004,TMEM44
57185,-1.6070023352500007,NIPAL3
59277,-1.6099155077500011,NTN4
57162,-1.6101429879999989,PELI1
8291,-1.6126936955000009,DYSF
56898,-1.6141004332500004,BDH2
91452,-1.6170614697499985,ACBD5
8412,-1.6201145057499993,BCAR3
4330,-1.6202440342499997,MN1
57608,-1.6209119559999996,JCAD
54858,-1.6221178985000004,PGPEP1
166614,-1.6223034037500006,DCLK2
4883,-1.6242554404999998,NPR3
55314,-1.6243072732500003,TMEM144
196394,-1.6297672729999997,AMN1
23586,-1.6325812047500001,RIGI
6303,-1.6332945875,SAT1
7466,-1.6342783370000005,WFS1
344558,-1.6345051012500003,SH3RF3
132430,-1.6356829832500002,PABPC4L
2274,-1.6359508525000006,FHL2
6237,-1.6360172907500008,RRAS
221895,-1.63635066325,JAZF1
7421,-1.6414331317499995,VDR
27,-1.64277902125,ABL2
7325,-1.64332795325,UBE2E2
55777,-1.6453076434999998,MBD5
55848,-1.6466523772499997,PLGRKT
23528,-1.6469577652499998,ZNF281
3958,-1.6499104990000006,LGALS3
100289341,-1.6520698672500003,MAN1B1-DT
331,-1.6595182645,XIAP
51084,-1.6620541109999998,CRYL1
6884,-1.6621857419999992,TAF13
27040,-1.6627629785,LAT
140809,-1.6631943482500002,SRXN1
84886,-1.6635584254999998,C1orf198
84102,-1.6646697105000001,SLC41A2
8436,-1.6719843737499995,CAVIN2
8339,-1.6720592559999998,H2BC8
79745,-1.67391834825,CLIP4
126969,-1.6756188137499999,SLC44A3
123879,-1.6800697324999998,DCUN1D3
11098,-1.6871514574999988,PRSS23
2743,-1.6882660417499995,GLRB
9710,-1.6888503455000006,GARRE1
201266,-1.6889337279999994,SLC39A11
285761,-1.6894374257500004,DCBLD1
166929,-1.6950789092500003,SGMS2
51334,-1.6965990410000003,PRR16
2014,-1.7004134627500003,EMP3
1666,-1.7015546157499983,DECR1
83464,-1.7028034412500004,APH1B
56130,-1.7032480045000007,PCDHB6
389792,-1.7037868327500005,IER5L
93349,-1.7041589840000002,SP140L
1278,-1.7096346670000004,COL1A2
5066,-1.7181277700000006,PAM
523,-1.7198305609999984,ATP6V1A
132299,-1.7273324339999991,OCIAD2
4627,-1.728089712500001,MYH9
120227,-1.7281058319999998,CYP2R1
100131564,-1.7335484877500003,CCDC18-AS1
51136,-1.7364892347499996,RNFT1
9586,-1.73875211875,CREB5
79940,-1.7488311574999997,LINC00472
6414,-1.7537003885000004,SELENOP
122553,-1.75693377275,TRAPPC6B
79674,-1.7587122162499993,VEPH1
22800,-1.7604786235000027,RRAS2
11149,-1.7625219989999996,POPDC1
8612,-1.7644273935000006,PLPP2
7123,-1.7659596242500002,CLEC3B
2074,-1.766088301,ERCC6
79884,-1.7694419090000002,MAP9
4675,-1.7723617475000006,NAP1L3
3489,-1.7741715942499994,IGFBP6
7077,-1.7758739939999995,TIMP2
2517,-1.7775454654999994,FUCA1
8614,-1.7794906674999993,STC2
145438,-1.78019683675,FRMD6-AS1
51560,-1.7821351662499998,RAB6B
5792,-1.783080228000001,PTPRF
283219,-1.7848530880000002,KCTD21
84993,-1.7932398454999996,UBL7
538,-1.7961952790000009,ATP7A
26031,-1.7983085105,OSBPL3
131566,-1.8023017077500008,DCBLD2
3437,-1.804618916999999,IFIT3
84848,-1.8054951805,MIR503HG
7188,-1.8097478285000008,TRAF5
26056,-1.8151406015000005,RAB11FIP5
58538,-1.81574288925,MPP4
4222,-1.8162898882499996,MEOX1
1601,-1.81762791425,DAB2
3659,-1.8238661440000001,IRF1
80781,-1.8256414465000006,COL18A1
3433,-1.8372784095,IFIT2
57460,-1.851260356500001,PPM1H
4162,-1.8514571837499991,MCAM
65983,-1.8596548712499992,GRAMD2B
27152,-1.8597607007499999,INTU
154091,-1.8639249387499994,SLC2A12
84216,-1.8648457205000009,TMEM117
27123,-1.866603886,DKK2
7128,-1.8697160165,TNFAIP3
6446,-1.8729619074999988,SGK1
3431,-1.8778991825000002,SP110
3600,-1.8784578782500008,IL15
114769,-1.88312553075,CARD16
100507487,-1.88407212,LINC02615
3897,-1.88421375375,L1CAM
23169,-1.8910243827499995,SLC35D1
59,-1.8945866500000008,ACTA2
11077,-1.8946439794999996,HSF2BP
6347,-1.9025532572500001,CCL2
221662,-1.9064723697499995,RBM24
5654,-1.9085394995000016,HTRA1
3426,-1.9088686607500005,CFI
1893,-1.9113280752500001,ECM1
3570,-1.9141697224999996,IL6R
84962,-1.9143027587500008,AJUBA
6575,-1.9144856094999998,SLC20A2
1950,-1.9190460679999992,EGF
258010,-1.92044381925,SVIP
1647,-1.9254838690000007,GADD45A
1880,-1.92576296925,GPR183
1519,-1.9337738287499997,CTSO
114876,-1.93476031375,OSBPL1A
8710,-1.9353905239999998,SERPINB7
89795,-1.9360341767499998,NAV3
3675,-1.9370819617499997,ITGA3
51715,-1.9407622392500006,RAB23
834,-1.941225417000001,CASP1
10211,-1.9420739175000001,FLOT1
3269,-1.9437648757500012,HRH1
57616,-1.9440238454999994,TSHZ3
26137,-1.9549011892500001,ZBTB20
8464,-1.9558369075000006,SUPT3H
143903,-1.9562146350000007,LAYN
5507,-1.9657902909999994,PPP1R3C
53349,-1.9660957402500001,ZFYVE1
1728,-1.9664606075000002,NQO1
3012,-1.9728624529999998,H2AC8
80210,-1.9747817747500003,ARMC9
55301,-1.9772395400000002,OLAH
375449,-1.9841018782500002,MAST4
54796,-1.9854679605000003,BNC2
1839,-1.9861823345000005,HBEGF
64288,-1.9873521952499997,ZSCAN31
9516,-1.9891995704999994,LITAF
81855,-1.9948879107500002,SFXN3
8821,-1.9955880915000002,INPP4B
254228,-1.9964376142500009,CALHM5
301,-2.0071713925,ANXA1
115825,-2.00738702775,WDFY2
644538,-2.0086105399999994,SMIM10
3017,-2.0087072367500003,H2BC5
5552,-2.0116201875,SRGN
196051,-2.01479933375,PLPP4
4502,-2.0170261200000006,MT2A
1739,-2.0188750984999997,DLG1
55281,-2.0218025075,TMEM140
22808,-2.023669544,MRAS
51099,-2.0296095459999997,ABHD5
100507507,-2.0304785582500013,FAM131B-AS2
9823,-2.03101051375,ARMCX2
10924,-2.032082182250001,SMPDL3A
1540,-2.037889348,CYLD
51474,-2.0378917409999993,LIMA1
1264,-2.04014165875,CNN1
4837,-2.0493716765,NNMT
5669,-2.0550932357500002,PSG1
130733,-2.0583839607500005,TMEM178A
10602,-2.0592240667499997,CDC42EP3
27147,-2.0618920055000003,DENND2A
9525,-2.0698217409999984,VPS4B
288,-2.0725623605,ANK3
63874,-2.0798187167499993,ABHD4
10769,-2.0807794699999995,PLK2
1687,-2.0850977660000005,GSDME
2152,-2.085434822750001,F3
631,-2.0867832582499997,BFSP1
192669,-2.0932254675,AGO3
90102,-2.0993993435,PHLDB2
221,-2.1022019704999995,ALDH3B1
51330,-2.1040189965000007,TNFRSF12A
7046,-2.10411691075,TGFBR1
84909,-2.1045928377499994,AOPEP
22936,-2.105541884000001,ELL2
200316,-2.1103526005000006,APOBEC3F
116441,-2.1149537755,TM4SF18
64080,-2.1198140629999997,RBKS
3887,-2.1267689757499992,KRT81
10561,-2.1333202342499993,IFI44
23012,-2.1344535342500013,STK38L
3995,-2.145074652249999,FADS3
221468,-2.1473087692500004,TMEM217
56000,-2.14957444925,NXF3
5791,-2.1528357075000004,PTPRE
23643,-2.15746741475,LY96
6653,-2.158943774999999,SORL1
153222,-2.1632167535000004,CREBRF
837,-2.1805263772499996,CASP4
117248,-2.184012119250001,GALNT15
3223,-2.1895596339999983,HOXC6
2246,-2.1899872197500003,FGF1
390,-2.192981496999998,RND3
79669,-2.1978240870000008,C3orf52
10079,-2.2086639567500015,ATP9A
5865,-2.2115925002499996,RAB3B
23327,-2.2292880007500004,NEDD4L
26471,-2.237971933500001,NUPR1
51200,-2.2393989219999995,CPA4
91624,-2.2400425055,NEXN
9645,-2.2550495505000008,MICAL2
60494,-2.258001191,CCDC81
84674,-2.2642222200000006,CARD6
7791,-2.2702584470000007,ZYX
161582,-2.2754847632499997,DNAAF4
7357,-2.2787956307500004,UGCG
3624,-2.2897220030000005,INHBA
10133,-2.29350052875,OPTN
2744,-2.3077958355000003,GLS
283104,-2.3138434357500004,SBF2-AS1
56944,-2.3234190442500005,OLFML3
5154,-2.3317396185000003,PDGFA
9915,-2.3492248924999997,ARNT2
4256,-2.350894595499998,MGP
151963,-2.354975801750001,MB21D2
347902,-2.35565336,AMIGO2
10628,-2.3666089765000002,TXNIP
344595,-2.3841286112499995,DUBR
11096,-2.3877476797499995,ADAMTS5
64208,-2.3884037410000003,POPDC3
3892,-2.40533487275,KRT86
5565,-2.418193816999999,PRKAB2
55733,-2.4230260032500004,HHAT
3592,-2.4329564644999992,IL12A
54873,-2.4607326257499995,PALMD
55332,-2.4686724924999996,DRAM1
25797,-2.468812216750001,QPCT
137872,-2.4695283644999995,ADHFE1
4603,-2.470949498999998,MYBL1
767,-2.4739141300000003,CA8
283209,-2.4754776717499984,PGM2L1
4907,-2.4984537512500005,NT5E
11010,-2.5209644860000004,GLIPR1
122786,-2.5366862450000003,FRMD6
115207,-2.5380695729999996,KCTD12
26191,-2.5386827599999995,PTPN22
11174,-2.5451964185000002,ADAMTS6
25966,-2.54618982375,C2CD2
730091,-2.54711318725,LINC00886
84166,-2.551146051000001,NLRC5
4734,-2.569205171000001,NEDD4
285758,-2.57413461375,MROCKI
8972,-2.5784263667499996,MGAM
25976,-2.5857082884999976,TIPARP
5795,-2.5980776287499996,PTPRJ
7292,-2.6011039492499997,TNFSF4
241,-2.6122630244999994,ALOX5AP
3006,-2.6218064214999997,H1-2
4638,-2.6489415670000014,MYLK
4053,-2.6507435279999996,LTBP2
6273,-2.67522141075,S100A2
51778,-2.6907946725,MYOZ2
5678,-2.692236060749999,PSG9
7857,-2.7011543855000006,SCG2
1845,-2.70628503975,DUSP3
26509,-2.7264591915,MYOF
54843,-2.747288933,SYTL2
9762,-2.7482717470000004,LZTS3
1281,-2.759373238500002,COL3A1
151760,-2.8278229155000005,LOC151760
122525,-2.8443463747500006,DORIP1
81788,-2.8611223072499996,NUAK2
645638,-2.8792457447500004,WFDC21P
4879,-2.9216117510000004,NPPB
5891,-2.934753537,MOK
401093,-2.9363367919999996,MBNL1-AS1
23657,-2.9477709794999996,SLC7A11
6447,-2.9692327779999985,SCG5
54981,-2.9698346177499992,NMRK1
8038,-2.980826866249999,ADAM12
6876,-2.9808876825000006,TAGLN
64859,-2.99476911175,NABP1
11343,-3.0105234112500003,MGLL
3914,-3.0122265302499995,LAMB3
6000,-3.0309504645,RGS7
1359,-3.04055790425,CPA3
4643,-3.04516583675,MYO1E
9518,-3.045376889,GDF15
10468,-3.0522604192499996,FST
22943,-3.0562319472500015,DKK1
3162,-3.0737279235,HMOX1
1591,-3.0738070962499995,CYP24A1
115908,-3.0879320192499993,CTHRC1
719,-3.0932955772499997,C3AR1
1277,-3.1106178364999995,COL1A1
8365,-3.1708023649999992,H4C8
10631,-3.1864051070000006,POSTN
7164,-3.23074050575,TPD52L1
3488,-3.2554126435000006,IGFBP5
1958,-3.2632461087499998,EGR1
5327,-3.30307646275,PLAT
1827,-3.3227343634999986,RCAN1
10234,-3.33859559225,LRRC17
25890,-3.3391044620000008,ABI3BP
81029,-3.34772690325,WNT5B
388115,-3.3675770740000006,CCDC9B
2633,-3.370466735,GBP1
2634,-3.3854001515,GBP2
23670,-3.3999321499999997,CEMIP2
83468,-3.4008409022499997,GLT8D2
57574,-3.4193675569999997,MARCHF4
5205,-3.4239585334999987,ATP8B1
2151,-3.4636778139999995,F2RL2
26002,-3.471070867750001,MOXD1
4314,-3.503637383,MMP3
130576,-3.5104379452499996,LYPD6B
728192,-3.52272591025,LINC00460
2621,-3.524451096500001,GAS6
201799,-3.54912633075,TMEM154
6583,-3.6123456935,SLC22A4
5672,-3.6221527077500006,PSG4
23213,-3.7178100579999995,SULF1
72,-3.753480732,ACTG2
7045,-3.8751900455,TGFBI
27063,-3.9129361395,ANKRD1
5673,-3.9166731089999995,PSG5
114801,-3.9434095422500004,TMEM200A
29126,-3.96111146525,CD274
100505592,-3.9717096107499996,GAPLINC
3486,-4.1303375055,IGFBP3
56911,-4.2014791787500005,MAP3K7CL
11259,-4.229722104750001,FILIP1L
4982,-4.23796596275,TNFRSF11B
84419,-4.261183378249999,COXFA4L3
8605,-4.313602072749999,PLA2G4C
10123,-4.395292072750001,ARL4C
9241,-4.46599736025,NOG
316,-4.53602038325,AOX1
81035,-4.5613771655,COLEC12
2660,-4.704025244999999,MSTN
55287,-4.746344389,TMEM40
5328,-4.783032520249999,PLAU
5054,-4.87601193875,SERPINE1
3357,-5.171903851499999,HTR2B
9076,-5.32846535275,CLDN1
5021,-5.526122440500002,OXTR
3490,-5.74353952675,IGFBP7
57214,-6.11255401975,CEMIP
1906,-6.6154819272499985,EDN1
730755,-6.842348302250001,KRTAP2-3
